idx,seed,dataset,accuracy_fp32,accuracy_esp,key,espdl_size_bytes,torch_size_bytes
763,888,cifar10,75.55,18.68,200,242080,781395
931,888,cifar10,62.55,15.64,200,182640,548426
1296,888,cifar10,73.62,30.27,200,174976,531096
113,888,cifar10,87.09,71.13,0,222368,750581
752,888,cifar10,92.7,15.45,200,573008,2272401
698,888,cifar10,92.55,91.86,200,723760,2922987
1184,888,cifar10,70.09,16.29,200,161968,622592
1206,888,cifar10,87.12,61.75,200,213968,754595
842,888,cifar10,92.25,91.87,200,436848,1593687
1308,888,cifar10,80.41,36.87,200,232608,754659
390,888,cifar10,75.57,63.03,200,187904,553554
774,888,cifar10,91.49,90.28,200,718112,2922731
313,888,cifar10,75.74,63.43,200,180112,578096
280,888,cifar10,79.57,33.54,200,230304,755363
369,888,cifar10,90.7,89.52,200,723312,2723217
665,888,cifar10,91.76,91.59,200,444544,1612085
529,888,cifar10,90.03,35.2,200,264624,961109
830,888,cifar10,78.91,42.84,200,424592,1629901
1116,888,cifar10,75.27,26.89,200,444896,1621475
956,888,cifar10,89.09,88.62,200,244176,783619
687,888,cifar10,85.49,75.09,200,216976,792619
124,888,cifar10,92.12,92.0,0,461024,1817237
708,888,cifar10,92.84,92.86,200,1002816,3994193
44,888,cifar10,79.06,66.0,0,240816,771049
481,888,cifar10,86.71,58.61,200,256928,998091
195,888,cifar10,89.92,89.74,0,435936,1617525
720,888,cifar10,91.79,23.29,200,1019776,4000849
1220,888,cifar10,92.04,91.89,200,449840,1628067
1276,888,cifar10,80.13,45.14,200,227792,803543
421,888,cifar10,91.54,91.41,200,442960,1617525
1230,888,cifar10,78.87,50.45,200,436576,1670359
1334,888,cifar10,89.25,85.81,200,271008,1009093
564,888,cifar10,87.28,69.04,200,448112,1833837
88,888,cifar10,88.59,9.74,0,323920,1183537
492,888,cifar10,92.2,92.01,200,697456,2677397
864,888,cifar10,86.96,84.34,200,262896,985843
1411,888,cifar10,79.83,12.01,200,426256,1656720
786,888,cifar10,88.61,77.98,200,248832,781715
675,888,cifar10,65.7,16.21,200,202544,601550
1095,888,cifar10,90.1,88.87,200,315920,997995
633,888,cifar10,86.7,10.0,200,306528,991795
732,888,cifar10,93.52,93.29,200,1030432,4240551
1355,888,cifar10,86.56,60.08,200,471952,1862462
259,888,cifar10,89.15,86.01,200,506864,1844329
899,888,cifar10,75.52,64.4,200,448320,1650947
302,888,cifar10,83.54,45.31,200,240192,796515
552,888,cifar10,10.0,10.0,200,495120,1835413
909,888,cifar10,90.04,87.8,200,494400,1843453
134,888,cifar10,90.31,87.37,0,332368,1209457
1401,888,cifar10,84.62,80.79,200,499248,1869381
357,888,cifar10,87.02,76.52,200,451136,1856011
597,888,cifar10,91.29,90.76,200,498240,1845939
576,888,cifar10,87.58,68.18,200,371936,1414993
1378,888,cifar10,91.43,91.29,200,520256,1851755
446,888,cifar10,93.09,92.53,200,554592,2267467
1366,888,cifar10,91.83,92.07,200,737744,2711979
400,888,cifar10,92.28,92.22,200,737072,2707571
324,888,cifar10,82.48,10.0,200,285920,1027759
504,888,cifar10,90.22,88.01,200,485104,1880809
999,888,cifar10,91.46,90.07,200,531040,2072307
1073,888,cifar10,93.0,92.72,200,750848,2909785
31,888,cifar10,91.05,89.19,0,478464,1859037
989,888,cifar10,85.28,47.03,200,472976,1885487
1137,888,cifar10,90.28,88.41,200,504400,2092294
819,888,cifar10,91.02,89.99,200,523248,2087561
1059,888,cifar10,93.4,93.25,200,516608,2074419
1159,888,cifar10,87.53,71.4,200,672320,2722238
541,888,cifar10,93.73,93.63,200,734672,3127691
1241,888,cifar10,89.85,29.93,200,491120,1868357
979,888,cifar10,90.95,91.09,200,729936,2715645
270,888,cifar10,87.96,85.33,200,498128,1884713
20,888,cifar10,89.97,67.78,0,709408,2718237
1427,888,cifar10,91.45,88.2,200,564528,2298228
753,888,cifar10,84.15,83.25,200,211680,727575
169,888,cifar10,88.46,84.57,0,494144,1887855
1286,888,cifar10,88.49,84.6,200,746944,2736133
516,888,cifar10,85.97,73.68,200,696976,2741609
249,888,cifar10,92.43,92.22,0,552720,2075249
336,888,cifar10,91.1,88.39,200,744912,2927985
1105,888,cifar10,93.14,93.1,200,793696,2941811
1084,888,cifar10,93.53,93.43,200,792496,3140833
889,888,cifar10,91.21,90.09,200,759152,2931059
943,888,cifar10,86.6,10.0,200,766512,2938355
1345,888,cifar10,91.79,90.2,200,549232,2099661
469,888,cifar10,92.42,90.92,200,536848,2093327
1254,888,cifar10,90.99,90.27,200,544432,2099533
1046,888,cifar10,93.11,93.12,200,749184,2940595
1034,888,cifar10,92.56,92.15,200,824016,3146593
1010,888,cifar10,92.91,92.6,200,983232,4000801
10,888,cifar10,10.0,10.0,0,969920,3773453
1126,888,cifar10,90.99,89.35,200,738832,2959693
1389,888,cifar10,91.05,89.19,200,740000,2977376
158,888,cifar10,92.74,91.94,0,785584,3157551
238,888,cifar10,92.17,91.39,0,764272,2953103
586,888,cifar10,93.1,92.87,200,798864,3157231
67,888,cifar10,93.36,93.25,0,1024096,4211972
609,888,cifar10,93.36,93.05,200,971760,4011753
147,888,cifar10,93.15,92.64,0,995344,4010409
411,888,cifar10,92.96,92.89,200,1033600,4222607
655,888,cifar10,94.03,93.91,200,1227808,4854289
852,888,cifar10,93.2,93.16,200,1035136,4222159
808,888,cifar10,92.34,91.79,200,781392,3174535
777,888,cifar10,86.98,86.69,200,432880,1642771
957,888,cifar10,68.88,22.65,200,166064,523982
1149,888,cifar10,92.42,92.2,200,1013632,4024955
206,888,cifar10,91.82,91.63,0,402080,1587095
370,888,cifar10,92.49,92.39,200,554608,2046163
709,888,cifar10,89.67,31.83,200,516896,2044691
1221,888,cifar10,62.86,10.0,200,188416,548914
45,888,cifar10,89.24,88.67,0,204688,729829
699,888,cifar10,94.08,94.11,200,791680,3133329
1309,888,cifar10,86.75,57.52,200,235440,779005
381,888,cifar10,91.0,90.49,200,806080,3157615
932,888,cifar10,92.18,91.45,200,485536,1843517
1207,888,cifar10,92.07,50.68,200,500224,1826897
743,888,cifar10,81.81,77.17,200,228736,782611
721,888,cifar10,92.86,92.64,200,747904,2905875
260,888,cifar10,86.25,73.06,200,208432,765213
1231,888,cifar10,73.56,17.94,200,234112,779005
733,888,cifar10,93.1,93.18,200,534464,2068401
125,888,cifar10,90.1,87.27,0,288016,981363
1297,888,cifar10,92.23,91.35,200,724992,2928044
879,888,cifar10,10.0,10.0,200,440944,1630709
347,888,cifar10,88.61,17.92,200,525296,2067889
493,888,cifar10,89.77,89.14,200,294576,979827
114,888,cifar10,89.87,89.45,0,695072,2706611
1412,888,cifar10,84.66,69.88,200,227984,803543
530,888,cifar10,72.82,16.81,200,448160,1641043
900,888,cifar10,87.97,10.0,200,272768,982269
89,888,cifar10,91.93,91.36,0,469936,1835909
196,888,cifar10,86.52,86.21,0,489440,1829717
314,888,cifar10,92.18,52.61,200,762304,2906387
219,888,cifar10,93.19,93.18,0,513680,1830037
865,888,cifar10,89.16,86.49,200,280944,986483
799,888,cifar10,82.33,26.61,200,246592,798961
358,888,cifar10,92.2,91.91,200,767776,2935473
423,888,cifar10,84.97,55.52,200,266928,1021609
482,888,cifar10,88.16,86.05,200,525696,1853235
32,888,cifar10,92.4,92.16,0,484224,1811353
505,888,cifar10,90.09,31.82,200,307920,1183827
621,888,cifar10,91.56,89.58,200,560416,2291241
890,888,cifar10,88.75,87.31,200,284176,958145
1117,888,cifar10,89.4,10.97,200,588000,2280801
401,888,cifar10,87.65,79.49,200,446672,1832749
303,888,cifar10,89.54,87.52,200,315488,1204975
1185,888,cifar10,91.29,12.51,200,813488,3147233
565,888,cifar10,91.66,89.54,200,695024,2700595
755,888,cifar10,90.48,83.65,200,713152,2748783
337,888,cifar10,88.56,88.04,200,463744,1809487
101,888,cifar10,88.44,87.72,0,447744,1809167
229,888,cifar10,86.11,81.35,0,234048,782611
676,888,cifar10,85.25,83.11,200,562304,2074033
787,888,cifar10,92.16,91.48,200,527488,2068337
1,888,cifar10,93.63,93.09,0,928960,3768065
1085,888,cifar10,75.55,15.7,200,441040,1621091
292,888,cifar10,91.13,89.8,200,536880,2088943
553,888,cifar10,86.47,60.03,200,459632,1880873
1323,888,cifar10,10.0,10.0,200,277712,997995
79,888,cifar10,92.26,59.02,0,495584,1814085
1106,888,cifar10,86.67,47.95,200,224512,779005
447,888,cifar10,88.63,85.28,200,473248,1642643
1367,888,cifar10,91.94,91.72,200,755552,2917337
666,888,cifar10,92.45,26.12,200,832960,3362703
1000,888,cifar10,93.28,93.2,200,733376,2910553
1356,888,cifar10,92.63,55.25,200,770656,2917465
271,888,cifar10,85.54,42.71,200,460400,1656931
1060,888,cifar10,90.49,89.14,200,337104,1214643
371,888,cifar10,91.04,88.96,200,450928,1641811
843,888,cifar10,92.21,91.54,200,1012176,4018287
968,888,cifar10,89.19,21.1,200,542544,2053687
391,888,cifar10,92.01,91.52,200,1187344,4871913
765,888,cifar10,88.38,82.16,200,434656,1611893
933,888,cifar10,10.0,10.0,200,140544,519442
250,888,cifar10,93.88,93.69,0,715920,2683221
990,888,cifar10,92.25,91.99,200,559760,2277549
710,888,cifar10,84.89,81.4,200,477984,1846643
599,888,cifar10,87.12,55.22,200,676656,2741033
325,888,cifar10,91.34,91.24,200,723328,2706995
1287,888,cifar10,92.87,92.52,200,730064,2903762
1127,888,cifar10,91.89,91.83,200,488288,1826961
1379,888,cifar10,90.28,89.55,200,386896,1444795
170,888,cifar10,88.96,88.54,0,296464,993651
645,888,cifar10,93.09,92.94,200,752256,2911443
57,888,cifar10,76.18,62.53,0,466656,1662411
1035,888,cifar10,92.81,92.61,200,501168,1844587
778,888,cifar10,92.19,32.86,200,988688,3771923
1402,888,cifar10,91.87,91.04,200,590944,2305211
922,888,cifar10,84.76,25.87,200,269216,1049131
437,888,cifar10,75.9,59.78,200,716368,2707187
21,888,cifar10,92.1,91.9,0,539216,2053005
1074,888,cifar10,90.88,37.94,200,741840,2934451
1391,888,cifar10,91.89,91.68,200,482352,1844843
68,888,cifar10,91.87,91.23,0,486960,1838853
470,888,cifar10,91.89,91.41,200,565520,2075953
910,888,cifar10,93.54,93.46,200,970768,3798515
1023,888,cifar10,92.77,35.33,200,1019520,4001185
1335,888,cifar10,93.24,93.1,200,1017664,4248892
734,888,cifar10,86.47,82.79,200,234080,783635
148,888,cifar10,92.07,91.89,0,534448,2052371
833,888,cifar10,92.16,91.86,200,525328,2045907
382,888,cifar10,92.59,92.43,200,755680,2935921
1255,888,cifar10,93.02,92.88,200,745568,2916377
458,888,cifar10,92.4,91.43,200,817024,3157807
610,888,cifar10,92.18,91.38,200,712800,2701043
820,888,cifar10,90.64,82.41,200,938224,3806665
1175,888,cifar10,91.4,90.2,200,500432,1869381
854,888,cifar10,90.92,68.91,200,497760,1845811
587,888,cifar10,93.85,93.52,200,716704,2922795
722,888,cifar10,93.81,93.65,200,986752,3987467
359,888,cifar10,88.38,86.72,200,308448,987507
1311,888,cifar10,80.1,26.77,200,243280,803671
980,888,cifar10,91.26,87.65,200,734496,2974821
901,888,cifar10,80.87,48.7,200,161376,530638
136,888,cifar10,92.07,91.76,0,1204144,4894279
348,888,cifar10,86.23,81.89,200,497216,1863953
958,888,cifar10,92.58,92.11,200,565184,2071859
809,888,cifar10,90.95,89.22,200,548960,2068593
1011,888,cifar10,92.17,47.89,200,548976,2099341
1150,888,cifar10,90.01,87.47,200,519040,2092486
656,888,cifar10,90.55,90.66,200,507264,1870673
542,888,cifar10,93.62,93.17,200,1029888,4239399
1097,888,cifar10,87.27,75.51,200,199632,747612
944,888,cifar10,92.42,91.94,200,978352,3817903
1346,888,cifar10,93.8,93.72,200,1237824,5084578
1209,888,cifar10,88.82,22.64,200,310240,1214387
207,888,cifar10,91.93,91.38,0,745248,2946505
744,888,cifar10,90.7,88.97,200,693728,2699955
1222,888,cifar10,84.91,65.84,200,673248,2746456
635,888,cifar10,75.96,63.79,200,181184,560274
11,888,cifar10,91.77,91.25,0,974368,3807185
412,888,cifar10,92.34,91.63,200,972400,4011113
1107,888,cifar10,75.63,57.99,200,175072,537752
1243,888,cifar10,89.33,89.03,200,247280,960017
494,888,cifar10,78.68,70.53,200,252896,806193
126,888,cifar10,84.58,14.86,0,255584,1021673
1232,888,cifar10,75.72,63.76,200,501392,1851307
1298,888,cifar10,91.97,22.07,200,512192,1851755
756,888,cifar10,90.09,88.32,200,338528,1454599
338,888,cifar10,90.4,89.91,200,269728,956309
115,888,cifar10,90.36,82.45,0,455888,1642707
533,888,cifar10,88.26,17.96,200,254912,996747
711,888,cifar10,89.63,89.11,200,215984,734231
58,888,cifar10,63.4,13.29,0,182624,544690
766,888,cifar10,91.01,34.98,200,574960,2273489
197,888,cifar10,91.27,89.78,0,495968,1846131
483,888,cifar10,89.67,85.54,200,491552,1840499
1118,888,cifar10,76.18,65.17,200,453504,1628067
315,888,cifar10,86.71,84.55,200,492992,1871057
90,888,cifar10,90.32,84.29,0,349568,1426840
283,888,cifar10,92.26,92.33,200,494144,2034921
800,888,cifar10,91.77,90.94,200,532896,2068721
220,888,cifar10,87.23,64.86,0,666160,2718411
1001,888,cifar10,89.48,85.64,200,221344,779005
677,888,cifar10,75.61,63.07,200,457120,1632949
622,888,cifar10,92.41,92.06,200,530496,2051219
304,888,cifar10,88.53,87.78,200,453968,1640419
880,888,cifar10,90.03,86.26,200,555200,2093391
1357,888,cifar10,90.65,90.5,200,304624,1189977
1413,888,cifar10,92.5,92.62,200,771744,3141025
272,888,cifar10,90.96,88.92,200,454848,1633763
424,888,cifar10,88.34,88.16,200,498912,1853683
566,888,cifar10,84.93,54.54,200,249632,1022377
866,888,cifar10,92.06,91.96,200,744928,2928561
555,888,cifar10,90.08,87.3,200,494304,1840563
33,888,cifar10,91.91,91.66,0,525584,2063919
1312,888,cifar10,79.79,62.93,200,146352,548914
506,888,cifar10,92.88,92.86,200,572432,2273425
402,888,cifar10,91.71,91.33,200,529152,2289129
438,888,cifar10,91.1,89.23,200,445904,1612149
701,888,cifar10,88.64,8.25,200,769680,2918867
1128,888,cifar10,91.57,90.11,200,462496,1645821
251,888,cifar10,86.45,83.77,0,427280,1652843
788,888,cifar10,85.24,80.52,200,692976,2706419
518,888,cifar10,92.32,91.9,200,536544,2043731
80,888,cifar10,92.24,92.15,0,554496,2048177
667,888,cifar10,91.19,90.59,200,501488,2062827
1403,888,cifar10,88.31,88.14,200,233184,779069
723,888,cifar10,61.43,10.0,200,182688,546898
1140,888,cifar10,86.67,11.34,200,450704,1621411
160,888,cifar10,86.53,63.59,0,453792,1634003
1288,888,cifar10,91.77,67.93,200,706416,2680273
392,888,cifar10,92.54,57.65,200,539088,2045331
1369,888,cifar10,87.3,63.35,200,473024,1887000
646,888,cifar10,87.32,67.37,200,440176,1634067
448,888,cifar10,92.21,91.9,200,719296,2707123
103,888,cifar10,92.58,92.26,0,748096,2928817
230,888,cifar10,89.49,13.03,0,617968,2501135
383,888,cifar10,88.08,86.78,200,709936,2730641
745,888,cifar10,73.42,37.36,200,158432,552402
735,888,cifar10,90.81,90.31,200,304496,1182803
1186,888,cifar10,91.02,86.37,200,732864,2952582
844,888,cifar10,93.92,93.63,200,744992,2904787
1429,888,cifar10,91.96,91.74,200,504048,1827025
1278,888,cifar10,88.55,87.15,200,489952,1851307
1392,888,cifar10,91.03,51.82,200,500400,1844779
911,888,cifar10,90.95,88.59,200,471776,1860915
2,888,cifar10,85.56,46.31,0,699248,2755057
69,888,cifar10,93.63,93.4,0,725920,2686981
1048,888,cifar10,90.32,87.5,200,518448,2092486
970,888,cifar10,86.48,85.94,200,745504,2915127
923,888,cifar10,92.16,91.2,200,716464,2702845
1075,888,cifar10,89.82,88.56,200,316736,1213811
1336,888,cifar10,90.06,88.91,200,313232,1214643
187,888,cifar10,89.1,87.27,0,286560,987379
373,888,cifar10,92.26,91.87,200,508272,2038285
712,888,cifar10,88.85,88.46,200,294304,969301
991,888,cifar10,92.52,91.52,200,757440,3154979
757,888,cifar10,87.33,66.85,200,257040,998347
22,888,cifar10,89.91,84.59,0,496976,1882495
459,888,cifar10,91.79,90.91,200,469872,1839667
855,888,cifar10,92.1,92.16,200,518496,1840947
834,888,cifar10,75.25,23.25,200,494176,1871249
1086,888,cifar10,92.84,92.41,200,1013888,4024635
636,888,cifar10,83.6,66.94,200,438240,1593623
657,888,cifar10,86.31,85.72,200,466736,1823061
293,888,cifar10,93.13,93.05,200,1029984,4233653
821,888,cifar10,91.4,90.29,200,525808,2067953
1098,888,cifar10,89.22,88.73,200,258256,792317
1025,888,cifar10,91.53,90.7,200,588816,2304507
578,888,cifar10,91.79,91.15,200,763536,2953423
959,888,cifar10,92.73,92.55,200,719088,2702525
171,888,cifar10,92.8,92.51,0,992720,4012457
767,888,cifar10,84.52,81.66,200,447408,1659377
600,888,cifar10,92.15,91.94,200,987648,4034759
12,888,cifar10,10.0,10.0,0,440896,1628039
1176,888,cifar10,92.22,92.24,200,754080,2917337
867,888,cifar10,10.0,10.0,200,138080,525654
567,888,cifar10,68.72,16.49,200,166160,523444
1108,888,cifar10,88.96,19.13,200,346560,1196825
284,888,cifar10,88.56,88.23,200,221760,732643
1119,888,cifar10,78.7,13.73,200,208512,771830
611,888,cifar10,92.92,55.6,200,583360,2297135
588,888,cifar10,92.49,92.17,200,801328,3140753
471,888,cifar10,91.78,91.7,200,1012672,4018735
935,888,cifar10,80.75,75.73,200,238880,766983
137,888,cifar10,93.24,93.26,0,929424,3781355
209,888,cifar10,90.8,88.87,0,550928,2069425
758,888,cifar10,86.52,86.28,200,151648,512278
1256,888,cifar10,92.59,92.03,200,789664,3388668
556,888,cifar10,86.56,83.34,200,226048,751605
305,888,cifar10,79.87,33.13,200,177680,551834
543,888,cifar10,93.7,93.46,200,951088,3987403
534,888,cifar10,91.88,90.53,200,496416,1841587
810,888,cifar10,93.2,93.29,200,755744,2935409
47,888,cifar10,90.91,38.16,0,705984,2719133
1141,888,cifar10,88.51,88.21,200,220624,743113
1197,888,cifar10,87.21,84.75,200,959968,3819277
317,888,cifar10,87.78,80.29,200,445984,1833773
1244,888,cifar10,89.63,10.0,200,708624,2928044
1358,888,cifar10,75.41,60.06,200,179232,567986
241,888,cifar10,92.3,91.51,0,744112,3149609
127,888,cifar10,88.61,10.0,0,551616,2074481
1299,888,cifar10,91.06,89.05,200,709520,2729413
59,888,cifar10,89.09,81.82,0,280432,1219596
736,888,cifar10,90.1,88.73,200,279472,1003537
679,888,cifar10,91.74,91.63,200,482880,1824085
3,888,cifar10,86.35,85.88,0,175104,531436
350,888,cifar10,92.98,92.85,200,752256,2912147
702,888,cifar10,92.88,92.91,200,820224,3362703
449,888,cifar10,85.72,52.81,200,213264,769101
724,888,cifar10,90.59,90.48,200,304624,1184467
221,888,cifar10,91.02,89.55,0,455776,1642515
413,888,cifar10,92.25,91.89,200,785520,3156783
746,888,cifar10,89.1,21.43,200,528016,2085321
780,888,cifar10,83.18,58.0,200,528160,1869841
1162,888,cifar10,93.42,50.89,200,1006368,4000801
92,888,cifar10,90.98,88.32,0,523296,2084076
34,888,cifar10,91.94,91.47,0,490400,1843131
403,888,cifar10,92.01,91.87,200,506880,1848307
892,888,cifar10,92.14,91.31,200,721328,2733689
161,888,cifar10,91.05,89.34,0,450320,1618997
496,888,cifar10,91.39,45.78,200,764096,2952463
484,888,cifar10,91.93,91.32,200,515232,1870737
1404,888,cifar10,89.75,87.75,200,293888,991147
845,888,cifar10,68.62,37.74,200,205728,584752
1415,888,cifar10,91.68,21.49,200,732672,2910425
198,888,cifar10,92.15,90.01,0,508064,2085705
519,888,cifar10,90.03,87.52,200,497200,1863441
425,888,cifar10,93.36,93.34,200,925776,3758029
393,888,cifar10,91.93,91.89,200,469184,1839155
172,888,cifar10,10.0,10.0,0,138832,559314
339,888,cifar10,90.95,84.45,200,771824,2952911
329,888,cifar10,88.84,15.91,200,573584,2272593
1187,888,cifar10,91.26,90.81,200,507376,1833745
1314,888,cifar10,91.51,91.11,200,536480,2074675
801,888,cifar10,92.82,92.55,200,748176,2928177
1370,888,cifar10,89.59,81.53,200,344736,1420641
971,888,cifar10,88.05,82.16,200,438160,1613959
262,888,cifar10,83.55,52.56,200,467280,1662755
117,888,cifar10,92.69,91.96,0,970880,4034887
1076,888,cifar10,86.42,73.77,200,225136,778941
691,888,cifar10,89.47,86.96,200,295680,986291
252,888,cifar10,92.83,92.76,200,769568,2894735
150,888,cifar10,88.66,83.2,0,263296,1002961
1279,888,cifar10,88.29,75.6,200,270000,1026520
1430,888,cifar10,92.27,91.44,200,493920,2067948
1129,888,cifar10,91.93,90.96,200,724304,2952198
881,888,cifar10,91.9,85.8,200,549088,2092239
188,888,cifar10,88.08,87.58,0,469904,1832877
1327,888,cifar10,92.5,91.55,200,955440,3837280
1038,888,cifar10,92.18,91.94,200,464224,1670359
1002,888,cifar10,92.35,91.81,200,971584,3801843
231,888,cifar10,86.65,54.35,0,471632,1881641
1337,888,cifar10,92.03,92.1,200,485008,1844715
273,888,cifar10,91.89,91.53,200,967344,3786095
70,888,cifar10,91.88,91.72,0,709904,2686981
1234,888,cifar10,10.0,10.0,200,192992,749833
362,888,cifar10,91.9,91.19,200,768016,3174343
439,888,cifar10,93.52,93.33,200,832288,3362703
637,888,cifar10,89.93,88.63,200,283264,986355
1049,888,cifar10,92.25,92.16,200,577456,2279841
601,888,cifar10,73.29,10.03,200,209760,768077
1224,888,cifar10,92.38,92.15,200,473520,1826897
1289,888,cifar10,92.62,92.67,200,818560,3370665
1026,888,cifar10,82.41,74.08,200,258096,1008709
658,888,cifar10,92.85,92.7,200,546608,2045267
1211,888,cifar10,87.26,83.83,200,228192,761187
81,888,cifar10,94.37,94.22,0,1224368,5069700
835,888,cifar10,88.78,10.0,200,371056,1420241
737,888,cifar10,89.36,88.2,200,302848,1407179
294,888,cifar10,91.89,91.91,200,466448,1640099
924,888,cifar10,91.52,90.95,200,523504,2096815
461,888,cifar10,91.3,91.01,200,513360,2084873
48,888,cifar10,86.78,84.51,0,224544,747207
1063,888,cifar10,10.0,10.0,200,423248,1609993
912,888,cifar10,93.13,92.86,200,797088,3162473
4,888,cifar10,88.45,87.35,0,247280,937689
285,888,cifar10,92.51,92.46,200,556448,2041519
822,888,cifar10,90.74,90.47,200,532832,2067953
1013,888,cifar10,93.2,93.08,200,850592,3370729
1257,888,cifar10,88.74,86.33,200,225808,766883
589,888,cifar10,89.85,73.29,200,468960,1833325
579,888,cifar10,89.06,88.78,200,337632,1214769
1087,888,cifar10,75.7,63.29,200,726624,2717995
714,888,cifar10,92.76,92.66,200,500048,1822677
23,888,cifar10,90.33,83.85,0,925520,3799372
992,888,cifar10,92.02,45.08,200,975952,3780983
105,888,cifar10,10.0,10.0,0,147520,548980
960,888,cifar10,92.67,92.42,200,782384,3138541
472,888,cifar10,91.88,91.38,200,485456,1840755
557,888,cifar10,87.91,77.63,200,459472,1857099
1177,888,cifar10,93.59,93.26,200,927296,3763474
210,888,cifar10,75.97,65.25,0,448048,1624949
648,888,cifar10,93.56,93.52,200,1232928,5100647
306,888,cifar10,73.78,16.75,200,459296,1639267
351,888,cifar10,92.21,91.62,200,570400,2298031
857,888,cifar10,94.05,93.82,200,1009872,4215433
60,888,cifar10,89.25,30.42,0,339328,1179341
1348,888,cifar10,83.14,72.37,200,456448,1645757
1198,888,cifar10,90.84,88.91,200,452560,1639165
199,888,cifar10,80.07,49.28,0,169424,535668
768,888,cifar10,92.19,92.1,200,953344,3772627
535,888,cifar10,92.35,91.77,200,531040,2046611
375,888,cifar10,89.08,88.63,200,212016,739287
936,888,cifar10,67.83,16.01,200,504832,1873913
725,888,cifar10,92.67,92.19,200,736992,2946185
612,888,cifar10,75.57,19.28,200,555248,2075057
128,888,cifar10,92.25,91.95,0,742896,2907219
385,888,cifar10,93.23,93.17,200,763376,2934641
1099,888,cifar10,92.25,92.13,200,982688,3801523
544,888,cifar10,88.77,88.03,200,371120,1421073
869,888,cifar10,93.65,93.8,200,1012768,3994257
118,888,cifar10,79.95,24.28,0,199888,552402
893,888,cifar10,53.9,10.84,200,192448,597506
1188,888,cifar10,89.06,88.57,200,219968,743113
982,888,cifar10,92.72,92.4,200,815024,3385625
747,888,cifar10,93.03,93.05,200,1065792,4223439
781,888,cifar10,92.01,91.93,200,479392,1823189
414,888,cifar10,86.94,80.44,200,286496,988083
846,888,cifar10,91.82,91.9,200,465008,1643411
946,888,cifar10,87.87,77.2,200,469856,1836471
811,888,cifar10,92.2,35.73,200,760800,2918419
318,888,cifar10,93.0,92.83,200,750896,2928241
222,888,cifar10,88.9,10.0,0,520928,1852595
1280,888,cifar10,86.39,77.57,200,453136,1614755
1245,888,cifar10,92.09,91.87,200,582160,2305019
680,888,cifar10,92.39,92.12,200,596864,2497609
232,888,cifar10,69.34,17.0,0,184944,552466
93,888,cifar10,90.98,89.12,0,721888,2705605
1142,888,cifar10,90.77,90.81,200,756656,2941107
1120,888,cifar10,93.24,93.1,200,1030064,4248572
1039,888,cifar10,79.36,27.73,200,227696,760355
242,888,cifar10,93.04,92.58,0,762320,3151977
427,888,cifar10,88.73,88.55,200,507664,1854003
404,888,cifar10,91.9,12.85,200,741792,2912595
497,888,cifar10,93.79,93.53,200,761120,2905043
692,888,cifar10,93.27,93.27,200,698512,2676053
330,888,cifar10,83.06,56.82,200,475072,1882281
1077,888,cifar10,91.95,29.59,200,703056,2687185
1405,888,cifar10,88.86,12.53,200,526640,2074547
802,888,cifar10,88.84,86.08,200,281488,1005201
716,888,cifar10,75.58,65.51,200,183888,543412
1300,888,cifar10,92.7,92.34,200,972208,3794803
253,888,cifar10,89.42,82.99,200,315424,1184843
175,888,cifar10,86.78,54.68,0,713776,2700595
1431,888,cifar10,88.73,10.33,200,479632,1851563
1163,888,cifar10,85.43,82.79,200,541760,2081139
1235,888,cifar10,85.0,81.65,200,438144,1663767
1270,888,cifar10,89.19,83.31,200,359440,1221043
509,888,cifar10,92.05,91.92,200,970608,3772627
520,888,cifar10,91.76,91.42,200,541904,2291305
760,888,cifar10,92.06,91.63,200,548432,2093519
1225,888,cifar10,87.92,83.9,200,257632,1002302
1371,888,cifar10,91.73,91.1,200,533136,2074547
659,888,cifar10,87.02,31.92,200,265056,967893
1394,888,cifar10,85.04,79.02,200,477056,1862014
738,888,cifar10,87.77,85.93,200,544128,2092175
138,888,cifar10,93.52,93.52,0,1477456,5942863
972,888,cifar10,90.88,71.29,200,708880,2709117
189,888,cifar10,93.57,93.32,0,699056,2700019
1153,888,cifar10,90.36,89.66,200,472416,1868933
1212,888,cifar10,75.58,63.51,200,222880,785725
363,888,cifar10,87.51,58.25,200,442528,1658353
704,888,cifar10,88.18,87.67,200,242112,765621
1051,888,cifar10,86.11,86.09,200,489360,1833553
624,888,cifar10,67.47,44.73,200,449184,1666353
669,888,cifar10,10.0,10.0,200,505120,1853619
1328,888,cifar10,90.91,31.52,200,564128,2081011
1111,888,cifar10,83.92,83.16,200,426672,1589833
913,888,cifar10,72.84,18.08,200,209536,795321
49,888,cifar10,91.21,89.24,0,495056,1836475
462,888,cifar10,88.88,85.82,200,273632,985395
1290,888,cifar10,92.56,92.15,200,498688,2067820
1338,888,cifar10,91.05,82.16,200,527728,1875077
569,888,cifar10,73.01,28.16,200,191200,546770
836,888,cifar10,88.93,88.43,200,494896,1836309
264,888,cifar10,91.31,90.81,200,774080,3167791
352,888,cifar10,93.58,93.31,200,754272,2928113
638,888,cifar10,90.1,87.7,200,547920,2093071
106,888,cifar10,75.69,24.45,0,217936,782803
791,888,cifar10,92.1,91.92,200,761040,2918739
376,888,cifar10,88.36,87.56,200,787584,2917395
823,888,cifar10,90.47,89.98,200,294624,986163
1130,888,cifar10,92.65,92.2,200,817056,3165179
894,888,cifar10,88.8,88.67,200,220576,742027
386,888,cifar10,86.07,24.21,200,497968,1863249
726,888,cifar10,92.17,12.52,200,586080,2280465
1066,888,cifar10,92.32,92.18,200,750080,2910681
769,888,cifar10,82.38,37.13,200,675744,2764679
904,888,cifar10,89.34,10.0,200,470496,1836407
1088,888,cifar10,92.28,91.96,200,485184,1844459
274,888,cifar10,93.19,92.96,200,1010720,4209205
473,888,cifar10,88.8,87.96,200,292640,986419
1199,888,cifar10,89.49,88.98,200,269088,984299
5,888,cifar10,90.95,89.22,0,552240,2056685
1259,888,cifar10,87.09,79.3,200,457232,1862398
602,888,cifar10,91.32,91.01,200,955856,3787121
558,888,cifar10,89.16,88.54,200,362432,1414033
536,888,cifar10,92.52,92.32,200,475168,1823829
590,888,cifar10,91.6,89.75,200,495984,1846579
498,888,cifar10,56.64,10.0,200,161984,539852
1014,888,cifar10,90.3,85.39,200,497152,1869381
1349,888,cifar10,91.75,91.78,200,481440,1844651
545,888,cifar10,10.0,10.0,200,424384,1601111
295,888,cifar10,93.84,93.75,200,968128,3768239
993,888,cifar10,92.23,92.04,200,702896,2692609
37,888,cifar10,89.51,89.12,0,221408,748615
1027,888,cifar10,93.47,93.43,200,989840,4000097
62,888,cifar10,92.25,91.61,0,530624,2063407
233,888,cifar10,10.0,10.0,0,170048,560274
1178,888,cifar10,90.81,89.96,200,527360,2074355
243,888,cifar10,86.52,85.6,0,212624,733335
1100,888,cifar10,90.2,89.03,200,310656,1214195
364,888,cifar10,79.72,34.19,200,235168,752501
717,888,cifar10,91.07,89.5,200,507008,2063723
693,888,cifar10,69.82,26.94,200,191936,554386
14,888,cifar10,92.01,92.07,0,761136,2913101
95,888,cifar10,68.85,42.44,0,188320,576490
739,888,cifar10,90.01,89.06,200,230224,781587
440,888,cifar10,93.15,93.13,200,1266528,5303879
1164,888,cifar10,86.21,85.91,200,160624,531160
331,888,cifar10,87.11,78.43,200,238000,751477
748,888,cifar10,87.86,80.39,200,661680,2693101
613,888,cifar10,91.49,91.02,200,495904,1847219
1360,888,cifar10,93.02,92.9,200,788192,3140065
947,888,cifar10,86.66,83.46,200,268960,791299
25,888,cifar10,86.2,85.9,0,152864,510766
847,888,cifar10,91.41,90.63,200,503056,1846899
761,888,cifar10,91.37,89.22,200,500016,1864401
176,888,cifar10,88.5,88.1,0,248288,764917
870,888,cifar10,91.14,90.88,200,543808,2068849
521,888,cifar10,58.67,10.41,200,181200,571440
961,888,cifar10,92.57,82.48,200,798416,3161449
152,888,cifar10,92.31,92.24,0,539104,2057427
486,888,cifar10,91.95,91.85,200,986608,3772563
353,888,cifar10,84.43,84.11,200,228400,751349
72,888,cifar10,86.55,32.3,0,213440,733081
1248,888,cifar10,92.45,92.15,200,560064,2057241
307,888,cifar10,92.33,91.91,200,946400,3802153
1418,888,cifar10,55.5,10.35,200,194192,573516
452,888,cifar10,84.43,81.11,200,500592,1887407
974,888,cifar10,89.53,88.92,200,261536,958529
341,888,cifar10,81.06,73.48,200,249344,805233
212,888,cifar10,93.31,93.25,0,1012144,4017519
782,888,cifar10,92.83,92.67,200,581920,2274449
163,888,cifar10,86.0,81.41,0,226432,751349
254,888,cifar10,89.89,88.63,200,295728,980383
859,888,cifar10,90.2,89.68,200,241920,972845
1052,888,cifar10,88.81,88.21,200,238864,761123
387,888,cifar10,84.35,83.72,200,171968,522484
1213,888,cifar10,91.56,91.37,200,433136,1614563
415,888,cifar10,89.03,10.0,200,485008,1905031
1004,888,cifar10,81.6,17.92,200,503520,1869381
1271,888,cifar10,91.4,88.9,200,492272,1844587
129,888,cifar10,93.59,93.2,0,1000560,4018415
660,888,cifar10,85.36,57.48,200,221216,815625
1121,888,cifar10,91.19,90.56,200,523488,2098509
727,888,cifar10,88.97,84.88,200,286384,1004049
1281,888,cifar10,93.01,92.07,200,772880,3158324
1372,888,cifar10,91.31,90.42,200,504240,2092742
1144,888,cifar10,92.41,92.32,200,789520,3140833
705,888,cifar10,88.09,60.82,200,432672,1635155
1112,888,cifar10,91.89,91.8,200,477216,1826833
1189,888,cifar10,93.25,92.95,200,1031984,4025339
140,888,cifar10,91.62,91.51,0,500608,2063019
429,888,cifar10,90.67,88.67,200,530640,2110183
670,888,cifar10,88.73,85.61,200,478688,1842035
837,888,cifar10,92.07,91.94,200,460880,1815957
190,888,cifar10,90.43,88.76,0,478272,1863185
883,888,cifar10,91.93,90.76,200,757440,3150457
792,888,cifar10,87.48,78.06,200,436592,1612469
1236,888,cifar10,87.65,85.03,200,507296,1876101
201,888,cifar10,86.22,85.94,0,210608,740631
1395,888,cifar10,88.98,86.92,200,339168,1221235
681,888,cifar10,93.01,92.57,200,802768,3379495
983,888,cifar10,93.25,93.11,200,1440176,5941085
719,888,cifar10,82.66,62.28,200,227072,774931
581,888,cifar10,91.67,91.65,200,557504,2267211
1301,888,cifar10,92.24,92.22,200,1017664,4001249
1406,888,cifar10,93.43,67.32,200,1019504,4001185
803,888,cifar10,93.12,92.85,200,850640,3363215
1385,888,cifar10,88.59,88.25,200,209728,779005
572,888,cifar10,93.03,92.81,200,530016,2045075
1089,888,cifar10,91.88,91.98,200,494848,1820113
1226,888,cifar10,92.58,90.63,200,601968,2305083
1078,888,cifar10,93.26,83.56,200,798464,3164987
994,888,cifar10,88.88,88.59,200,251664,965057
52,888,cifar10,93.2,92.42,0,734736,2939532
639,888,cifar10,87.9,69.78,200,470000,1857291
463,888,cifar10,91.42,90.55,200,687792,2717067
626,888,cifar10,92.21,91.73,200,789408,3135441
15,888,cifar10,58.75,10.0,0,187568,543922
1131,888,cifar10,92.3,58.92,200,695424,2687249
1260,888,cifar10,90.0,89.17,200,269776,1008965
296,888,cifar10,89.71,89.54,200,265152,975593
365,888,cifar10,60.37,10.27,200,180880,570352
905,888,cifar10,87.2,40.46,200,458720,1860723
740,888,cifar10,91.08,55.05,200,710096,2705779
275,888,cifar10,86.18,86.08,200,681808,2680233
1200,888,cifar10,86.79,80.25,200,458576,1862398
1154,888,cifar10,93.1,93.01,200,993216,4007777
1179,888,cifar10,86.64,83.26,200,245936,785725
848,888,cifar10,88.92,85.43,200,235264,757301
441,888,cifar10,10.0,10.0,200,432112,1623797
926,888,cifar10,87.27,76.94,200,470496,1860595
1339,888,cifar10,92.22,92.17,200,767680,2941491
1317,888,cifar10,94.2,94.0,200,1014208,4000801
975,888,cifar10,89.29,89.12,200,205472,735307
915,888,cifar10,92.86,92.42,200,836624,3589459
939,888,cifar10,10.0,10.0,200,161344,543950
83,888,cifar10,85.5,49.91,0,240192,773017
234,888,cifar10,90.02,19.49,0,550176,2067313
615,888,cifar10,91.94,92.05,200,473424,1822357
1068,888,cifar10,92.6,92.5,200,730048,2952774
546,888,cifar10,85.27,82.09,200,705488,2725713
109,888,cifar10,93.38,92.88,0,798832,3157359
591,888,cifar10,92.48,92.36,200,563344,2280785
244,888,cifar10,93.49,93.28,0,756160,3126475
749,888,cifar10,93.15,92.91,200,1051536,4444039
265,888,cifar10,94.01,93.72,200,989200,4005423
1272,888,cifar10,73.9,20.08,200,190976,573516
287,888,cifar10,91.33,41.84,200,798656,3151541
388,888,cifar10,92.32,91.82,200,544800,2069489
500,888,cifar10,92.14,11.71,200,766688,2934705
342,888,cifar10,88.44,84.91,200,229200,758965
770,888,cifar10,92.44,91.89,200,972416,4010921
38,888,cifar10,92.5,91.73,0,765984,2923183
860,888,cifar10,89.76,89.35,200,233600,996363
706,888,cifar10,89.18,83.58,200,254448,782419
1101,888,cifar10,90.54,83.81,200,490944,1869381
824,888,cifar10,93.03,92.88,200,999920,4017647
453,888,cifar10,91.89,91.45,200,474880,2039245
895,888,cifar10,92.93,63.85,200,1048112,4227747
762,888,cifar10,87.4,70.52,200,671632,2717067
650,888,cifar10,90.54,90.22,200,735936,2730321
1005,888,cifar10,89.31,88.67,200,278560,973585
6,888,cifar10,92.53,83.32,0,976592,3784777
1214,888,cifar10,86.76,83.98,200,442224,1614755
813,888,cifar10,91.4,90.78,200,562096,2075505
948,888,cifar10,87.17,58.37,200,671648,2720819
1015,888,cifar10,90.69,89.25,200,744128,2977248
355,888,cifar10,93.11,92.99,200,483488,1821973
1292,888,cifar10,89.96,87.48,200,368720,1444283
178,888,cifar10,91.84,91.44,0,550784,2291177
63,888,cifar10,92.54,92.04,0,768144,3167552
213,888,cifar10,92.11,91.63,0,510720,1846067
320,888,cifar10,89.65,88.23,200,797104,3156975
255,888,cifar10,88.69,10.0,200,512992,1858177
962,888,cifar10,88.45,85.54,200,494784,1874233
1249,888,cifar10,75.27,10.91,200,504752,1876101
224,888,cifar10,93.04,92.8,0,1007568,3994961
1434,888,cifar10,92.51,92.31,200,523280,2056217
885,888,cifar10,10.0,10.0,200,217040,766855
130,888,cifar10,92.16,91.76,0,462160,1856907
804,888,cifar10,91.74,91.5,200,417360,1587095
730,888,cifar10,91.39,88.64,200,455040,1659377
120,888,cifar10,10.0,10.0,0,720208,2713843
1227,888,cifar10,92.14,91.94,200,430976,1596233
783,888,cifar10,91.61,91.02,200,505168,2086217
396,888,cifar10,78.69,14.13,200,240096,780755
1397,888,cifar10,78.55,33.59,200,203424,772086
1420,888,cifar10,92.14,90.67,200,523792,2099661
406,888,cifar10,91.54,91.33,200,490336,1846131
1113,888,cifar10,90.68,89.92,200,307376,1413082
487,888,cifar10,93.53,93.3,200,772048,3150441
153,888,cifar10,93.28,93.07,0,832256,3362063
297,888,cifar10,49.77,10.0,200,155392,609108
1302,888,cifar10,87.36,75.57,200,438144,1614755
416,888,cifar10,90.92,40.83,200,554848,2069937
793,888,cifar10,92.65,92.41,200,497344,2038349
671,888,cifar10,86.98,84.21,200,275680,986099
1167,888,cifar10,92.64,92.33,200,1004608,4248764
1054,888,cifar10,86.37,23.4,200,473664,1911538
741,888,cifar10,88.88,84.7,200,449152,1642707
73,888,cifar10,89.61,84.5,0,725104,2744837
1330,888,cifar10,89.89,80.95,200,940736,3812998
511,888,cifar10,89.94,83.84,200,693424,2722961
627,888,cifar10,88.05,87.98,200,231712,757365
378,888,cifar10,93.45,93.34,200,1243328,5077001
573,888,cifar10,92.01,92.05,200,442976,1625013
366,888,cifar10,91.75,91.89,200,552640,2075697
640,888,cifar10,76.24,67.22,200,186368,584688
1190,888,cifar10,91.77,90.56,200,722592,2729477
538,888,cifar10,88.01,83.33,200,661456,2669199
995,888,cifar10,89.26,33.27,200,266576,982717
849,888,cifar10,84.3,66.17,200,227520,750197
1407,888,cifar10,88.51,77.03,200,316880,1015877
16,888,cifar10,93.18,93.03,0,697184,2671193
191,888,cifar10,90.99,89.77,0,698816,2740905
1282,888,cifar10,88.56,83.4,200,524176,2117280
1122,888,cifar10,93.06,92.0,200,757344,3158452
1079,888,cifar10,92.69,92.55,200,491520,1844651
838,888,cifar10,92.51,92.25,200,546560,2291881
1201,888,cifar10,75.92,22.06,200,249584,785597
430,888,cifar10,93.23,93.07,200,746912,2928817
771,888,cifar10,91.92,65.59,200,492144,1821141
1386,888,cifar10,93.08,92.93,200,748816,3134106
906,888,cifar10,88.85,88.21,200,538608,2061879
984,888,cifar10,89.79,83.16,200,515632,2115173
1042,888,cifar10,92.45,92.36,200,1039056,4006817
1145,888,cifar10,93.08,92.97,200,1199744,4860897
1155,888,cifar10,86.84,27.42,200,477440,1639293
276,888,cifar10,83.17,78.83,200,525680,1849449
39,888,cifar10,89.62,89.36,0,251216,950937
1237,888,cifar10,93.14,92.74,200,785488,3164283
1261,888,cifar10,92.21,92.22,200,748800,3134106
1351,888,cifar10,86.77,15.07,200,494192,1851627
1438,888,cifar10,91.87,91.14,200,981152,3794867
1341,888,cifar10,92.07,91.67,200,690624,2903634
927,888,cifar10,87.64,60.47,200,442544,1661631
651,888,cifar10,86.98,68.41,200,214672,751605
343,888,cifar10,82.64,78.07,200,247520,782419
84,888,cifar10,91.54,90.22,0,480080,1837957
582,888,cifar10,94.37,94.26,200,1197136,4848971
707,888,cifar10,93.37,93.16,200,997600,3995409
97,888,cifar10,88.58,88.5,0,192832,739353
750,888,cifar10,92.57,91.79,200,938176,3806793
976,888,cifar10,92.23,26.63,200,715152,2691329
501,888,cifar10,79.36,25.42,200,226096,774803
1318,888,cifar10,82.01,67.21,200,442720,1662743
1180,888,cifar10,92.49,92.43,200,715008,2928108
560,888,cifar10,91.82,91.79,200,477328,1666161
941,888,cifar10,92.0,91.96,200,695888,2692545
1215,888,cifar10,89.15,88.8,200,283536,966737
321,888,cifar10,89.57,88.9,200,274032,962965
333,888,cifar10,89.87,38.34,200,474624,1857099
861,888,cifar10,81.97,75.71,200,273264,1005073
442,888,cifar10,75.83,60.32,200,552640,2076209
1449,888,cifar10,91.97,28.56,200,497872,1833681
245,888,cifar10,85.99,53.34,0,480592,1881321
309,888,cifar10,88.96,88.52,200,268384,978141
266,888,cifar10,85.4,83.44,200,494432,1866409
465,888,cifar10,70.89,63.7,200,154752,498966
27,888,cifar10,90.48,89.45,0,316432,1201519
916,888,cifar10,92.15,80.91,200,595200,2284269
1102,888,cifar10,91.66,90.58,200,521488,2067820
288,888,cifar10,92.76,92.35,200,692000,2714083
1273,888,cifar10,79.67,74.99,200,511584,1857067
592,888,cifar10,74.85,12.51,200,754320,2934065
872,888,cifar10,92.34,92.23,200,504256,1846643
7,888,cifar10,91.89,63.84,0,705936,2691789
368,888,cifar10,89.05,87.4,200,291344,1225737
214,888,cifar10,92.98,92.78,0,709936,2899021
225,888,cifar10,10.0,10.0,0,441184,1624949
826,888,cifar10,84.7,18.53,200,500816,1887855
256,888,cifar10,93.06,92.94,200,503120,2054119
963,888,cifar10,91.25,90.79,200,504080,2065389
886,888,cifar10,89.27,28.85,200,341376,1194551
1006,888,cifar10,92.84,92.7,200,797440,3141089
1408,888,cifar10,79.94,37.74,200,162080,530136
54,888,cifar10,91.68,90.54,0,721600,2915498
298,888,cifar10,87.75,18.75,200,282992,976873
74,888,cifar10,10.0,10.0,0,479840,1833349
1069,888,cifar10,92.85,92.8,200,993344,4007009
525,888,cifar10,92.05,91.87,200,696688,2724049
454,888,cifar10,92.67,92.54,200,993536,3993937
814,888,cifar10,91.95,91.61,200,711152,2706803
850,888,cifar10,79.26,55.98,200,433120,1618549
131,888,cifar10,86.32,10.1,0,501088,1852659
1228,888,cifar10,89.34,11.34,200,487968,1843883
397,888,cifar10,92.4,92.18,200,530016,2045843
794,888,cifar10,89.01,88.39,200,290080,988275
1304,888,cifar10,92.47,92.32,200,556448,2057241
1331,888,cifar10,89.32,86.12,200,279264,984683
1114,888,cifar10,93.82,93.78,200,715104,2687057
417,888,cifar10,74.96,15.55,200,493920,1846195
805,888,cifar10,90.77,89.26,200,699248,2921195
1016,888,cifar10,91.13,89.81,200,548320,2099469
179,888,cifar10,92.24,55.25,0,757664,2929265
512,888,cifar10,86.57,84.58,200,297040,1190611
731,888,cifar10,91.9,90.48,200,538160,2067441
1250,888,cifar10,92.42,92.09,200,750128,2934643
431,888,cifar10,92.11,91.83,200,442528,1600983
1202,888,cifar10,86.59,39.17,200,249824,778941
1283,888,cifar10,88.84,88.26,200,274144,965905
155,888,cifar10,87.21,51.71,0,474240,1881193
1422,888,cifar10,91.18,89.63,200,499952,1869189
662,888,cifar10,90.56,90.17,200,727232,2910739
1459,888,cifar10,94.36,94.43,200,1010048,4224354
574,888,cifar10,75.79,58.62,200,251552,805937
1398,888,cifar10,91.58,89.19,200,543408,2297844
488,888,cifar10,91.81,91.71,200,738336,2911187
17,888,cifar10,89.47,86.09,0,307328,1194922
672,888,cifar10,92.0,34.14,200,788704,3133521
64,888,cifar10,93.05,92.67,0,1030528,4230226
1169,888,cifar10,92.33,91.93,200,741200,2934131
1362,888,cifar10,92.24,92.03,200,785760,3141025
1486,888,cifar10,91.9,91.72,200,750240,2934707
1319,888,cifar10,88.94,86.83,200,227648,754595
192,888,cifar10,92.51,91.74,0,717632,2700339
928,888,cifar10,87.94,84.09,200,437360,1613383
1238,888,cifar10,87.65,80.33,200,446656,1837668
1191,888,cifar10,89.63,89.31,200,682480,2746840
561,888,cifar10,86.59,86.29,200,426192,1601367
696,888,cifar10,87.39,46.92,200,450160,1611893
1387,888,cifar10,92.67,92.46,200,529920,2049497
98,888,cifar10,89.55,86.26,0,256688,995968
751,888,cifar10,91.55,90.54,200,548336,2093071
1342,888,cifar10,75.98,60.29,200,238432,767907
1133,888,cifar10,88.93,85.05,200,488640,1851371
1262,888,cifar10,91.89,91.82,200,451024,1627107
165,888,cifar10,92.7,78.46,0,812080,3134481
683,888,cifar10,73.07,23.48,200,209584,769933
40,888,cifar10,75.16,11.99,0,501440,1841211
1055,888,cifar10,91.78,91.19,200,771472,3183118
502,888,cifar10,85.17,24.08,200,243216,775955
1181,888,cifar10,91.23,89.76,200,450336,1614755
1043,888,cifar10,89.67,88.53,200,310672,1214515
143,888,cifar10,91.23,90.26,0,503360,1863825
1472,888,cifar10,92.4,91.81,200,990416,4018484
839,888,cifar10,87.4,82.78,200,274896,1028591
977,888,cifar10,93.11,92.95,200,501232,2041649
539,888,cifar10,93.09,92.77,200,737648,2945609
226,888,cifar10,87.64,86.83,0,225152,727127
334,888,cifar10,75.95,19.21,200,258128,781331
996,888,cifar10,92.42,92.34,200,1004432,3998637
432,888,cifar10,56.67,10.07,200,143088,516462
897,888,cifar10,89.53,87.67,200,288448,982013
55,888,cifar10,86.46,86.13,0,160640,527888
1352,888,cifar10,92.19,92.26,200,542640,2074803
408,888,cifar10,88.31,87.97,200,241616,757237
1439,888,cifar10,92.48,91.99,200,507776,2092166
629,888,cifar10,93.15,82.35,200,1240272,4861137
85,888,cifar10,90.75,88.87,0,520096,2064433
247,888,cifar10,84.27,27.78,0,240896,798193
605,888,cifar10,85.79,55.55,200,481136,1880617
1519,888,cifar10,91.5,90.41,200,525616,2073715
322,888,cifar10,93.5,93.36,200,732528,2904595
1103,888,cifar10,87.87,84.93,200,446064,1837668
1540,888,cifar10,87.14,81.73,200,222320,754531
277,888,cifar10,92.65,92.48,200,1007664,3989877
311,888,cifar10,88.73,10.0,200,481936,1858763
215,888,cifar10,74.85,58.94,0,185776,602382
111,888,cifar10,93.49,93.45,0,735376,3127243
985,888,cifar10,92.05,91.51,200,977920,3817711
918,888,cifar10,89.8,88.07,200,305168,989949
1007,888,cifar10,66.72,16.32,200,192240,580172
1216,888,cifar10,84.79,10.57,200,551648,2081459
344,888,cifar10,91.08,90.93,200,960480,3773587
1498,888,cifar10,93.15,92.91,200,836512,3593258
1409,888,cifar10,86.14,85.88,200,251648,966545
887,888,cifar10,78.23,10.28,200,210192,795449
1450,888,cifar10,92.92,92.66,200,550576,2273754
907,888,cifar10,92.01,90.16,200,781328,3179807
8,888,cifar10,92.24,91.67,0,495056,1833421
1080,888,cifar10,93.22,92.84,200,996352,4042894
1070,888,cifar10,60.64,11.25,200,181456,572556
652,888,cifar10,93.16,92.91,200,773504,3156911
236,888,cifar10,88.93,10.27,0,526672,2052499
1156,888,cifar10,92.67,67.22,200,1010992,4006753
132,888,cifar10,92.12,91.91,0,475696,1816853
267,888,cifar10,91.37,90.78,200,547328,2065071
203,888,cifar10,93.56,93.3,0,1047232,4222287
1436,888,cifar10,90.08,11.63,200,571008,2304763
1017,888,cifar10,76.08,19.62,200,243200,767715
950,888,cifar10,91.01,89.71,200,444992,1644867
1147,888,cifar10,89.32,88.56,200,204768,735241
964,888,cifar10,85.81,40.25,200,453200,1662783
75,888,cifar10,73.21,12.7,0,475280,1640857
466,888,cifar10,93.17,93.11,200,769584,3133969
806,888,cifar10,69.69,24.13,200,196944,595854
181,888,cifar10,89.41,88.96,0,318736,1185875
289,888,cifar10,90.25,88.8,200,731296,2942057
851,888,cifar10,86.78,63.44,200,254144,997195
1530,888,cifar10,92.87,92.19,200,714624,2927724
156,888,cifar10,86.74,33.27,0,424944,1629325
593,888,cifar10,93.17,90.13,200,993920,3771475
549,888,cifar10,91.04,89.59,200,739920,2970215
827,888,cifar10,92.4,91.92,200,755936,2928113
795,888,cifar10,86.85,28.45,200,461744,1659505
443,888,cifar10,92.45,91.49,200,944480,3808201
398,888,cifar10,92.29,92.45,200,538800,2268747
1229,888,cifar10,90.63,90.2,200,481664,1887000
617,888,cifar10,92.02,91.74,200,756816,2935409
1305,888,cifar10,89.33,85.57,200,335952,1214451
862,888,cifar10,93.46,93.24,200,1051504,4444423
455,888,cifar10,92.85,92.33,200,736720,3127243
1550,888,cifar10,88.19,81.99,200,678912,2697828
1423,888,cifar10,86.97,47.04,200,457392,1639293
540,888,cifar10,10.0,10.0,200,145472,535668
1284,888,cifar10,75.72,68.59,200,296512,997739
257,888,cifar10,88.89,85.45,200,723312,2743063
418,888,cifar10,92.1,91.6,200,585488,2273617
489,888,cifar10,88.62,85.02,200,483936,1841651
299,888,cifar10,91.02,88.61,200,959888,3784687
1294,888,cifar10,85.32,82.88,200,704272,2752927
873,888,cifar10,93.72,93.57,200,1208416,5076169
1399,888,cifar10,92.12,91.55,200,486944,2067948
697,888,cifar10,90.45,89.98,200,1005072,3794737
1182,888,cifar10,78.68,32.3,200,424288,1632246
1562,888,cifar10,10.0,10.0,200,226496,774435
1044,888,cifar10,92.17,92.21,200,502112,1826897
167,888,cifar10,88.89,83.0,0,265056,979315
643,888,cifar10,90.62,89.01,200,386896,1438127
513,888,cifar10,90.09,9.31,200,571088,2296943
122,888,cifar10,90.63,87.41,0,293136,1226249
815,888,cifar10,92.37,91.66,200,972496,3813135
193,888,cifar10,88.2,88.09,0,483568,1848051
929,888,cifar10,85.72,73.03,200,234592,801983
1170,888,cifar10,92.37,92.12,200,510576,2067884
1473,888,cifar10,90.99,89.03,200,442816,1621475
785,888,cifar10,91.96,90.41,200,518624,1847475
663,888,cifar10,93.14,92.93,200,986768,3985995
1135,888,cifar10,91.86,91.36,200,488736,1843883
1363,888,cifar10,92.15,92.08,200,554752,2273946
345,888,cifar10,63.5,14.77,200,177184,546898
1115,888,cifar10,91.36,90.39,200,764208,2959437
41,888,cifar10,88.86,88.57,0,538608,2054029
575,888,cifar10,92.81,92.02,200,757488,3150825
1240,888,cifar10,89.13,10.0,200,479552,1862462
99,888,cifar10,93.51,93.31,0,720592,2901041
1488,888,cifar10,89.9,17.09,200,729424,2728389
1193,888,cifar10,90.94,90.12,200,721920,2711531
1520,888,cifar10,86.41,15.54,200,426512,1603081
685,888,cifar10,90.35,89.43,200,310496,1209201
1375,888,cifar10,91.62,89.9,200,499968,1844843
584,888,cifar10,86.85,39.74,200,472096,1859275
278,888,cifar10,86.05,11.67,200,425872,1598435
997,888,cifar10,88.55,10.18,200,540784,2054071
562,888,cifar10,90.33,86.04,200,334176,1232527
1124,888,cifar10,90.2,87.9,200,685216,2746968
1343,888,cifar10,90.12,88.26,200,337984,1462670
1104,888,cifar10,88.33,87.4,200,453872,1628067
335,888,cifar10,91.14,90.71,200,535152,2068913
86,888,cifar10,92.29,92.2,0,516704,2041713
503,888,cifar10,91.9,90.61,200,722272,2945737
630,888,cifar10,91.84,19.33,200,713056,2688341
1320,888,cifar10,90.5,89.79,200,756720,2941235
112,888,cifar10,91.96,91.91,0,699824,2683797
1008,888,cifar10,87.13,13.18,200,288096,991083
550,888,cifar10,89.22,88.53,200,226064,733527
323,888,cifar10,88.67,88.13,200,284080,993587
1031,888,cifar10,90.95,29.25,200,741696,2934195
1388,888,cifar10,91.21,89.92,200,747584,2977184
653,888,cifar10,91.06,89.65,200,441664,1616565
1410,888,cifar10,87.07,52.94,200,457408,1639293
65,888,cifar10,93.36,93.42,0,1030064,4231378
1353,888,cifar10,92.4,92.41,200,591328,2504034
986,888,cifar10,89.66,87.65,200,310288,1211443
409,888,cifar10,89.99,32.14,200,560688,2075313
1205,888,cifar10,92.24,92.01,200,476992,1820241
1440,888,cifar10,91.45,91.35,200,811648,3147169
1081,888,cifar10,79.33,41.18,200,441728,1638845
888,888,cifar10,90.83,90.49,200,715712,2691393
157,888,cifar10,50.66,14.47,0,172592,587976
594,888,cifar10,85.9,85.8,200,427856,1600279
1264,888,cifar10,92.92,92.32,200,781424,3183054
1071,888,cifar10,90.65,86.73,200,460288,1862526
1618,888,cifar10,71.98,10.84,200,180512,555570
908,888,cifar10,92.62,92.5,200,719360,2703293
606,888,cifar10,76.01,66.64,200,716688,2732241
1651,888,cifar10,10.0,10.0,200,131504,533182
1531,888,cifar10,85.1,35.66,200,230064,802455
807,888,cifar10,89.94,88.43,200,470384,1832877
1583,888,cifar10,93.75,93.61,200,772368,3133978
204,888,cifar10,92.38,92.26,0,740976,2905747
1606,888,cifar10,89.6,89.05,200,322160,1195993
1157,888,cifar10,91.94,11.36,200,755712,2917337
1595,888,cifar10,88.76,88.33,200,535760,2057049
840,888,cifar10,93.0,92.71,200,1250240,5082511
1451,888,cifar10,92.42,92.18,200,557680,2298164
1426,888,cifar10,88.97,86.0,200,265040,984619
290,888,cifar10,88.79,10.0,200,500912,1859497
237,888,cifar10,92.42,92.15,0,753248,2927665
1499,888,cifar10,91.88,91.46,200,555168,2099533
419,888,cifar10,86.13,85.77,200,434912,1601239
919,888,cifar10,91.23,90.25,200,549248,2097391
828,888,cifar10,90.78,90.03,200,489360,1828629
1194,888,cifar10,86.47,86.05,200,150912,519870
300,888,cifar10,89.38,85.98,200,306960,983593
133,888,cifar10,93.14,92.99,0,763360,2929329
1148,888,cifar10,92.82,92.87,200,765264,2934387
258,888,cifar10,93.6,93.41,200,702032,2674409
951,888,cifar10,91.86,91.35,200,753744,2930803
444,888,cifar10,92.03,91.54,200,715056,2922987
1746,888,cifar10,58.61,10.46,200,188336,548914
1437,888,cifar10,91.94,59.22,200,775776,2941811
468,888,cifar10,85.35,68.12,200,482864,1904967
965,888,cifar10,92.33,92.05,200,823904,3144109
194,888,cifar10,92.09,91.79,0,466128,1816917
796,888,cifar10,92.28,50.68,200,969168,3766355
1630,888,cifar10,91.67,90.24,200,525232,2074099
1306,888,cifar10,88.81,84.86,200,354720,1444859
527,888,cifar10,92.6,92.35,200,791088,3355145
874,888,cifar10,88.91,32.31,200,511616,1846323
674,888,cifar10,75.25,17.05,200,296128,993075
1125,888,cifar10,53.05,10.0,200,162752,566597
618,888,cifar10,92.39,91.68,200,722224,2923819
1171,888,cifar10,88.94,88.46,200,267104,972625
1285,888,cifar10,92.83,92.66,200,735472,3133786
816,888,cifar10,90.67,89.75,200,508736,1828757
1817,888,cifar10,87.81,86.26,200,247936,953162
268,888,cifar10,92.51,92.08,200,983120,4029615
1720,888,cifar10,91.08,89.26,200,453616,1639165
1461,888,cifar10,91.63,90.44,200,722144,2927916
1295,888,cifar10,92.61,92.27,200,541808,2298228
1756,888,cifar10,90.43,90.14,200,448960,1638973
1563,888,cifar10,90.87,88.1,200,520064,2074227
1333,888,cifar10,89.55,85.72,200,323104,1214579
491,888,cifar10,93.12,92.83,200,795744,3134289
1805,888,cifar10,92.13,92.08,200,417696,1596297
1400,888,cifar10,91.83,91.31,200,549392,2298228
456,888,cifar10,91.66,88.85,200,751856,2952847
1094,888,cifar10,84.71,80.85,200,436944,1645565
1768,888,cifar10,73.18,20.2,200,450080,1639229
664,888,cifar10,91.74,91.57,200,449424,1658673
1474,888,cifar10,88.72,30.25,200,275824,1009221
930,888,cifar10,89.64,79.91,200,501280,1868089
123,888,cifar10,83.46,67.37,0,498464,1887471
1733,888,cifar10,92.1,92.26,200,698128,2704939
1344,888,cifar10,89.28,85.96,200,264976,984619
1839,888,cifar10,87.85,83.96,200,252608,977636
1136,888,cifar10,91.17,89.22,200,506752,1869189
1921,888,cifar10,86.59,12.3,200,477232,1826769
1275,888,cifar10,93.2,92.96,200,1245520,5109052
1873,888,cifar10,91.72,91.49,200,440432,1621347
145,888,cifar10,89.98,88.88,0,266320,1003857
168,888,cifar10,94.27,94.1,0,796960,3355465
1376,888,cifar10,88.22,18.21,200,501072,1857835
66,888,cifar10,75.14,60.81,0,170960,576874
1942,888,cifar10,79.97,12.83,200,260816,984555
1252,888,cifar10,92.98,92.95,200,1024848,4224354
279,888,cifar10,91.58,89.37,200,700608,2918697
1510,888,cifar10,91.74,91.22,200,767920,2934835
1661,888,cifar10,92.07,91.89,200,768960,2959693
1489,888,cifar10,92.56,92.44,200,817008,3140577
1452,888,cifar10,87.04,85.58,200,199648,747612
1827,888,cifar10,91.77,69.82,200,698320,2686929
1574,888,cifar10,86.8,18.29,200,449792,1627747
1673,888,cifar10,91.04,70.03,200,768032,2940915
1962,888,cifar10,86.59,86.16,200,274304,973585
1620,888,cifar10,85.88,74.24,200,247808,778813
1952,888,cifar10,92.28,92.16,200,559296,2057241
1990,888,cifar10,77.97,14.1,200,219088,796688
1652,888,cifar10,91.23,87.64,200,451136,1621347
19,888,cifar10,88.65,87.48,0,763344,2947025
998,888,cifar10,92.37,91.76,200,719760,2715965
1072,888,cifar10,88.86,86.54,200,235968,784637
596,888,cifar10,92.28,17.87,200,479376,1830805
2001,888,cifar10,85.97,44.1,200,456736,1639101
2067,888,cifar10,81.79,71.49,200,221792,784829
2125,888,cifar10,79.74,28.19,200,197728,555506
1354,888,cifar10,88.56,88.26,200,490160,1851499
1083,888,cifar10,83.13,70.09,200,456448,1645693
1900,888,cifar10,89.17,81.65,200,506288,1869189
585,888,cifar10,92.63,91.82,200,780352,3151081
1850,888,cifar10,89.65,31.71,200,719744,2952646
420,888,cifar10,86.61,76.61,200,231584,973229
1607,888,cifar10,90.55,89.56,200,248528,1002302
1441,888,cifar10,86.51,62.98,200,451408,1663767
2177,888,cifar10,60.96,10.0,200,169920,548914
654,888,cifar10,93.65,93.5,200,754928,2905107
1975,888,cifar10,92.51,92.09,200,521520,2067884
686,888,cifar10,91.91,90.89,200,764272,2952847
1861,888,cifar10,90.13,86.77,200,713744,2729477
1033,888,cifar10,89.41,87.56,200,329328,1239437
1596,888,cifar10,91.02,88.58,200,432192,1620387
920,888,cifar10,79.55,68.47,200,241536,784131
1552,888,cifar10,88.23,81.84,200,240368,779133
2056,888,cifar10,90.09,68.55,200,491952,1850667
2045,888,cifar10,89.72,85.61,200,516432,2092806
2023,888,cifar10,92.13,90.63,200,723584,2928108
1584,888,cifar10,92.27,92.16,200,563424,2280801
1793,888,cifar10,92.47,92.11,200,781504,3182990
1631,888,cifar10,89.61,88.68,200,262096,960017
607,888,cifar10,92.79,92.36,200,575984,2494857
2101,888,cifar10,75.18,65.26,200,505056,1858219
2203,888,cifar10,90.73,90.55,200,284128,984619
2011,888,cifar10,92.78,92.53,200,621424,2733226
2034,888,cifar10,92.03,12.12,200,580976,2286561
1932,888,cifar10,92.83,91.99,200,959728,4018612
2136,888,cifar10,93.23,93.28,200,495088,1832785
2189,888,cifar10,91.07,90.79,200,443056,1645885
2316,888,cifar10,88.76,86.93,200,462608,1621347
1158,888,cifar10,70.09,25.24,200,453936,1688305
1019,888,cifar10,90.48,88.38,200,510896,2091782
2237,888,cifar10,88.46,84.98,200,432480,1688241
2440,888,cifar10,89.03,88.39,200,252592,959377
2146,888,cifar10,92.55,92.06,200,734096,2711339
953,888,cifar10,87.5,84.28,200,243536,826811
1265,888,cifar10,92.4,80.02,200,798576,3165115
1172,888,cifar10,91.79,91.49,200,689408,2680401
2294,888,cifar10,92.45,91.96,200,532352,2050457
619,888,cifar10,89.88,87.96,200,280800,1006033
2305,888,cifar10,87.14,60.7,200,457360,1862142
1475,888,cifar10,92.05,91.65,200,441024,1614819
2417,888,cifar10,86.62,24.85,200,278496,991403
1500,888,cifar10,91.04,90.73,200,769184,2940979
2502,888,cifar10,74.02,26.57,200,189664,579212
1818,888,cifar10,93.58,93.39,200,730816,2903506
445,888,cifar10,89.38,20.42,200,583376,2296431
2349,888,cifar10,76.37,11.05,200,435824,1681386
2475,888,cifar10,90.33,89.19,200,505968,2043602
1781,888,cifar10,89.92,89.23,200,267824,984491
1721,888,cifar10,91.1,89.46,200,506448,2092742
1758,888,cifar10,92.22,91.87,200,533168,2273626
2337,888,cifar10,87.02,21.86,200,444480,1687281
2381,888,cifar10,92.16,91.97,200,736176,2910617
2248,888,cifar10,88.11,87.12,200,720976,2753823
1710,888,cifar10,89.72,88.81,200,285584,1182994
1642,888,cifar10,88.9,28.62,200,287616,990507
2428,888,cifar10,91.84,91.78,200,523184,2057241
1543,888,cifar10,91.97,90.97,200,715712,2705003
2539,888,cifar10,86.89,54.39,200,450416,1639101
817,888,cifar10,92.43,92.11,200,724256,2921707
1565,888,cifar10,86.64,25.51,200,743760,2916569
269,888,cifar10,91.87,11.29,200,551568,2070255
2167,888,cifar10,93.41,93.18,200,1217792,4861025
2392,888,cifar10,92.01,42.23,200,520880,1858091
1735,888,cifar10,87.25,84.54,200,280272,1009093
2360,888,cifar10,92.77,92.55,200,553184,2280545
2260,888,cifar10,92.83,92.73,200,1003696,4000673
1586,888,cifar10,61.48,38.65,200,150896,517521
1911,888,cifar10,10.0,10.0,200,179280,568946
2591,888,cifar10,88.22,87.7,200,236768,761187
1943,888,cifar10,93.02,92.68,200,501408,1827025
2270,888,cifar10,88.27,88.02,200,759088,2959629
2326,888,cifar10,92.33,90.69,200,728080,2952902
2463,888,cifar10,84.67,79.74,200,714240,2729541
146,888,cifar10,86.08,42.97,0,464576,1660081
2685,888,cifar10,88.52,84.49,200,252384,785597
1662,888,cifar10,91.1,89.31,200,432208,1621411
2227,888,cifar10,93.16,83.25,200,1013488,4025147
1874,888,cifar10,84.88,16.15,200,738608,2711915
1953,888,cifar10,75.03,15.53,200,451072,1628131
2525,888,cifar10,91.08,90.42,200,541696,2074419
1674,888,cifar10,90.18,89.3,200,487600,1844843
2370,888,cifar10,92.6,91.97,200,780272,3158260
2625,888,cifar10,77.12,18.05,200,204640,580172
1453,888,cifar10,92.1,91.96,200,475312,1832785
1890,888,cifar10,77.1,11.87,200,220592,796688
2454,888,cifar10,80.57,60.63,200,175680,531096
2719,888,cifar10,89.06,85.51,200,265072,983723
2035,888,cifar10,89.72,89.3,200,211600,736393
1575,888,cifar10,92.51,92.3,200,518800,2067500
1840,888,cifar10,93.03,92.73,200,807088,3364194
2024,888,cifar10,87.19,72.13,200,428960,1632374
988,888,cifar10,86.08,80.72,200,226016,777219
2741,888,cifar10,68.73,32.62,200,192080,562290
1533,888,cifar10,85.06,29.32,200,238832,803543
2709,888,cifar10,92.01,48.96,200,491136,1826833
2487,888,cifar10,91.52,91.25,200,806032,3164859
1976,888,cifar10,91.91,91.67,200,514016,2050457
2115,888,cifar10,82.42,76.56,200,228128,779005
2550,888,cifar10,90.0,87.68,200,549248,2099341
1828,888,cifar10,92.6,92.46,200,576032,2503714
2057,888,cifar10,92.05,92.19,200,475600,1826833
2080,888,cifar10,91.48,91.48,200,434496,1614755
1862,888,cifar10,91.1,88.87,200,487536,1844843
2190,888,cifar10,57.52,10.06,200,180896,573516
1851,888,cifar10,10.0,10.0,200,290112,997739
2639,888,cifar10,91.4,91.24,200,496016,1851691
1442,888,cifar10,75.49,66.48,200,449184,1645821
2068,888,cifar10,92.13,91.54,200,515776,1869189
1490,888,cifar10,91.0,44.92,200,788016,3140513
2513,888,cifar10,92.56,92.41,200,984720,3819789
1633,888,cifar10,85.51,42.42,200,241088,803607
1477,888,cifar10,52.95,17.67,200,144352,566597
1794,888,cifar10,90.04,88.36,200,268480,991147
2403,888,cifar10,91.83,89.34,200,996448,4043086
2672,888,cifar10,92.48,92.27,200,572736,2280481
2002,888,cifar10,88.86,88.22,200,505680,1876101
1511,888,cifar10,91.37,90.82,200,789504,2940659
1553,888,cifar10,10.0,10.0,200,457568,1652477
1963,888,cifar10,93.79,93.35,200,759072,3158388
1501,888,cifar10,62.17,12.54,200,177216,548914
2602,888,cifar10,90.54,90.28,200,761008,2922777
2613,888,cifar10,92.45,91.97,200,713728,2729349
2204,888,cifar10,86.16,63.88,200,236752,1002110
2137,888,cifar10,89.81,51.76,200,268080,984491
2651,888,cifar10,92.03,91.81,200,930752,3788268
2441,888,cifar10,91.98,91.93,200,425616,1602313
1608,888,cifar10,89.97,17.0,200,714496,2728837
2570,888,cifar10,93.03,93.01,200,1013776,4024507
1462,888,cifar10,93.56,92.5,200,1696720,7034602
2102,888,cifar10,93.17,92.99,200,747440,2910681
2774,888,cifar10,10.0,10.0,200,487968,1839505
1597,888,cifar10,91.4,90.57,200,527520,2117216
2046,888,cifar10,91.37,89.03,200,524416,2099277
2764,888,cifar10,86.64,82.02,200,275280,1009093
2147,888,cifar10,89.74,89.15,200,285136,1207532
1782,888,cifar10,80.2,44.06,200,181504,548914
2157,888,cifar10,86.88,84.59,200,254592,785725
2306,888,cifar10,87.21,71.58,200,450480,1638269
1901,888,cifar10,92.4,91.79,200,999936,4025147
2126,888,cifar10,92.41,92.25,200,1042896,4230377
2091,888,cifar10,92.58,92.3,200,748192,2934643
2797,888,cifar10,10.0,10.0,200,491616,1858155
2215,888,cifar10,90.39,88.66,200,294624,991083
2317,888,cifar10,90.47,85.73,200,684944,2722558
2012,888,cifar10,91.42,91.09,200,756640,2934835
1748,888,cifar10,87.62,80.5,200,447424,1837732
2350,888,cifar10,89.26,89.01,200,320784,1189785
2817,888,cifar10,89.52,41.73,200,482400,1844651
2503,888,cifar10,92.07,91.77,200,668080,2697892
1722,888,cifar10,79.76,74.77,200,236848,773603
2754,888,cifar10,90.42,82.5,200,713728,2729029
1944,888,cifar10,86.15,77.4,200,205728,772150
1977,888,cifar10,86.19,85.94,200,152784,506622
2418,888,cifar10,88.17,87.55,200,501088,1876037
1523,888,cifar10,92.37,91.74,200,716336,2729605
2191,888,cifar10,85.91,85.76,200,151616,513278
1863,888,cifar10,86.42,86.13,200,151632,513214
2540,888,cifar10,88.88,19.75,200,307488,1196057
2829,888,cifar10,88.79,10.0,200,512768,1869189
2238,888,cifar10,92.99,92.52,200,774656,3182670
2476,888,cifar10,92.65,92.68,200,556784,2273690
1923,888,cifar10,89.1,88.61,200,267824,973521
2382,888,cifar10,10.0,10.0,200,243120,792317
2455,888,cifar10,87.37,84.58,200,395968,1632438
1819,888,cifar10,92.2,91.73,200,698656,2710571
2561,888,cifar10,92.73,92.67,200,731728,2910489
1737,888,cifar10,69.48,14.99,200,273376,1033247
2251,888,cifar10,82.57,54.12,200,481328,1670103
1675,888,cifar10,88.56,87.93,200,265840,973585
2393,888,cifar10,89.83,89.69,200,530512,2057177
1544,888,cifar10,92.04,91.28,200,538272,2074547
1876,888,cifar10,89.9,88.95,200,288896,991147
2338,888,cifar10,91.13,90.55,200,542352,2298036
1912,888,cifar10,92.94,93.16,200,717008,2705003
1454,888,cifar10,91.54,89.34,200,443504,1621347
1566,888,cifar10,90.92,90.6,200,492960,1893727
2710,888,cifar10,88.71,84.8,200,223984,760291
2807,888,cifar10,93.42,93.21,200,814896,3388540
1759,888,cifar10,89.79,10.63,200,583488,2305403
2228,888,cifar10,91.43,89.39,200,530752,1857899
2464,888,cifar10,91.87,19.98,200,704224,2692945
2429,888,cifar10,92.19,91.67,200,757488,3158068
1587,888,cifar10,92.62,91.96,200,744032,2934515
1992,888,cifar10,92.42,92.17,200,449200,1813386
1954,888,cifar10,89.42,79.04,200,301280,1232262
1807,888,cifar10,91.57,90.07,200,916304,3788268
1643,888,cifar10,92.36,53.46,200,761584,2940403
1841,888,cifar10,89.72,89.22,200,481456,1844779
1664,888,cifar10,90.62,90.24,200,574976,2081459
2261,888,cifar10,90.73,11.73,200,779264,2941491
2626,888,cifar10,88.97,88.42,200,553152,2280801
2272,888,cifar10,93.02,92.71,200,814048,3140769
2058,888,cifar10,93.16,93.14,200,491408,1826705
2036,888,cifar10,86.19,59.45,200,236768,802647
1576,888,cifar10,92.15,90.78,200,497856,1844587
2179,888,cifar10,85.37,67.12,200,193664,796432
2081,888,cifar10,88.24,81.07,200,474592,1837988
1688,888,cifar10,89.94,84.79,200,449216,1644797
1829,888,cifar10,73.56,15.74,200,237616,803479
1534,888,cifar10,69.73,14.4,200,244816,810135
2592,888,cifar10,91.51,91.05,200,574688,2528572
2686,888,cifar10,93.15,93.13,200,967312,3777369
1770,888,cifar10,89.34,88.91,200,756800,2940851
2527,888,cifar10,89.67,89.28,200,554128,2081459
2640,888,cifar10,86.99,82.34,200,276336,1008965
1852,888,cifar10,10.0,10.0,200,488512,1833745
1478,888,cifar10,87.11,76.25,200,459344,1862334
2730,888,cifar10,75.17,45.28,200,184240,555570
2404,888,cifar10,86.71,62.24,200,472704,1862206
1609,888,cifar10,89.95,89.39,200,268000,984555
2362,888,cifar10,75.82,62.48,200,163808,536792
2673,888,cifar10,79.86,17.02,200,428720,1681258
2138,888,cifar10,77.21,19.34,200,220432,796560
2116,888,cifar10,91.63,91.04,200,512864,2073715
2488,888,cifar10,73.41,33.65,200,722384,2729349
1700,888,cifar10,85.34,46.19,200,505136,1875141
2047,888,cifar10,91.85,91.48,200,434960,1610185
2720,888,cifar10,93.3,93.29,200,795024,3363682
1634,888,cifar10,89.29,24.78,200,510256,1851179
2442,888,cifar10,79.64,73.74,200,280976,991531
1444,888,cifar10,89.66,87.08,200,368832,1444667
1502,888,cifar10,89.87,42.81,200,504736,2067500
1554,888,cifar10,86.19,59.87,200,438976,1680874
1964,888,cifar10,92.12,60.58,200,537056,2056153
2551,888,cifar10,91.34,91.23,200,967696,3777561
2069,888,cifar10,92.66,69.03,200,803760,3141025
2571,888,cifar10,87.55,67.26,200,475424,1887128
1934,888,cifar10,92.91,92.75,200,765280,2910297
1512,888,cifar10,91.27,89.19,200,508512,1893727
1796,888,cifar10,91.68,90.32,200,719024,2729477
1622,888,cifar10,88.86,84.44,200,449088,1645885
2743,888,cifar10,93.58,93.51,200,1007968,4223650
2514,888,cifar10,92.15,91.89,200,766736,2934707
2614,888,cifar10,91.9,60.01,200,752112,2917401
2158,888,cifar10,92.24,91.69,200,486736,1844587
2652,888,cifar10,91.11,88.84,200,546160,2074931
2775,888,cifar10,92.91,92.65,200,729648,2910553
2003,888,cifar10,79.76,69.96,200,507264,1875845
2216,888,cifar10,88.78,88.46,200,308240,1196697
2318,888,cifar10,79.64,19.88,200,441600,1639229
2818,888,cifar10,87.74,84.33,200,445376,1837668
1784,888,cifar10,87.64,84.93,200,525632,1858155
2663,888,cifar10,92.79,92.6,200,818544,3370793
2542,888,cifar10,10.0,10.0,200,424400,1603017
2148,888,cifar10,10.0,10.0,200,539792,2063321
2285,888,cifar10,91.29,90.78,200,740800,2934451
2307,888,cifar10,92.75,92.43,200,529680,2074611
2340,888,cifar10,79.29,39.6,200,208576,747484
2830,888,cifar10,91.29,91.21,200,434608,1620323
2711,888,cifar10,58.21,11.39,200,182896,573516
2765,888,cifar10,91.83,90.32,200,718080,2952710
2092,888,cifar10,88.07,84.66,200,312640,1015813
2798,888,cifar10,92.17,46.31,200,541808,2056345
1463,888,cifar10,90.52,88.59,200,549376,2099725
1945,888,cifar10,92.16,92.14,200,514704,2049369
2786,888,cifar10,92.95,92.73,200,1035248,4231017
2504,888,cifar10,92.59,92.24,200,502160,1851499
1524,888,cifar10,91.25,91.1,200,503232,1851627
2103,888,cifar10,92.6,25.36,200,985360,3801139
2296,888,cifar10,88.95,11.62,200,323536,1203609
2239,888,cifar10,91.22,89.38,200,486256,2067948
2351,888,cifar10,86.55,66.94,200,481200,1886552
2562,888,cifar10,83.39,65.47,200,470064,1645821
2700,888,cifar10,92.97,92.89,200,993968,4018356
1654,888,cifar10,93.58,93.27,200,1454848,5944546
1925,888,cifar10,91.0,89.48,200,478384,1869189
1864,888,cifar10,91.15,47.61,200,490944,1869253
1978,888,cifar10,84.79,64.91,200,689312,2746648
2430,888,cifar10,78.04,55.7,200,424304,1632310
2013,888,cifar10,93.76,93.51,200,774048,3158260
2363,888,cifar10,74.77,62.66,200,175072,537816
1993,888,cifar10,89.45,89.0,200,304656,1190297
1713,888,cifar10,90.8,90.42,200,554224,2081139
2755,888,cifar10,92.85,92.13,200,757376,3158004
1665,888,cifar10,87.14,75.09,200,224704,778045
2169,888,cifar10,91.66,90.69,200,499456,1844715
1738,888,cifar10,90.22,84.19,200,505520,1869317
1676,888,cifar10,69.33,10.05,200,452640,1688177
2456,888,cifar10,91.61,90.66,200,746752,3158388
2394,888,cifar10,91.67,90.25,200,542016,2297844
1644,888,cifar10,89.05,78.29,200,281984,1008261
1545,888,cifar10,91.61,90.87,200,499664,1875141
2262,888,cifar10,90.88,88.46,200,480064,1844587
2880,888,cifar10,90.7,58.71,200,359952,1420385
1820,888,cifar10,91.75,91.46,200,743296,2977440
1892,888,cifar10,92.53,91.81,200,534512,2273946
2139,888,cifar10,90.39,89.53,200,284880,1183314
2419,888,cifar10,92.78,92.76,200,1018912,4025467
1724,888,cifar10,93.34,92.98,200,1017936,4249020
1760,888,cifar10,90.87,90.06,200,541440,2074291
1455,888,cifar10,91.0,89.87,200,551344,2322766
2465,888,cifar10,89.79,38.11,200,554976,2074419
2675,888,cifar10,91.49,91.56,200,474848,1826449
1853,888,cifar10,91.73,90.59,200,477760,1844843
2593,888,cifar10,87.72,77.85,200,454800,1645821
2869,888,cifar10,90.87,86.72,200,351216,1462478
1689,888,cifar10,90.94,88.97,200,697520,2705067
1842,888,cifar10,93.52,93.52,200,745808,2910617
1771,888,cifar10,84.93,79.91,200,450816,1645821
2443,888,cifar10,88.54,88.41,200,245616,785661
2082,888,cifar10,92.96,92.67,200,765856,2910681
1785,888,cifar10,86.63,85.99,200,175056,537752
2273,888,cifar10,91.85,91.44,200,525264,2074355
1635,888,cifar10,88.04,85.95,200,456288,1837348
2059,888,cifar10,91.2,89.57,200,699296,2928044
2721,888,cifar10,76.81,33.58,200,434144,1632310
1830,888,cifar10,90.14,88.52,200,478288,1868997
2687,888,cifar10,92.39,91.58,200,712864,2705067
2477,888,cifar10,91.08,90.11,200,949584,3837408
1479,888,cifar10,92.17,91.69,200,710256,2928108
1809,888,cifar10,91.71,10.65,200,956880,3777625
2529,888,cifar10,91.47,90.65,200,540080,2074931
2037,888,cifar10,92.16,92.09,200,944576,3769753
1877,888,cifar10,92.78,91.95,200,982576,4042894
2206,888,cifar10,68.24,35.43,200,454464,1652349
1955,888,cifar10,91.33,90.81,200,583344,2305339
2048,888,cifar10,92.52,92.45,200,705904,2903762
2286,888,cifar10,86.43,86.2,200,157200,531096
1702,888,cifar10,87.93,79.14,200,276016,1009157
2583,888,cifar10,91.06,88.72,200,461872,1628067
2641,888,cifar10,92.59,91.68,200,735248,2927980
1493,888,cifar10,92.06,92.03,200,499856,2067948
1535,888,cifar10,88.74,84.9,200,713888,2753823
1913,888,cifar10,92.67,91.48,200,992592,4043214
1503,888,cifar10,91.5,89.4,200,684704,2698020
1445,888,cifar10,93.04,92.84,200,698272,2705003
1966,888,cifar10,92.05,68.92,200,698336,2686161
2384,888,cifar10,10.0,10.0,200,132736,526526
2766,888,cifar10,89.34,88.82,200,232288,761187
2405,888,cifar10,92.34,91.3,200,555296,2099661
2615,888,cifar10,91.49,90.23,200,497808,1844651
2653,888,cifar10,86.14,81.34,200,242784,791421
1623,888,cifar10,91.64,90.38,200,507744,1851499
2229,888,cifar10,92.46,92.04,200,996272,4043278
2117,888,cifar10,88.28,86.29,200,544128,2099021
2004,888,cifar10,91.73,91.8,200,480800,1833745
2799,888,cifar10,75.91,25.16,200,227968,767843
2856,888,cifar10,92.8,91.83,200,1000752,4024571
2573,888,cifar10,91.35,89.81,200,695072,2704811
1995,888,cifar10,86.37,86.16,200,167744,531096
1599,888,cifar10,88.95,88.3,200,355744,1420705
2341,888,cifar10,76.14,65.32,200,437536,1621219
2664,888,cifar10,91.75,91.7,200,491472,1833745
2297,888,cifar10,90.59,90.6,200,289792,966609
2712,888,cifar10,75.43,60.5,200,448384,1628003
2629,888,cifar10,93.45,93.33,200,1253984,4867873
1935,888,cifar10,90.83,89.33,200,677296,2722622
1903,888,cifar10,90.28,90.08,200,427520,1639165
2071,888,cifar10,91.9,91.51,200,738720,2928108
1556,888,cifar10,93.88,93.73,200,963168,3994074
2552,888,cifar10,93.44,93.32,200,788192,3140001
2788,888,cifar10,89.46,88.74,200,284192,1207468
2563,888,cifar10,88.22,83.86,200,217248,760355
2832,888,cifar10,91.99,91.92,200,503600,1844779
2776,888,cifar10,93.98,93.98,200,753664,2916313
2093,888,cifar10,90.26,89.04,200,277136,996971
1946,888,cifar10,75.54,17.26,200,493952,1851499
1568,888,cifar10,91.89,91.67,200,438880,1596553
2543,888,cifar10,78.75,23.09,200,503456,1869189
2219,888,cifar10,91.57,25.25,200,705952,2729349
1797,888,cifar10,93.17,93.16,200,1008816,3801971
2104,888,cifar10,90.27,83.9,200,458992,1639293
2159,888,cifar10,94.17,93.95,200,771216,3158388
2515,888,cifar10,93.51,93.14,200,993264,4224290
2457,888,cifar10,89.79,88.87,200,234256,779005
2240,888,cifar10,92.02,91.99,200,523248,2056793
1831,888,cifar10,74.73,52.04,200,146048,555570
1526,888,cifar10,88.99,80.08,200,491328,1892831
1677,888,cifar10,55.42,10.0,200,181728,598054
2506,888,cifar10,93.26,93.03,200,750256,2935091
2329,888,cifar10,91.46,90.77,200,806000,3164795
2373,888,cifar10,87.71,80.66,200,216816,753443
2819,888,cifar10,92.28,91.87,200,988256,4025275
2420,888,cifar10,91.14,89.02,200,450256,1621347
1667,888,cifar10,84.76,57.33,200,245920,1026776
2845,888,cifar10,93.34,93.11,200,785760,3141025
1690,888,cifar10,86.2,85.73,200,217152,761187
2149,888,cifar10,92.93,92.6,200,781408,3182926
1714,888,cifar10,90.89,83.68,200,491824,1868485
1750,888,cifar10,88.63,10.0,200,474480,1886680
1703,888,cifar10,88.93,85.98,200,237024,754659
2432,888,cifar10,92.2,91.96,200,753632,2935091
1878,888,cifar10,89.99,88.86,200,238720,977572
2364,888,cifar10,91.24,90.65,200,715760,2729541
1761,888,cifar10,84.93,59.16,200,216272,796624
1611,888,cifar10,90.89,89.2,200,699680,2705003
2181,888,cifar10,75.73,22.52,200,459264,1645629
2584,888,cifar10,89.59,49.19,200,275568,959953
2170,888,cifar10,92.73,92.61,200,540480,2074611
1821,888,cifar10,92.38,91.94,200,509904,2067756
2756,888,cifar10,88.88,84.8,200,760672,2934835
1739,888,cifar10,85.43,82.46,200,329408,1239117
2604,888,cifar10,92.05,91.16,200,1186016,4903310
2253,888,cifar10,89.33,89.03,200,569856,2304891
1504,888,cifar10,89.08,88.69,200,267824,973585
2274,888,cifar10,92.01,91.72,200,709168,2687057
2014,888,cifar10,90.78,50.93,200,768032,2940787
2207,888,cifar10,92.23,35.6,200,504320,1833745
1854,888,cifar10,91.86,91.45,200,505008,1851435
2140,888,cifar10,90.81,88.74,200,523328,2092550
1482,888,cifar10,83.99,75.07,200,441680,1663767
2701,888,cifar10,93.27,93.09,200,989136,4018548
2881,888,cifar10,90.77,90.67,200,528752,2081267
2676,888,cifar10,93.29,93.25,200,747216,2910617
1865,888,cifar10,93.5,93.29,200,1065824,4231017
2870,888,cifar10,93.33,93.06,200,736128,3133530
1725,888,cifar10,91.01,89.13,200,712976,2728389
2352,888,cifar10,93.08,92.33,200,1017776,4248764
2287,888,cifar10,87.83,80.34,200,289136,1009349
1956,888,cifar10,89.85,82.94,200,463952,1645821
2478,888,cifar10,92.16,91.9,200,569488,2280929
1904,888,cifar10,88.97,8.88,200,285792,966801
1589,888,cifar10,84.92,14.64,200,718128,2711403
2809,888,cifar10,92.3,92.02,200,974224,3794483
2230,888,cifar10,77.82,21.54,200,219872,796688
2642,888,cifar10,91.64,30.54,200,704944,2693777
2857,888,cifar10,89.17,8.98,200,498512,1826705
2038,888,cifar10,91.37,90.17,200,525216,2074803
2594,888,cifar10,93.2,93.02,200,928752,3788332
1466,888,cifar10,88.0,80.63,200,684800,2698020
2444,888,cifar10,90.93,89.15,200,723648,2952774
2733,888,cifar10,90.06,89.87,200,719280,2710955
1772,888,cifar10,92.15,69.12,200,754864,2934835
1515,888,cifar10,88.42,84.45,200,468432,1837924
2530,888,cifar10,91.95,91.75,200,780512,2941299
2492,888,cifar10,89.62,10.13,200,743680,2952966
1914,888,cifar10,89.6,82.5,200,504192,1869253
2395,888,cifar10,88.99,70.11,200,734512,2977568
1494,888,cifar10,90.91,89.58,200,718720,2927980
1967,888,cifar10,90.69,86.91,200,493728,1868613
1636,888,cifar10,92.54,91.94,200,776000,3182862
2118,888,cifar10,86.83,29.41,200,499648,1869253
2263,888,cifar10,92.34,91.44,200,979376,3819725
2060,888,cifar10,89.07,20.91,200,746160,2977248
2631,888,cifar10,88.86,72.58,200,278128,1008453
2049,888,cifar10,92.82,92.43,200,772672,3183054
1843,888,cifar10,92.39,92.25,200,1042944,4231273
2458,888,cifar10,86.3,62.78,200,230704,778109
1810,888,cifar10,93.01,92.74,200,798752,3164283
1624,888,cifar10,88.84,11.07,200,774880,3140449
1557,888,cifar10,91.13,28.06,200,785360,2917401
1996,888,cifar10,91.84,91.77,200,763056,2917273
2654,888,cifar10,90.88,86.82,200,517088,2092422
2745,888,cifar10,84.99,82.16,200,689456,2729029
2616,888,cifar10,92.7,76.66,200,595136,2287329
2342,888,cifar10,92.15,92.12,200,944672,3770329
1981,888,cifar10,92.37,91.83,200,523584,2050457
2241,888,cifar10,86.91,33.19,200,274672,966609
2574,888,cifar10,92.66,92.32,200,753264,2934515
2073,888,cifar10,92.33,67.73,200,752064,2916313
1578,888,cifar10,92.32,91.76,200,566224,2323022
2544,888,cifar10,87.33,62.94,200,674416,2722494
2160,888,cifar10,91.05,90.57,200,557888,2057241
1936,888,cifar10,92.45,92.3,200,792176,3140897
2800,888,cifar10,89.84,55.25,200,696304,2746712
1569,888,cifar10,90.25,79.92,200,496592,1869381
2298,888,cifar10,91.44,90.76,200,574480,2080691
2517,888,cifar10,75.48,11.51,200,479952,1851691
2094,888,cifar10,88.71,17.14,200,321536,1239373
2564,888,cifar10,92.49,92.35,200,598160,2503842
1446,888,cifar10,93.21,86.85,200,1013696,4025403
1798,888,cifar10,75.0,62.13,200,511536,1858091
2406,888,cifar10,91.68,90.52,200,985232,3819981
2777,888,cifar10,92.31,92.1,200,963168,3994202
1833,888,cifar10,89.23,30.82,200,501184,1869573
2702,888,cifar10,81.26,77.9,200,412768,1582850
1947,888,cifar10,90.13,86.77,200,921504,3787884
2005,888,cifar10,92.43,91.67,200,1018928,4025467
2171,888,cifar10,88.63,88.38,200,285552,966673
2320,888,cifar10,92.67,92.54,200,968272,3794355
2691,888,cifar10,91.18,74.53,200,711488,2705003
2767,888,cifar10,92.84,92.69,200,1233824,4885499
2553,888,cifar10,93.04,92.82,200,963280,3794931
2374,888,cifar10,91.28,90.54,200,518816,2067628
2846,888,cifar10,10.0,10.0,200,323904,1203481
1879,888,cifar10,88.13,84.98,200,441776,1621347
1751,888,cifar10,89.58,89.06,200,323872,1190041
1505,888,cifar10,10.0,10.0,200,272944,979153
2028,888,cifar10,86.04,81.71,200,451792,1639229
1527,888,cifar10,92.95,92.57,200,556992,2297972
2141,888,cifar10,88.6,88.36,200,251696,966609
2196,888,cifar10,86.48,17.15,200,430400,1627043
2150,888,cifar10,88.0,78.18,200,283600,1008965
2821,888,cifar10,89.05,80.31,200,486128,1911666
1715,888,cifar10,89.05,85.42,200,289152,1009093
2105,888,cifar10,92.96,92.61,200,963232,3794611
2723,888,cifar10,78.2,14.01,200,219808,772150
2757,888,cifar10,90.53,90.32,200,434528,1620387
1678,888,cifar10,91.99,66.74,200,754320,2934515
2677,888,cifar10,67.11,34.83,200,194400,580172
1905,888,cifar10,85.73,73.59,200,225520,779069
2507,888,cifar10,93.19,92.99,200,986624,3777497
2467,888,cifar10,88.0,84.04,200,449456,1837668
1740,888,cifar10,91.89,90.59,200,463584,1862526
1668,888,cifar10,92.29,92.26,200,598256,2503970
1822,888,cifar10,91.12,89.59,200,492304,1868357
2421,888,cifar10,91.52,89.3,200,508256,2092550
2365,888,cifar10,75.58,64.63,200,501712,1875781
1957,888,cifar10,88.56,86.58,200,271104,984683
2434,888,cifar10,69.46,12.93,200,488416,1893407
2447,888,cifar10,88.62,88.43,200,233456,767843
2734,888,cifar10,91.64,91.61,200,435664,1603273
2858,888,cifar10,88.6,88.11,200,244096,767843
2275,888,cifar10,92.06,91.96,200,523232,2056217
1483,888,cifar10,89.19,20.08,200,275872,1009157
2208,888,cifar10,91.95,32.58,200,739440,2910361
1516,888,cifar10,92.08,92.05,200,466208,1820177
1704,888,cifar10,92.09,91.86,200,732784,2729413
2299,888,cifar10,70.91,66.11,200,154720,499966
2885,888,cifar10,75.71,20.89,200,242464,809943
2288,888,cifar10,89.87,89.78,200,452880,1639165
2596,888,cifar10,85.99,82.34,200,285552,972625
2605,888,cifar10,83.82,78.6,200,528160,1876037
2015,888,cifar10,91.25,89.68,200,708672,2704939
1591,888,cifar10,84.95,67.71,200,454640,1663639
2493,888,cifar10,86.25,86.27,200,434960,1609993
1637,888,cifar10,86.96,31.55,200,235616,761251
1916,888,cifar10,92.54,92.35,200,494256,1820241
2585,888,cifar10,91.11,35.27,200,707280,2729349
1866,888,cifar10,87.45,79.8,200,443536,1645693
1602,888,cifar10,88.95,79.6,200,234064,785661
1495,888,cifar10,87.9,86.98,200,247904,785533
2479,888,cifar10,91.35,89.34,200,446400,1645885
2130,888,cifar10,90.09,88.77,200,722336,2736197
1691,888,cifar10,91.31,89.67,200,764240,2959373
2310,888,cifar10,92.09,91.57,200,435104,1620387
2061,888,cifar10,89.96,88.87,200,263872,785661
2872,888,cifar10,92.26,63.94,200,771376,2917017
1558,888,cifar10,89.69,89.19,200,239008,779005
1570,888,cifar10,60.12,11.38,200,184048,548914
1537,888,cifar10,92.22,57.97,200,754096,2910553
2747,888,cifar10,86.4,86.12,200,235984,767907
2039,888,cifar10,87.37,63.43,200,473008,1886744
1773,888,cifar10,91.22,88.19,200,478432,1868293
2050,888,cifar10,10.0,10.0,200,481472,1833745
2575,888,cifar10,88.82,86.03,200,229264,761315
2084,888,cifar10,75.52,13.17,200,719760,2736325
2836,888,cifar10,91.34,90.07,200,699136,2927724
1856,888,cifar10,93.61,92.61,200,940176,3813062
1937,888,cifar10,88.73,88.0,200,218832,760355
2231,888,cifar10,91.97,91.81,200,764256,3158388
2222,888,cifar10,86.5,85.57,200,687408,2687121
2643,888,cifar10,91.3,14.15,200,779232,2941427
2386,888,cifar10,92.15,91.15,200,757488,3157620
1579,888,cifar10,91.0,91.11,200,447840,1639165
1982,888,cifar10,90.67,90.52,200,299856,1197017
1457,888,cifar10,92.4,18.27,200,774880,3140641
1927,888,cifar10,93.29,92.85,200,1013728,4025339
2655,888,cifar10,91.44,90.96,200,484928,1844843
2532,888,cifar10,92.81,86.6,200,812032,3141025
1844,888,cifar10,90.16,85.69,200,449152,1644861
1997,888,cifar10,91.1,89.14,200,502576,1844843
2459,888,cifar10,84.66,67.0,200,238400,827121
2396,888,cifar10,92.46,92.3,200,771120,3140449
2565,888,cifar10,10.0,10.0,200,179392,562290
1968,888,cifar10,92.8,91.55,200,510848,2092742
1467,888,cifar10,92.32,91.76,200,959200,4018228
2545,888,cifar10,87.66,61.51,200,475440,1862142
2343,888,cifar10,92.69,92.55,200,540624,2273690
2264,888,cifar10,92.85,92.84,200,752960,2916377
2617,888,cifar10,69.4,16.04,200,450960,1669271
1881,888,cifar10,58.55,17.24,200,180928,573516
2790,888,cifar10,92.6,92.34,200,761648,2910361
2714,888,cifar10,92.23,54.13,200,581056,2286561
2161,888,cifar10,87.72,51.45,200,450736,1663703
2779,888,cifar10,90.6,90.35,200,309568,1190297
1811,888,cifar10,90.1,48.11,200,742864,2927916
1548,888,cifar10,92.39,91.37,200,538176,2074355
1799,888,cifar10,91.92,62.48,200,482448,1844779
2801,888,cifar10,88.57,10.34,200,513392,1851691
2095,888,cifar10,88.99,10.6,200,366048,1426401
2724,888,cifar10,86.92,77.64,200,230272,977572
1528,888,cifar10,79.71,43.01,200,226064,779005
2692,888,cifar10,87.52,10.04,200,299360,1008197
2332,888,cifar10,89.68,89.17,200,259248,966161
1895,888,cifar10,92.08,91.94,200,482080,1832785
2321,888,cifar10,87.17,10.0,200,353376,1201241
2242,888,cifar10,91.28,87.15,200,727264,2952710
1657,888,cifar10,92.01,91.52,200,739600,2952710
2151,888,cifar10,92.01,21.99,200,498560,1826577
2768,888,cifar10,89.17,85.22,200,263408,1009157
2029,888,cifar10,92.33,92.06,200,484144,1825937
2470,888,cifar10,91.08,89.71,200,443712,1621475
2703,888,cifar10,90.11,71.38,200,708608,2928108
1948,888,cifar10,90.6,83.21,200,498672,1869189
2172,888,cifar10,91.65,89.75,200,542016,2073203
2422,888,cifar10,91.64,91.41,200,455616,1838052
2679,888,cifar10,86.87,40.32,200,458864,1639293
1752,888,cifar10,89.81,86.41,200,293152,1232582
2860,888,cifar10,88.62,88.14,200,275232,984619
2448,888,cifar10,88.92,86.23,200,233456,785661
1906,888,cifar10,93.43,93.42,200,733408,2910681
1484,888,cifar10,89.34,88.69,200,244960,785725
2197,888,cifar10,93.09,92.86,200,748784,2910617
2300,888,cifar10,91.28,89.27,200,438928,1621411
1592,888,cifar10,87.07,56.15,200,428624,1656848
2597,888,cifar10,89.47,88.85,200,274144,1009221
1867,888,cifar10,88.67,85.37,200,267344,984683
1496,888,cifar10,88.65,85.14,200,225824,766947
2847,888,cifar10,91.99,91.53,200,951952,3794995
1705,888,cifar10,88.81,88.37,200,285088,1009221
2822,888,cifar10,75.37,61.06,200,520928,1875909
1669,888,cifar10,93.83,93.56,200,745872,2910425
2276,888,cifar10,92.79,92.84,200,508688,1851691
1517,888,cifar10,90.59,90.54,200,530896,1858283
2435,888,cifar10,91.43,50.97,200,502592,1851307
1917,888,cifar10,90.08,89.4,200,292496,1009093
1823,888,cifar10,92.62,76.07,200,542048,2074803
2586,888,cifar10,92.13,92.08,200,525616,1851691
2289,888,cifar10,90.21,89.18,200,327216,1438132
2131,888,cifar10,79.81,72.2,200,263104,1015301
2409,888,cifar10,92.79,92.16,200,1199216,4903438
2606,888,cifar10,92.03,91.67,200,538192,2074739
2495,888,cifar10,91.26,90.56,200,512784,2073715
1741,888,cifar10,89.77,70.66,200,696288,2747032
2376,888,cifar10,92.75,92.55,200,1200448,4878836
2265,888,cifar10,86.57,86.35,200,164368,537816
2508,888,cifar10,93.78,93.36,200,771968,3158388
1506,888,cifar10,92.29,54.0,200,1013584,4024443
1958,888,cifar10,91.52,90.65,200,578272,2305147
1692,888,cifar10,91.51,13.27,200,488496,1857195
1774,888,cifar10,10.0,10.0,200,432560,1627875
2016,888,cifar10,92.74,92.58,200,752272,2917337
2758,888,cifar10,92.44,92.03,200,802752,3388860
1928,888,cifar10,82.43,78.61,200,239488,785661
2735,888,cifar10,90.48,85.82,200,720048,2753951
2533,888,cifar10,89.66,88.38,200,217072,760227
2873,888,cifar10,88.8,11.51,200,330816,1202521
1998,888,cifar10,69.43,16.74,200,167312,622592
2480,888,cifar10,89.26,85.32,200,363248,1444923
2209,888,cifar10,92.66,92.62,200,998864,4001249
1571,888,cifar10,91.23,90.38,200,700480,2705003
2040,888,cifar10,88.38,88.28,200,289296,997995
1448,888,cifar10,79.64,69.64,200,185712,554610
2554,888,cifar10,93.52,93.29,200,1245520,5109052
1857,888,cifar10,82.01,76.36,200,275440,1009285
1559,888,cifar10,92.11,91.95,200,721920,2710571
2748,888,cifar10,91.07,88.33,200,693632,2704875
1716,888,cifar10,93.74,93.75,200,1266608,5314154
1835,888,cifar10,39.1,36.75,200,144000,492983
2255,888,cifar10,91.85,90.46,200,547168,2098381
2546,888,cifar10,90.9,89.13,200,441728,1621347
1800,888,cifar10,77.87,10.0,200,424096,1607708
1647,888,cifar10,92.43,91.18,200,587712,2528124
2811,888,cifar10,88.76,86.81,200,527664,1875077
2051,888,cifar10,10.0,10.0,200,703504,2693585
1626,888,cifar10,92.61,92.64,200,492176,2043026
2120,888,cifar10,87.37,74.39,200,451104,1862526
2354,888,cifar10,92.54,91.85,200,931392,3788268
2576,888,cifar10,91.0,90.96,200,707008,2711467
2223,888,cifar10,90.66,90.38,200,780320,2923545
1845,888,cifar10,92.53,92.56,200,537360,2057177
2715,888,cifar10,87.44,10.22,200,264576,1002302
2243,888,cifar10,85.37,79.23,200,225920,778685
2519,888,cifar10,93.33,93.14,200,814880,3388668
1580,888,cifar10,91.32,89.39,200,508176,2092294
2618,888,cifar10,91.08,90.83,200,538928,2057049
2085,888,cifar10,91.5,91.08,200,574528,2080819
1549,888,cifar10,86.7,86.39,200,280944,991531
2198,888,cifar10,87.62,86.8,200,211552,729737
2657,888,cifar10,92.97,92.83,200,768736,2916121
1938,888,cifar10,92.63,61.67,200,804448,3140961
1983,888,cifar10,92.76,91.86,200,558256,2305083
1593,888,cifar10,88.57,88.3,200,224608,742985
2152,888,cifar10,86.5,19.97,200,442912,1628067
2397,888,cifar10,89.85,81.23,200,508208,2092358
1538,888,cifar10,91.34,87.46,200,734512,2977568
2460,888,cifar10,84.54,81.85,200,726512,2717291
2096,888,cifar10,91.88,91.82,200,485216,1844843
1458,888,cifar10,89.85,51.2,200,947632,3813318
1969,888,cifar10,92.07,91.48,200,574576,2080691
2680,888,cifar10,87.05,84.44,200,428144,1656784
1883,888,cifar10,92.09,91.81,200,726672,2753887
2333,888,cifar10,91.51,89.93,200,500800,2067884
2566,888,cifar10,93.49,55.19,200,1006304,4000993
1529,888,cifar10,92.02,91.26,200,517728,2074675
2802,888,cifar10,92.31,91.85,200,710608,2729413
2645,888,cifar10,90.75,90.27,200,971904,3801523
1907,888,cifar10,88.85,12.69,200,282928,972561
2186,888,cifar10,84.14,84.15,200,477776,1820049
1812,888,cifar10,92.85,92.61,200,749568,2934579
1469,888,cifar10,92.63,91.8,200,978496,3795251
2387,888,cifar10,93.49,93.43,200,1221104,5083746
1616,888,cifar10,89.93,89.27,200,217424,736265
1788,888,cifar10,91.23,89.7,200,971024,4043022
2471,888,cifar10,91.34,91.0,200,507696,1851499
2233,888,cifar10,88.66,84.93,200,265040,984683
2791,888,cifar10,91.85,90.31,200,566272,2322766
2861,888,cifar10,92.01,91.86,200,699824,2680337
2667,888,cifar10,91.84,91.21,200,526848,2073843
1897,888,cifar10,92.85,92.4,200,939216,3788268
2839,888,cifar10,80.5,76.04,200,255440,767843
2725,888,cifar10,93.45,93.24,200,997472,4001121
2322,888,cifar10,91.27,91.31,200,725648,2952646
2534,888,cifar10,88.71,88.28,200,234896,749897
1670,888,cifar10,87.31,76.58,200,448800,1837732
2704,888,cifar10,93.89,93.56,200,731776,2927980
1765,888,cifar10,54.91,15.7,200,162400,541995
2007,888,cifar10,88.05,85.51,200,483968,1652477
1658,888,cifar10,93.22,93.09,200,824016,3147233
1868,888,cifar10,92.48,23.36,200,512816,1851755
2509,888,cifar10,56.53,16.21,200,189120,598054
1753,888,cifar10,92.44,82.31,200,554944,2074419
2481,888,cifar10,86.11,85.84,200,173072,537752
1999,888,cifar10,88.73,88.16,200,426608,1589833
2423,888,cifar10,88.89,18.46,200,504832,2092294
2496,888,cifar10,91.06,91.22,200,458080,1614755
1680,888,cifar10,91.83,91.88,200,449920,1634595
2693,888,cifar10,93.15,93.12,200,1033760,4231017
1518,888,cifar10,87.57,10.45,200,314992,1232390
1561,888,cifar10,87.33,73.54,200,221632,754595
2633,888,cifar10,92.3,91.93,200,806288,3165307
2887,888,cifar10,87.37,83.03,200,234064,784765
2173,888,cifar10,92.26,92.01,200,756768,3157940
1706,888,cifar10,92.27,91.92,200,738256,2916825
2132,888,cifar10,86.52,25.17,200,496352,1851307
2892,888,cifar10,93.21,93.09,200,793728,2941811
1959,888,cifar10,89.44,64.61,200,268048,984683
2377,888,cifar10,91.01,90.51,200,284272,1207084
1497,888,cifar10,86.65,86.49,200,711120,2711851
2520,888,cifar10,10.0,10.0,200,148736,544408
1507,888,cifar10,92.07,91.82,200,514608,2049433
2449,888,cifar10,90.81,88.71,200,555088,2099725
2075,888,cifar10,92.53,92.17,200,771328,3158388
2277,888,cifar10,89.83,28.93,200,331488,1220339
2410,888,cifar10,86.04,48.66,200,453936,1663703
2598,888,cifar10,89.28,88.84,200,333344,1239373
2143,888,cifar10,89.67,88.63,200,246048,803543
2030,888,cifar10,93.96,93.62,200,1202208,4878388
2266,888,cifar10,75.85,65.62,200,457472,1652413
2302,888,cifar10,92.5,91.98,200,948704,3794483
2313,888,cifar10,91.93,91.9,200,1007168,4000801
1929,888,cifar10,82.84,12.29,200,320880,1238733
2244,888,cifar10,86.28,47.2,200,235056,754595
2737,888,cifar10,91.28,89.67,200,499856,2067756
2064,888,cifar10,92.21,92.01,200,459264,1645821
1693,888,cifar10,91.84,90.88,200,504416,2092614
2436,888,cifar10,92.85,92.58,200,765792,3158260
2848,888,cifar10,91.9,91.27,200,566192,2322830
2607,888,cifar10,91.63,91.18,200,505824,1893471
1824,888,cifar10,92.86,91.84,200,757232,3158452
2256,888,cifar10,92.42,92.19,200,514624,2049817
2367,888,cifar10,92.11,91.7,200,953968,3795059
2042,888,cifar10,85.06,82.8,200,733360,2711979
2017,888,cifar10,87.78,57.6,200,691440,2747160
2874,888,cifar10,90.26,12.76,200,334000,1238605
2097,888,cifar10,75.59,66.38,200,178800,562290
1836,888,cifar10,91.86,33.86,200,727904,2711979
1742,888,cifar10,93.54,93.39,200,850704,3370985
2052,888,cifar10,90.37,88.71,200,701136,2705067
1775,888,cifar10,91.99,80.84,200,768192,2940851
1581,888,cifar10,91.37,90.08,200,467104,1844779
2547,888,cifar10,92.92,91.86,200,495120,1869189
2759,888,cifar10,93.0,92.38,200,756816,3158324
2108,888,cifar10,89.57,81.65,200,480768,1670295
2903,888,cifar10,87.49,85.35,200,544000,2099213
1988,888,cifar10,84.79,63.56,200,211456,796624
2355,888,cifar10,90.82,87.66,200,471952,1886872
2924,888,cifar10,91.75,91.83,200,472112,1826193
2749,888,cifar10,90.92,90.31,200,578304,2304187
2803,888,cifar10,86.43,29.54,200,444032,1621411
1648,888,cifar10,91.49,17.53,200,740480,2934707
1594,888,cifar10,88.81,12.3,200,496864,1844779
2716,888,cifar10,75.77,61.66,200,305888,1015813
2153,888,cifar10,90.9,89.46,200,448576,1663831
2200,888,cifar10,89.59,89.53,200,732336,2909977
1628,888,cifar10,88.84,19.41,200,502160,1893471
2681,888,cifar10,85.09,77.07,200,444272,1639229
1939,888,cifar10,93.41,93.22,200,557456,2273370
1539,888,cifar10,68.38,15.87,200,474736,1651645
1898,888,cifar10,92.09,91.97,200,454608,1813450
1858,888,cifar10,92.0,91.67,200,781280,3183246
2086,888,cifar10,91.91,91.29,200,501472,1876037
2620,888,cifar10,86.41,21.22,200,713008,2729541
2668,888,cifar10,10.0,10.0,200,271472,973585
1604,888,cifar10,92.04,91.47,200,1013488,4025019
1617,888,cifar10,93.78,93.59,200,697712,2680273
2224,888,cifar10,93.18,92.88,200,772432,3158452
1846,888,cifar10,90.53,83.77,200,723168,2952838
2658,888,cifar10,93.09,92.9,200,979536,3770713
2862,888,cifar10,89.78,48.71,200,269392,984299
1754,888,cifar10,80.32,48.73,200,230448,779005
2726,888,cifar10,88.73,88.72,200,223824,784829
1813,888,cifar10,91.78,91.12,200,518560,1851435
2646,888,cifar10,90.44,89.17,200,278704,1014853
1671,888,cifar10,87.6,71.72,200,450400,1639101
2781,888,cifar10,90.91,90.4,200,480032,1868293
1729,888,cifar10,92.91,92.47,200,1032064,4025339
2461,888,cifar10,91.83,91.6,200,716704,2736133
2234,888,cifar10,79.11,50.72,200,478800,1652541
2556,888,cifar10,74.03,37.28,200,228832,778813
2567,888,cifar10,88.89,88.02,200,546016,2063641
2957,888,cifar10,92.84,78.11,200,757616,2934963
2588,888,cifar10,10.0,10.0,200,209360,742985
2535,888,cifar10,91.68,91.47,200,509648,1844779
2793,888,cifar10,88.55,88.5,200,523264,2056217
2334,888,cifar10,87.96,87.81,200,714160,2717419
2378,888,cifar10,86.5,39.85,200,234096,779133
2472,888,cifar10,93.54,93.47,200,746528,2909657
1950,888,cifar10,92.37,91.91,200,740800,2934771
1470,888,cifar10,89.74,52.73,200,321696,1239373
2695,888,cifar10,85.38,33.56,200,249568,803543
2770,888,cifar10,72.58,12.55,200,463232,1638973
2982,888,cifar10,93.38,93.38,200,993376,4223778
1887,888,cifar10,89.99,83.15,200,704960,2752927
2992,888,cifar10,88.57,88.62,200,236080,766883
2946,888,cifar10,91.49,90.99,200,435600,1639165
2608,888,cifar10,88.28,87.63,200,209856,743113
1870,888,cifar10,88.18,83.93,200,689520,2722558
2969,888,cifar10,92.22,91.84,200,992144,3800499
1908,888,cifar10,91.68,19.07,200,786144,3165051
2450,888,cifar10,88.79,87.88,200,472016,1826641
1789,888,cifar10,91.44,90.87,200,746912,2959437
2425,888,cifar10,91.46,89.85,200,521456,1851691
1696,888,cifar10,78.26,15.81,200,209648,796624
1681,888,cifar10,92.05,27.44,200,754032,2910233
2577,888,cifar10,93.08,92.82,200,1211424,4903502
2482,888,cifar10,91.3,89.61,200,717152,2729605
1919,888,cifar10,82.5,17.85,200,236080,803543
1718,888,cifar10,89.89,19.58,200,498640,1868357
2411,888,cifar10,89.44,86.7,200,295504,1009285
1766,888,cifar10,91.72,90.24,200,560384,2298228
2347,888,cifar10,80.34,76.54,200,227408,766947
1930,888,cifar10,79.45,33.33,200,193216,598054
2076,888,cifar10,88.36,14.2,200,305776,998059
2323,888,cifar10,92.2,54.33,200,754848,2934515
2888,888,cifar10,92.08,91.87,200,441568,1651517
1803,888,cifar10,76.1,48.55,200,726576,2718315
1659,888,cifar10,92.59,92.42,200,750192,2934771
2634,888,cifar10,91.0,42.55,200,490960,1869317
2031,888,cifar10,90.5,62.06,200,546896,2050329
2893,888,cifar10,88.15,84.62,200,453840,1688305
3005,888,cifar10,92.77,92.57,200,721920,2903762
1707,888,cifar10,91.52,91.07,200,541488,2080883
1582,888,cifar10,68.8,27.31,200,185648,555570
2303,888,cifar10,91.02,90.21,200,480992,1869189
2043,888,cifar10,88.26,80.01,200,463968,1837860
2278,888,cifar10,91.45,90.62,200,557344,2297844
2133,888,cifar10,88.26,15.4,200,766736,2940851
2849,888,cifar10,89.03,85.64,200,461712,1663639
2599,888,cifar10,91.45,90.53,200,542304,2297972
2824,888,cifar10,90.75,90.03,200,760960,2922777
2267,888,cifar10,86.16,39.49,200,468832,1887064
2174,888,cifar10,92.24,11.2,200,583408,2304955
2065,888,cifar10,90.19,72.0,200,491600,1869189
2144,888,cifar10,89.08,84.18,200,304432,1257184
2314,888,cifar10,92.84,92.74,200,986496,3770777
2245,888,cifar10,92.58,92.37,200,540800,2073651
1825,888,cifar10,92.99,92.99,200,714448,2927660
1989,888,cifar10,89.21,85.94,200,232176,803671
2983,888,cifar10,55.85,10.0,200,173248,566597
1743,888,cifar10,87.31,86.16,200,672736,2697892
2548,888,cifar10,76.11,14.48,200,513104,1851435
2437,888,cifar10,87.43,54.66,200,692064,2747288
1776,888,cifar10,75.6,14.25,200,289488,1015813
2390,888,cifar10,87.33,78.24,200,220880,754595
2000,888,cifar10,91.95,91.35,200,1227168,4885627
1838,888,cifar10,83.46,78.19,200,292192,1015813
2098,888,cifar10,90.36,89.18,200,340400,1462734
2292,888,cifar10,92.83,92.36,200,989072,4018420
1960,888,cifar10,91.19,90.28,200,979408,3819789
2621,888,cifar10,89.12,85.25,200,233840,761251
2717,888,cifar10,87.92,36.04,200,473904,1862526
1640,888,cifar10,91.17,91.08,200,1012720,4025467
2399,888,cifar10,75.42,64.74,200,454240,1645885
2109,888,cifar10,89.58,81.36,200,293184,1232070
2738,888,cifar10,88.55,13.14,200,751520,2959373
2165,888,cifar10,92.15,92.11,200,473456,1826577
1940,888,cifar10,82.29,76.68,200,277040,1008901
3045,888,cifar10,93.61,93.3,200,511152,2067948
2972,888,cifar10,88.82,85.05,200,240640,784765
2054,888,cifar10,90.2,84.86,200,713728,2729541
2473,888,cifar10,91.83,91.7,200,435616,1603273
2925,888,cifar10,91.64,90.26,200,529552,2297524
1649,888,cifar10,91.63,89.25,200,514256,2092614
2993,888,cifar10,87.12,79.7,200,457136,1663703
1605,888,cifar10,91.67,91.39,200,532016,1876165
1755,888,cifar10,86.4,37.83,200,690176,2686417
2760,888,cifar10,91.04,91.07,200,612720,2510825
2669,888,cifar10,88.21,81.85,200,292000,1009157
2875,888,cifar10,93.03,92.71,200,982768,3800819
1899,888,cifar10,92.07,91.78,200,715904,2705003
1815,888,cifar10,92.02,91.97,200,482128,1833553
2568,888,cifar10,88.14,82.14,200,463200,1837796
2379,888,cifar10,86.33,83.51,200,241296,785661
1719,888,cifar10,87.35,86.5,200,229936,952842
1859,888,cifar10,91.09,39.81,200,709680,2711915
2557,888,cifar10,89.01,88.54,200,330112,1196057
2087,888,cifar10,91.51,89.21,200,520016,2074675
2154,888,cifar10,90.75,19.95,200,779168,2941747
2750,888,cifar10,85.04,82.21,200,756464,2941427
2647,888,cifar10,90.74,90.0,200,285072,1009413
2225,888,cifar10,93.66,93.27,200,748768,3133850
2727,888,cifar10,91.89,91.87,200,706560,2700561
2335,888,cifar10,89.48,88.94,200,316720,1413594
2536,888,cifar10,91.99,91.88,200,485248,1844907
3070,888,cifar10,84.29,83.86,200,221808,735945
2589,888,cifar10,91.23,91.12,200,455264,1644989
2894,888,cifar10,86.55,86.17,200,221904,742985
2794,888,cifar10,89.04,20.41,200,500944,1868549
2426,888,cifar10,80.0,48.94,200,446944,1639229
2212,888,cifar10,93.16,93.35,200,1007232,4224162
1973,888,cifar10,91.62,91.81,200,958064,3777433
2578,888,cifar10,93.02,92.96,200,482608,1820177
2483,888,cifar10,79.43,44.66,200,190064,580172
2134,888,cifar10,86.33,85.85,200,155344,537752
2771,888,cifar10,91.16,88.15,200,499776,1869445
2936,888,cifar10,92.1,91.82,200,799840,3140897
2412,888,cifar10,88.19,80.59,200,422800,1632246
3019,888,cifar10,92.47,92.19,200,544704,2298228
2452,888,cifar10,83.86,80.66,200,518272,1851563
2511,888,cifar10,88.11,87.39,200,471440,1837796
2915,888,cifar10,92.78,92.55,200,769760,3140065
1672,888,cifar10,68.35,28.96,200,507328,1875973
1931,888,cifar10,88.42,11.14,200,282048,1016005
2947,888,cifar10,92.29,91.54,200,708096,2705003
2348,888,cifar10,87.34,70.31,200,433760,1656784
1920,888,cifar10,92.26,92.09,200,490224,1850603
1708,888,cifar10,92.25,92.07,200,482736,1826897
2984,888,cifar10,88.79,86.46,200,531808,1875973
1791,888,cifar10,91.18,89.86,200,508160,1875077
2188,888,cifar10,93.13,93.06,200,1027632,4223970
2304,888,cifar10,86.5,86.31,200,482720,1833745
1888,888,cifar10,91.87,91.36,200,570528,2304123
2324,888,cifar10,93.12,74.7,200,542224,2056025
2235,888,cifar10,92.46,92.06,200,992176,3800627
2706,888,cifar10,90.99,77.3,200,546544,2080627
2145,888,cifar10,89.37,86.92,200,450928,1639037
2851,888,cifar10,90.71,90.57,200,518144,1840401
2841,888,cifar10,92.18,91.98,200,1257936,5091369
3086,888,cifar10,92.44,91.97,200,758848,2933555
2009,888,cifar10,90.56,90.08,200,442128,1639037
2635,888,cifar10,91.86,91.78,200,530432,2056089
1731,888,cifar10,92.6,92.24,200,1042912,4231081
1804,888,cifar10,89.28,88.02,200,586320,2287393
1767,888,cifar10,84.88,12.36,200,766720,2941363
1682,888,cifar10,92.39,25.75,200,770288,2941619
2110,888,cifar10,86.19,80.26,200,205584,772022
2973,888,cifar10,89.62,87.21,200,294880,1207724
2369,888,cifar10,93.19,93.21,200,526080,2050329
2523,888,cifar10,91.48,91.15,200,505664,1875077
2293,888,cifar10,79.2,45.45,200,179008,555570
1826,888,cifar10,88.66,86.6,200,282864,1009157
2032,888,cifar10,92.44,92.18,200,745936,2718507
3033,888,cifar10,93.48,93.45,200,792608,3140961
2960,888,cifar10,87.67,17.76,200,253296,977572
1951,888,cifar10,92.8,92.74,200,996464,4043150
2499,888,cifar10,92.34,92.15,200,541840,2298100
2391,888,cifar10,88.01,59.42,200,457936,1862206
2044,888,cifar10,92.5,92.04,200,552256,2074547
2994,888,cifar10,92.26,92.18,200,746656,2910553
3046,888,cifar10,93.08,92.9,200,788160,3141089
2622,888,cifar10,91.27,89.77,200,442864,1621411
2077,888,cifar10,92.05,12.96,200,798608,3165371
2175,888,cifar10,89.88,87.72,200,504240,1851115
2826,888,cifar10,87.86,47.02,200,486128,1911410
3133,888,cifar10,80.07,59.52,200,220240,754595
2268,888,cifar10,91.79,91.58,200,539328,2080243
1860,888,cifar10,86.73,86.21,200,200656,736073
2357,888,cifar10,86.61,62.86,200,418352,1681322
2258,888,cifar10,88.65,11.08,200,545840,2062681
2400,888,cifar10,90.76,90.09,200,320704,1189337
3155,888,cifar10,85.73,79.91,200,225472,779005
2889,888,cifar10,93.13,93.17,200,1051600,4454122
2718,888,cifar10,91.0,90.89,200,507552,1869253
2549,888,cifar10,91.94,91.89,200,540624,2073715
2761,888,cifar10,87.39,78.01,200,303088,980305
1777,888,cifar10,84.04,11.44,200,501712,1893791
2438,888,cifar10,92.38,92.2,200,707200,2711595
2739,888,cifar10,88.84,11.54,200,538960,2050393
2474,888,cifar10,88.31,84.33,200,446624,1837732
2569,888,cifar10,87.58,80.27,200,430512,1613795
3007,888,cifar10,91.53,90.72,200,558304,2304891
2512,888,cifar10,87.61,86.41,200,210144,729481
2055,888,cifar10,92.04,39.13,200,506064,1851691
2926,888,cifar10,92.44,92.18,200,517408,2049497
2066,888,cifar10,93.94,93.59,200,961824,4018484
2670,888,cifar10,91.04,89.72,200,480016,1844715
2100,888,cifar10,91.75,90.7,200,560512,2322958
2610,888,cifar10,91.16,89.85,200,465264,1645885
3021,888,cifar10,89.59,26.33,200,715840,2729669
2751,888,cifar10,82.14,52.63,200,451024,1662679
2020,888,cifar10,88.49,9.39,200,551360,2081395
3224,888,cifar10,80.13,56.64,200,170816,537752
2896,888,cifar10,92.44,91.98,200,483424,1820177
2336,888,cifar10,75.9,59.35,200,290000,997995
2985,888,cifar10,86.28,17.16,200,496192,1832785
1941,888,cifar10,93.63,93.67,200,557696,2298164
2380,888,cifar10,90.12,88.61,200,300720,1232326
3413,888,cifar10,75.77,67.22,200,187968,562290
3100,888,cifar10,70.44,14.25,200,171136,580172
2155,888,cifar10,73.22,24.31,200,460576,1663767
3294,888,cifar10,86.69,86.14,200,449200,1645821
3168,888,cifar10,90.6,90.6,200,537904,2056153
2876,888,cifar10,92.43,92.24,200,715040,2928044
2166,888,cifar10,91.72,90.67,200,778240,2959565
2805,888,cifar10,91.85,91.48,200,689904,2686033
2590,888,cifar10,93.17,92.61,200,484880,1844779
1650,888,cifar10,90.65,76.16,200,531344,2099149
1816,888,cifar10,92.58,92.21,200,588736,2304827
2485,888,cifar10,86.8,86.67,200,681792,2687057
3436,888,cifar10,89.15,88.67,200,280704,990379
2937,888,cifar10,91.93,92.04,200,457104,1634787
2948,888,cifar10,87.01,82.92,200,240832,784765
3324,888,cifar10,68.56,15.52,200,194080,579212
1974,888,cifar10,88.65,85.36,200,473856,1645821
2866,888,cifar10,89.07,44.76,200,583440,2304891
3304,888,cifar10,92.94,92.73,200,774224,3158388
3145,888,cifar10,88.5,12.23,200,770112,2941619
2697,888,cifar10,91.93,91.76,200,753696,2923673
3355,888,cifar10,91.27,90.59,200,539584,2098445
3112,888,cifar10,91.67,89.49,200,501696,2067820
3426,888,cifar10,42.02,13.45,200,170336,566597
2135,888,cifar10,90.98,90.6,200,522048,1851563
2783,888,cifar10,82.68,56.82,200,447680,1663511
2660,888,cifar10,91.99,91.17,200,578256,2304955
3214,888,cifar10,88.5,11.32,200,503168,1851307
2995,888,cifar10,87.84,67.67,200,456224,1639293
2707,888,cifar10,86.24,85.54,200,223984,761187
3391,888,cifar10,90.7,90.25,200,721408,2952838
3481,888,cifar10,90.73,90.38,200,279344,984683
2558,888,cifar10,92.35,92.33,200,602016,2304763
2427,888,cifar10,90.51,59.17,200,713504,2710763
2842,888,cifar10,92.44,92.14,200,477872,1820241
2524,888,cifar10,79.29,27.9,200,413328,1607580
3191,888,cifar10,88.22,85.71,200,393776,1426337
2962,888,cifar10,92.43,91.31,200,564240,2280609
2728,888,cifar10,91.38,90.78,200,591280,2305019
2213,888,cifar10,93.11,92.85,200,795312,3141025
3087,888,cifar10,88.75,9.98,200,491776,1826961
2538,888,cifar10,93.48,93.02,200,774816,3158388
2916,888,cifar10,90.04,89.44,200,494496,1869189
2280,888,cifar10,92.41,91.97,200,551952,2298164
3367,888,cifar10,91.35,42.45,200,751632,2959565
2579,888,cifar10,86.17,82.2,200,507232,1875909
3470,888,cifar10,93.27,93.06,200,754272,2916377
2795,888,cifar10,93.33,92.81,200,759040,3157812
2176,888,cifar10,76.05,64.82,200,171760,544472
2112,888,cifar10,90.08,90.12,200,269776,984555
3458,888,cifar10,93.29,93.2,200,778336,3363938
3679,888,cifar10,86.54,86.23,200,150912,513214
1849,888,cifar10,10.0,10.0,200,448160,1633763
3073,888,cifar10,88.98,88.74,200,290784,1015941
3203,888,cifar10,90.64,86.6,200,536864,2098637
3179,888,cifar10,92.17,91.56,200,778224,2959757
3034,888,cifar10,92.09,91.74,200,475632,2043410
2772,888,cifar10,93.75,93.47,200,771952,3158324
3060,888,cifar10,77.32,67.11,200,235232,810071
2325,888,cifar10,86.73,45.53,200,685648,2747224
2623,888,cifar10,82.89,45.11,200,445296,1639229
3259,888,cifar10,93.16,92.93,200,765024,3158388
3449,888,cifar10,86.53,19.83,200,204288,742985
1732,888,cifar10,88.54,88.21,200,531056,2074739
3599,888,cifar10,86.62,53.47,200,191904,772150
3022,888,cifar10,86.67,86.7,200,472304,1826961
2815,888,cifar10,91.53,90.43,200,548352,2074867
3135,888,cifar10,92.28,92.06,200,500080,1827089
3234,888,cifar10,92.36,92.14,200,946304,3812998
3008,888,cifar10,91.34,90.63,200,517824,2092550
2637,888,cifar10,89.32,87.53,200,375952,1444987
3504,888,cifar10,91.48,88.12,200,742736,2735237
2501,888,cifar10,84.26,79.87,200,442592,1669271
2078,888,cifar10,91.26,88.34,200,496416,1844843
3156,888,cifar10,89.76,86.7,200,280080,984683
2010,888,cifar10,92.16,30.82,200,740432,2934771
2740,888,cifar10,89.11,88.75,200,268624,984491
2890,888,cifar10,67.09,17.98,200,210400,604710
3658,888,cifar10,91.38,90.7,200,530656,2073715
2852,888,cifar10,92.27,66.74,200,802464,3146657
3702,888,cifar10,92.36,92.21,200,523168,2273882
3714,888,cifar10,75.66,61.43,200,163040,537752
3633,888,cifar10,10.0,10.0,200,215200,749833
3415,888,cifar10,90.96,37.04,200,717632,2711723
3295,888,cifar10,92.43,92.18,200,583456,2280929
3514,888,cifar10,88.56,79.01,200,271728,1051506
3690,888,cifar10,92.24,91.84,200,541760,2298228
2439,888,cifar10,90.99,88.72,200,499472,1851307
3885,888,cifar10,86.49,26.68,200,227616,761187
3757,888,cifar10,91.81,89.92,200,505680,2092806
3589,888,cifar10,91.75,91.73,200,514656,2050329
3315,888,cifar10,90.86,90.69,200,778208,3147617
3668,888,cifar10,90.92,55.1,200,548960,2099341
3325,888,cifar10,86.45,81.88,200,297776,1033631
2269,888,cifar10,92.73,92.57,200,748688,2934835
2762,888,cifar10,89.4,11.61,200,718160,2711723
3746,888,cifar10,86.69,86.33,200,719168,2711531
2259,888,cifar10,90.6,85.92,200,574544,2081139
2611,888,cifar10,90.23,89.83,200,285808,1207596
3841,888,cifar10,88.18,10.0,200,256976,1002302
3623,888,cifar10,75.56,10.48,200,493824,1851691
3346,888,cifar10,90.73,90.3,200,503216,1851435
3356,888,cifar10,89.87,88.4,200,311696,1257312
3427,888,cifar10,88.36,85.45,200,541248,2074739
2416,888,cifar10,92.22,92.06,200,529984,2050457
3725,888,cifar10,92.08,91.9,200,777168,2940339
3225,888,cifar10,90.97,89.28,200,495056,1844715
3484,888,cifar10,91.27,88.48,200,520144,2074803
3283,888,cifar10,75.91,66.56,200,437872,1645757
2358,888,cifar10,91.19,90.6,200,797664,3165179
3305,888,cifar10,92.6,92.2,200,727264,2952774
3537,888,cifar10,91.28,90.15,200,789232,2941363
3368,888,cifar10,87.16,85.95,200,196896,747740
2877,888,cifar10,91.99,91.79,200,499792,1844843
3146,888,cifar10,90.24,59.94,200,276096,966801
2963,888,cifar10,92.44,92.26,200,555968,2273946
3680,888,cifar10,88.98,88.09,200,229936,784637
2661,888,cifar10,88.88,85.21,200,227024,761187
2752,888,cifar10,89.99,86.2,200,470576,1886808
3610,888,cifar10,86.26,33.79,200,959504,3777625
3113,888,cifar10,91.33,89.26,200,441984,1614755
3459,888,cifar10,90.8,88.96,200,492864,1844715
2906,888,cifar10,93.25,93.21,200,970864,3994202
3578,888,cifar10,92.74,92.55,200,774736,3140065
3830,888,cifar10,93.07,92.68,200,792576,3140961
3780,888,cifar10,92.64,90.33,200,785808,3165307
3380,888,cifar10,93.44,93.14,200,1014176,4001249
3471,888,cifar10,73.72,10.0,200,435120,1681258
2897,888,cifar10,91.31,89.32,200,540736,2074483
2996,888,cifar10,92.41,92.2,200,982128,4018484
2927,888,cifar10,91.68,91.28,200,558320,2322830
3818,888,cifar10,92.6,92.35,200,810560,3364130
2796,888,cifar10,10.0,10.0,200,161312,544408
2401,888,cifar10,92.85,92.6,200,1035360,4231337
2559,888,cifar10,73.52,15.19,200,239008,785469
2650,888,cifar10,92.63,92.45,200,495856,1844715
2806,888,cifar10,91.13,89.36,200,510752,1850411
2976,888,cifar10,89.49,82.42,200,531312,2099149
3392,888,cifar10,85.94,25.52,200,227536,803671
3547,888,cifar10,92.34,61.43,200,983280,3801011
2784,888,cifar10,88.78,85.79,200,475120,1639037
3035,888,cifar10,93.66,93.63,200,723520,2928108
3123,888,cifar10,92.67,92.23,200,996368,4043406
3769,888,cifar10,92.33,92.02,200,499344,2067884
3010,888,cifar10,92.03,92.25,200,487856,1833745
3075,888,cifar10,92.35,91.96,200,750176,2934899
3215,888,cifar10,90.23,89.12,200,318096,1214451
3852,888,cifar10,91.85,91.72,200,675936,2679377
3271,888,cifar10,88.48,88.12,200,273728,991467
3169,888,cifar10,92.29,91.44,200,758688,2934067
3805,888,cifar10,93.0,92.79,200,1215456,4884603
3862,888,cifar10,91.42,86.56,200,970944,4043150
2949,888,cifar10,90.63,87.81,200,340288,1239501
3062,888,cifar10,92.85,92.49,200,769744,3140321
3647,888,cifar10,92.16,90.88,200,587744,2528508
3659,888,cifar10,86.1,45.88,200,235232,779133
3450,888,cifar10,90.31,88.65,200,368752,1444795
3157,888,cifar10,86.33,86.22,200,175200,555570
3438,888,cifar10,86.55,13.59,200,695776,2686993
3181,888,cifar10,92.66,92.53,200,466736,1826001
3872,888,cifar10,92.21,92.2,200,717872,2705131
3703,888,cifar10,92.29,91.32,200,728560,2705003
3102,888,cifar10,89.64,88.35,200,288400,1009157
3960,888,cifar10,90.79,90.51,200,295760,973585
3337,888,cifar10,88.69,88.1,200,488384,1826961
3737,888,cifar10,92.81,92.65,200,755776,2940467
3192,888,cifar10,92.98,92.77,200,579072,2503650
3326,888,cifar10,90.65,90.45,200,507504,1833745
3357,888,cifar10,89.18,44.34,200,485168,1820177
2816,888,cifar10,89.83,89.13,200,275216,990251
3347,888,cifar10,86.81,10.88,200,278432,991531
2580,888,cifar10,93.68,93.59,200,773056,3134042
3023,888,cifar10,10.0,10.0,200,479584,1833745
4017,888,cifar10,92.17,92.14,200,772192,2917401
2917,888,cifar10,91.42,90.57,200,523392,2117344
2939,888,cifar10,91.81,10.32,200,1048016,4231081
3681,888,cifar10,89.59,89.14,200,187664,729673
3136,888,cifar10,85.71,80.31,200,443728,1663767
3906,888,cifar10,88.93,38.69,200,477136,1886744
3237,888,cifar10,92.46,92.25,200,550400,2273882
4006,888,cifar10,92.06,92.02,200,493520,1833745
3938,888,cifar10,89.09,86.38,200,297184,1232454
3715,888,cifar10,92.99,92.17,200,948464,3813318
4029,888,cifar10,89.53,84.82,200,340048,1239565
3505,888,cifar10,91.7,91.62,200,523232,2057049
3515,888,cifar10,75.61,61.45,200,235152,785469
3284,888,cifar10,88.85,10.93,200,287664,991531
2987,888,cifar10,90.63,34.3,200,508064,1869381
3831,888,cifar10,76.03,11.05,200,217824,785661
3260,888,cifar10,88.8,87.74,200,509872,1893727
3917,888,cifar10,92.15,91.98,200,583648,2304443
3114,888,cifar10,83.78,52.02,200,202800,845700
4082,888,cifar10,91.93,91.74,200,507760,1858155
4149,888,cifar10,90.08,57.43,200,494864,1820049
3669,888,cifar10,91.85,91.87,200,732800,2952774
3204,888,cifar10,85.92,81.75,200,548384,2099405
3747,888,cifar10,73.63,18.87,200,234144,779005
3076,888,cifar10,86.52,86.35,200,407952,1603145
3996,888,cifar10,84.9,68.96,200,565216,2063577
3296,888,cifar10,92.65,92.25,200,802880,3388860
4206,888,cifar10,88.4,88.09,200,239664,761315
4060,888,cifar10,89.26,80.55,200,482032,1911410
3496,888,cifar10,89.99,89.52,200,238320,778941
3949,888,cifar10,92.68,23.1,200,587536,2286561
4093,888,cifar10,84.84,80.36,200,489920,1892767
3635,888,cifar10,91.33,91.28,200,474080,1862526
3843,888,cifar10,86.94,67.15,200,696384,2747160
4105,888,cifar10,92.92,92.72,200,530544,2056217
2964,888,cifar10,87.07,61.64,200,473008,1886872
3692,888,cifar10,92.44,92.19,200,1257840,5091241
4127,888,cifar10,90.15,89.55,200,486288,1868421
3416,888,cifar10,90.26,88.7,200,485488,2067948
3600,888,cifar10,92.17,91.17,200,744592,3157940
4185,888,cifar10,88.9,10.0,200,322048,1197081
3970,888,cifar10,90.89,89.12,200,499696,1875077
2828,888,cifar10,90.74,88.69,200,693424,2728453
3485,888,cifar10,91.22,89.87,200,710096,2729541
3381,888,cifar10,92.19,91.96,200,542992,2074675
4050,888,cifar10,93.23,92.83,200,991184,4018548
3886,888,cifar10,91.13,89.21,200,493584,1844843
3782,888,cifar10,92.4,92.22,200,557440,2280865
3012,888,cifar10,75.84,62.23,200,202128,586828
3089,888,cifar10,75.78,17.01,200,244160,785661
3428,888,cifar10,93.24,22.65,200,798672,3165371
2950,888,cifar10,88.15,18.28,200,253232,977508
3461,888,cifar10,93.2,92.89,200,788672,3141025
3393,888,cifar10,86.28,21.5,200,504192,1851563
4071,888,cifar10,10.0,10.0,200,266368,973585
3405,888,cifar10,91.76,91.47,200,961552,3795059
3036,888,cifar10,91.72,90.02,200,508528,1869509
3527,888,cifar10,92.48,92.46,200,732880,3133658
3863,888,cifar10,80.08,30.42,200,408896,1705796
2977,888,cifar10,89.77,88.93,200,367584,1444987
3579,888,cifar10,88.34,84.67,200,236080,779005
3590,888,cifar10,86.82,29.13,200,714656,2729605
3611,888,cifar10,91.99,91.62,200,452480,1837732
3704,888,cifar10,88.84,86.03,200,235312,761187
4039,888,cifar10,10.0,10.0,200,539072,2063385
4196,888,cifar10,90.05,10.14,200,588576,2287521
2763,888,cifar10,88.78,11.3,200,557904,2063769
2878,888,cifar10,91.3,88.86,200,480048,1843883
3853,888,cifar10,91.95,90.64,200,554288,2074739
3928,888,cifar10,93.45,93.44,200,1262400,5090281
2853,888,cifar10,90.09,32.66,200,721280,2735301
3451,888,cifar10,91.66,89.09,200,507184,2067884
3226,888,cifar10,92.02,88.93,200,504256,2092742
3624,888,cifar10,90.05,88.93,200,531760,2074739
3806,888,cifar10,91.84,91.6,200,507360,1876037
3063,888,cifar10,92.66,92.59,200,729600,2934835
3726,888,cifar10,91.08,89.03,200,702768,2928108
4240,888,cifar10,80.01,58.04,200,272160,984363
3050,888,cifar10,93.35,93.34,200,1187968,4854426
2891,888,cifar10,91.26,50.22,200,1013552,4025147
2898,888,cifar10,91.37,88.89,200,491600,1868677
4116,888,cifar10,88.88,82.06,200,491264,1869253
3660,888,cifar10,91.37,87.9,200,738960,2952966
3796,888,cifar10,86.48,82.13,200,446512,1638141
2997,888,cifar10,92.44,92.14,200,488640,1850731
3568,888,cifar10,91.46,90.14,200,738272,2959693
3317,888,cifar10,91.69,18.38,200,506080,1851627
3358,888,cifar10,90.3,88.9,200,290128,1232582
3338,888,cifar10,75.42,65.14,200,501632,1875973
3439,888,cifar10,92.57,92.16,200,785600,3164219
3104,888,cifar10,92.21,35.33,200,753616,2923865
4251,888,cifar10,76.15,18.59,200,457152,1645757
3548,888,cifar10,89.9,88.33,200,318112,1214643
4228,888,cifar10,92.96,92.78,200,803808,3164923
4207,888,cifar10,90.6,89.98,200,269120,960017
3216,888,cifar10,75.87,61.49,200,473296,1652477
3124,888,cifar10,89.93,87.42,200,500064,1869253
3286,888,cifar10,87.43,86.87,200,207232,729673
3648,888,cifar10,91.28,91.16,200,489424,1843883
3078,888,cifar10,88.13,87.57,200,493536,1833745
3307,888,cifar10,89.04,88.73,200,231408,749833
3738,888,cifar10,93.22,92.97,200,1027616,4224354
3984,888,cifar10,88.61,88.29,200,275120,991339
4217,888,cifar10,92.43,92.38,200,672016,2698212
3327,888,cifar10,78.3,10.91,200,218384,796688
3898,888,cifar10,92.07,21.88,200,498016,1832721
4030,888,cifar10,92.41,67.12,200,697280,2704875
3833,888,cifar10,92.2,92.16,200,706592,2693905
3024,888,cifar10,88.9,88.38,200,251616,965777
3558,888,cifar10,93.6,93.22,200,1006096,4224354
3473,888,cifar10,92.49,91.35,200,973824,3794931
3873,888,cifar10,86.28,30.65,200,453856,1663767
3961,888,cifar10,91.78,91.88,200,447712,1628003
3693,888,cifar10,86.38,83.1,200,268560,991147
3297,888,cifar10,90.21,89.29,200,326688,1438004
4175,888,cifar10,10.0,10.0,200,122880,519934
2988,888,cifar10,90.67,90.05,200,509952,2092614
3272,888,cifar10,93.06,93.1,200,972848,3994266
3147,888,cifar10,92.92,92.72,200,1047376,4230377
4040,888,cifar10,70.82,58.18,200,154800,499966
3670,888,cifar10,91.86,91.77,200,690672,2710827
2918,888,cifar10,90.57,90.38,200,315328,1190169
4186,888,cifar10,84.85,81.02,200,487840,1869381
2952,888,cifar10,93.07,93.08,200,484944,1825937
3429,888,cifar10,90.33,90.33,200,500656,1833745
3506,888,cifar10,92.68,92.37,200,979648,3794931
4007,888,cifar10,91.93,91.66,200,494848,2043602
4276,888,cifar10,89.5,82.92,200,305056,1214195
3382,888,cifar10,76.97,17.66,200,240064,828017
3090,888,cifar10,75.46,64.95,200,174928,531160
3682,888,cifar10,92.43,92.12,200,1021280,4025275
4151,888,cifar10,88.84,84.18,200,544400,2099277
3918,888,cifar10,80.21,47.12,200,434560,1614755
3417,888,cifar10,89.83,76.16,200,707088,2927980
3497,888,cifar10,91.54,91.04,200,754352,2940339
3261,888,cifar10,93.0,92.62,200,486192,1820177
3601,888,cifar10,86.22,75.1,200,227824,754659
3716,888,cifar10,77.86,10.0,200,427008,1656784
4083,888,cifar10,92.31,92.08,200,803808,3165307
2965,888,cifar10,92.35,91.94,200,542224,2298292
3170,888,cifar10,93.14,92.87,200,774144,3158324
3013,888,cifar10,92.3,92.08,200,549296,2298164
3115,888,cifar10,85.17,49.86,200,226768,779069
4128,888,cifar10,84.29,80.48,200,743248,2736325
3371,888,cifar10,90.09,82.92,200,508048,2092678
3486,888,cifar10,93.23,93.01,200,774720,3140897
4072,888,cifar10,88.32,79.98,200,295824,1232454
3783,888,cifar10,90.07,82.16,200,696704,2746968
4094,888,cifar10,10.0,10.0,200,479200,1833745
3844,888,cifar10,92.01,91.57,200,574512,2528572
3748,888,cifar10,92.85,59.58,200,1047952,4231337
3158,888,cifar10,92.5,91.72,200,955376,3794995
3809,888,cifar10,86.21,83.41,200,446480,1639165
3864,888,cifar10,92.9,92.53,200,766960,2917401
4019,888,cifar10,92.21,92.15,200,701184,2928044
3238,888,cifar10,90.28,89.02,200,327232,1437748
3037,888,cifar10,89.32,22.07,200,333984,1239501
3137,888,cifar10,91.72,90.96,200,503488,1869317
4264,888,cifar10,93.09,92.89,200,1009360,4001185
3820,888,cifar10,92.78,92.8,200,748144,3158388
3105,888,cifar10,86.27,86.13,200,436928,1603145
2940,888,cifar10,90.89,89.03,200,719552,2729413
3997,888,cifar10,92.54,92.27,200,534384,2273882
3797,888,cifar10,89.92,89.46,200,435904,1621411
3950,888,cifar10,89.36,88.77,200,314720,1214323
3907,888,cifar10,93.6,69.16,200,972704,3770777
3406,888,cifar10,92.0,91.35,200,474912,2043474
3205,888,cifar10,89.85,88.51,200,508272,1869061
3516,888,cifar10,87.94,73.47,200,696928,2747288
3287,888,cifar10,55.48,10.0,200,199936,597990
4163,888,cifar10,91.9,81.22,200,966800,3819789
3705,888,cifar10,92.92,93.03,200,984784,4000609
3064,888,cifar10,87.47,10.0,200,258720,1026712
4311,888,cifar10,84.3,44.53,200,215088,796688
3771,888,cifar10,93.19,92.53,200,1017808,4249148
3051,888,cifar10,80.54,10.43,200,551744,2081267
4061,888,cifar10,91.35,89.37,200,699232,2928108
3591,888,cifar10,91.88,91.88,200,433360,1620387
3636,888,cifar10,90.3,88.09,200,337424,1462734
3727,888,cifar10,88.39,85.93,200,729168,2736197
4197,888,cifar10,93.0,92.92,200,815424,3388924
2978,888,cifar10,93.27,92.86,200,1017888,4248380
3661,888,cifar10,75.56,13.4,200,754304,2941939
3971,888,cifar10,92.91,92.37,200,721504,2927980
3929,888,cifar10,89.47,88.72,200,322720,1190169
4117,888,cifar10,91.43,91.28,200,435216,1614819
3308,888,cifar10,92.23,91.76,200,499328,2067820
2989,888,cifar10,86.54,84.76,200,273264,1015941
3091,888,cifar10,54.81,10.53,200,183504,573516
3217,888,cifar10,89.46,88.88,200,224688,754595
3874,888,cifar10,88.64,88.02,200,279776,973457
3625,888,cifar10,93.54,93.17,200,520320,2050457
4031,888,cifar10,86.42,21.08,200,713824,2693905
3739,888,cifar10,89.56,30.45,200,527168,2067948
4229,888,cifar10,92.31,92.08,200,799216,3141089
3250,888,cifar10,93.11,92.91,200,1215520,4884731
3329,888,cifar10,92.01,91.96,200,750944,2917337
4208,888,cifar10,93.74,93.53,200,793584,3364002
3671,888,cifar10,84.7,18.18,200,523552,1851755
3025,888,cifar10,75.31,26.6,200,459568,1670231
3474,888,cifar10,93.18,93.15,200,744960,2910297
3760,888,cifar10,92.13,91.85,200,720832,2729541
3440,888,cifar10,89.62,84.89,200,285632,1207468
4252,888,cifar10,92.78,92.75,200,814832,3388604
3549,888,cifar10,91.24,90.01,200,448192,1621347
4277,888,cifar10,82.55,77.1,200,275632,1032607
3227,888,cifar10,88.61,18.07,200,501888,1892831
3612,888,cifar10,91.35,91.01,200,746896,2934771
4140,888,cifar10,91.44,89.57,200,498912,1869253
2929,888,cifar10,10.0,10.0,200,439440,1627939
3116,888,cifar10,88.5,87.19,200,276112,1008261
2999,888,cifar10,91.03,88.67,200,486208,2067500
4176,888,cifar10,91.01,50.12,200,546496,2080691
4323,888,cifar10,92.59,92.26,200,745840,2910617
3683,888,cifar10,89.97,87.2,200,297088,1232262
4096,888,cifar10,87.55,68.19,200,475456,1862398
4242,888,cifar10,79.62,20.29,200,178432,554610
3080,888,cifar10,91.11,88.92,200,480064,1844779
4073,888,cifar10,84.89,82.68,200,448192,1651645
3834,888,cifar10,92.25,91.73,200,475536,2043474
4107,888,cifar10,91.71,91.54,200,582144,2280865
3498,888,cifar10,90.86,38.65,200,576288,2280865
3580,888,cifar10,92.85,92.56,200,832192,3370153
4188,888,cifar10,92.04,92.25,200,635712,2510953
3888,888,cifar10,93.84,93.65,200,1011392,4224354
3298,888,cifar10,92.65,92.19,200,959664,4018612
3430,888,cifar10,92.68,91.92,200,746800,3158068
4020,888,cifar10,79.62,52.73,200,161312,530136
3126,888,cifar10,88.69,88.44,200,332624,1214387
3395,888,cifar10,92.33,91.97,200,500256,2067884
3987,888,cifar10,84.2,81.97,200,474768,1651645
4152,888,cifar10,10.0,10.0,200,432800,1634595
3694,888,cifar10,91.77,91.28,200,1020960,4025787
4129,888,cifar10,91.52,90.75,200,513632,2092614
3014,888,cifar10,92.37,12.42,200,774992,3140897
3718,888,cifar10,90.04,84.48,200,712688,2753055
3749,888,cifar10,90.15,87.69,200,496896,1868293
3107,888,cifar10,85.87,81.53,200,456528,1862526
3845,888,cifar10,89.86,88.17,200,515056,2092614
3865,888,cifar10,89.48,87.66,200,500784,1869317
4041,888,cifar10,93.43,93.14,200,1004672,4248892
3052,888,cifar10,57.37,15.34,200,181472,573516
3649,888,cifar10,75.64,65.58,200,709488,2711531
3559,888,cifar10,93.48,93.1,200,732992,2903762
3262,888,cifar10,91.08,90.59,200,443984,1621475
3962,888,cifar10,88.43,83.18,200,283568,1009221
3419,888,cifar10,93.05,92.85,200,1016352,4006753
3569,888,cifar10,91.37,91.01,200,591280,2305019
3487,888,cifar10,93.13,93.03,200,502784,1827025
3811,888,cifar10,92.79,92.74,200,770992,3140641
4287,888,cifar10,89.92,88.82,200,759344,2959565
4198,888,cifar10,86.07,71.44,200,217648,796624
2966,888,cifar10,93.09,13.3,200,832976,3370793
3464,888,cifar10,92.83,92.52,200,1203472,4878708
3823,888,cifar10,92.58,92.23,200,745520,2916377
4164,888,cifar10,76.34,10.08,200,435824,1681258
3539,888,cifar10,91.97,91.77,200,961808,3795059
3453,888,cifar10,88.88,84.34,200,265088,984555
3941,888,cifar10,89.95,88.57,200,287936,1009093
2919,888,cifar10,90.98,30.5,200,502528,1850667
3784,888,cifar10,88.02,85.09,200,446032,1837732
4009,888,cifar10,84.46,71.85,200,474416,1869189
3183,888,cifar10,90.99,90.52,200,563184,2287457
3899,888,cifar10,91.46,91.63,200,953344,3776537
3772,888,cifar10,91.54,91.46,200,506304,1851307
2990,888,cifar10,89.64,89.18,200,233840,778941
3728,888,cifar10,86.35,86.29,200,449200,1645885
3875,888,cifar10,91.97,91.77,200,477008,1820177
4218,888,cifar10,92.8,91.74,200,757408,3158388
3706,888,cifar10,93.05,92.86,200,731856,2927980
3951,888,cifar10,86.66,84.0,200,423904,1656720
3038,888,cifar10,92.5,91.65,200,966832,3819085
3273,888,cifar10,92.18,92.17,200,929376,3788076
3289,888,cifar10,91.61,91.6,200,460880,1820177
2953,888,cifar10,92.55,92.47,200,740256,2934707
3340,888,cifar10,90.24,89.82,200,684816,2673482
4062,888,cifar10,93.93,93.82,200,986256,3994266
3407,888,cifar10,91.65,80.59,200,764144,2959821
2979,888,cifar10,88.1,61.37,200,684384,2722494
3476,888,cifar10,73.2,29.3,200,198784,580172
4118,888,cifar10,90.36,49.61,200,345680,1221491
3920,888,cifar10,92.86,92.58,200,558064,2298292
3855,888,cifar10,92.4,92.43,200,729600,2909593
4052,888,cifar10,92.58,91.71,200,722176,2928044
3066,888,cifar10,86.94,79.85,200,224448,778941
3206,888,cifar10,89.87,88.6,200,289200,1009029
3517,888,cifar10,90.93,89.21,200,472384,1862334
4253,888,cifar10,80.12,14.37,200,226064,778813
3361,888,cifar10,93.19,92.89,200,721408,2928108
3000,888,cifar10,86.63,83.5,200,226608,761187
4189,888,cifar10,75.3,48.49,200,171808,551064
3309,888,cifar10,92.46,91.8,200,529696,2298292
4032,888,cifar10,92.72,92.41,200,542608,2074867
3441,888,cifar10,90.14,88.13,200,302352,1232390
3330,888,cifar10,92.04,91.91,200,577584,2280737
3171,888,cifar10,91.71,90.44,200,570720,2305083
4108,888,cifar10,91.94,92.0,200,437264,1614755
3740,888,cifar10,92.34,92.08,200,761392,2934771
3160,888,cifar10,92.22,91.34,200,763264,2935091
3431,888,cifar10,89.04,88.65,200,243968,767907
3761,888,cifar10,90.55,84.86,200,496928,1868485
3239,888,cifar10,87.12,37.37,200,475616,1887000
4230,888,cifar10,78.97,15.75,200,206224,772022
3117,888,cifar10,90.27,88.55,200,317440,1239501
3529,888,cifar10,86.19,80.35,200,441808,1639037
4097,888,cifar10,91.36,89.52,200,450112,1628067
3908,888,cifar10,81.81,56.32,200,461296,1911474
3684,888,cifar10,79.91,42.02,200,173600,531096
3998,888,cifar10,91.85,91.35,200,547952,2298228
3026,888,cifar10,90.12,88.16,200,717264,2952710
3672,888,cifar10,91.72,91.39,200,757248,3158452
2941,888,cifar10,92.66,92.35,200,768016,2934451
3373,888,cifar10,92.26,92.27,200,792416,3141025
3095,888,cifar10,10.0,10.0,200,441584,1634595
4312,888,cifar10,92.29,90.93,200,508320,2092358
3054,888,cifar10,80.9,14.94,200,308608,991595
3350,888,cifar10,89.28,10.0,200,482768,1862462
3299,888,cifar10,92.03,92.05,200,540400,2057177
3972,888,cifar10,93.21,93.13,200,706608,2705067
4278,888,cifar10,93.44,92.95,200,798720,3165371
4141,888,cifar10,93.75,93.65,200,1166784,4854362
4085,888,cifar10,91.51,90.16,200,509408,2092422
3499,888,cifar10,88.47,82.44,200,287152,1033567
4177,888,cifar10,10.0,10.0,200,430176,1610057
3384,888,cifar10,92.29,92.31,200,730448,2909657
3785,888,cifar10,88.18,85.86,200,443600,1613731
3650,888,cifar10,92.51,92.41,200,533120,2050457
3930,888,cifar10,89.11,88.51,200,545552,2074611
3218,888,cifar10,92.46,57.74,200,754080,2910425
4042,888,cifar10,90.46,90.53,200,733264,2700625
4075,888,cifar10,92.08,91.74,200,953040,3788140
3488,888,cifar10,91.83,91.66,200,506912,1851691
3696,888,cifar10,91.77,90.28,200,498544,1869189
3719,888,cifar10,92.03,91.86,200,715968,2711787
3799,888,cifar10,87.14,74.02,200,238656,778045
3016,888,cifar10,89.22,88.82,200,262176,959057
4131,888,cifar10,91.98,91.45,200,755648,2934899
3420,888,cifar10,92.34,92.1,200,540032,2056217
3613,888,cifar10,88.53,87.81,200,491616,1840401
4301,888,cifar10,91.34,88.97,200,506256,1875269
3108,888,cifar10,91.53,16.88,200,560816,2081651
4288,888,cifar10,82.63,22.66,200,505968,1876165
3319,888,cifar10,92.26,92.13,200,558304,2298228
3812,888,cifar10,90.54,90.08,200,596304,2286945
3228,888,cifar10,85.37,51.78,200,268384,1026584
3508,888,cifar10,75.7,58.24,200,244048,767907
3846,888,cifar10,87.22,85.51,200,745024,2959501
3082,888,cifar10,93.16,92.86,200,1013792,4024635
3251,888,cifar10,91.13,89.05,200,685904,2747160
4266,888,cifar10,92.79,92.1,200,971472,3793907
4153,888,cifar10,92.07,92.17,200,444720,1621411
3824,888,cifar10,89.71,89.37,200,238720,761187
3889,888,cifar10,91.51,91.51,200,481408,1844715
3637,888,cifar10,91.76,19.05,200,1001104,4025019
4324,888,cifar10,75.32,11.41,200,694912,2711787
3290,888,cifar10,67.86,42.56,200,268960,792317
3127,888,cifar10,90.22,68.55,200,469600,1837732
3362,888,cifar10,79.24,74.22,200,238848,766883
4209,888,cifar10,93.24,93.23,200,774816,3140065
2991,888,cifar10,91.07,89.91,200,488288,1893727
3876,888,cifar10,92.44,92.02,200,554624,2280801
3592,888,cifar10,92.01,89.0,200,983088,4043278
3900,888,cifar10,92.13,91.44,200,451504,1813322
4220,888,cifar10,89.57,89.26,200,218128,754595
3550,888,cifar10,91.79,90.04,200,556752,2099469
3465,888,cifar10,86.86,83.26,200,444128,1639037
2900,888,cifar10,93.35,93.25,200,525392,2049433
4010,888,cifar10,86.78,85.56,200,276240,966417
3835,888,cifar10,91.85,90.78,200,510768,2092614
4165,888,cifar10,89.22,85.26,200,272448,984683
3264,888,cifar10,92.47,92.18,200,513152,2050201
3729,888,cifar10,79.11,57.9,200,424304,1632182
2980,888,cifar10,91.99,37.05,200,514304,1875909
3067,888,cifar10,85.78,9.33,200,336512,1220915
4254,888,cifar10,89.84,86.11,200,463040,1862526
3571,888,cifar10,89.99,89.64,200,524160,1851435
3707,888,cifar10,91.94,91.7,200,438192,1614819
4086,888,cifar10,67.56,22.99,200,182656,524440
3477,888,cifar10,92.82,92.61,200,961632,3770713
3560,888,cifar10,91.08,89.14,200,455744,1644861
2920,888,cifar10,88.28,87.54,200,469984,1645821
3149,888,cifar10,88.96,24.99,200,488112,1850795
3741,888,cifar10,88.91,84.07,200,240944,785725
4063,888,cifar10,93.14,93.03,200,763744,3158388
3953,888,cifar10,88.98,87.77,200,276432,980241
3001,888,cifar10,92.36,91.92,200,535152,2074291
3773,888,cifar10,79.74,19.98,200,423792,1656720
4199,888,cifar10,93.38,93.23,200,771392,2910617
3581,888,cifar10,92.7,93.03,200,768720,2934899
4098,888,cifar10,88.76,88.19,200,268576,991147
3331,888,cifar10,92.89,92.6,200,739664,2910681
2967,888,cifar10,92.91,92.93,200,732576,2910617
4022,888,cifar10,75.66,14.84,200,504704,1876165
3762,888,cifar10,92.2,45.55,200,538992,2050393
3685,888,cifar10,80.41,65.1,200,231856,810071
4033,888,cifar10,10.0,10.0,200,416080,1610057
3341,888,cifar10,10.0,10.0,200,323536,1203609
4109,888,cifar10,86.76,28.62,200,470672,1887064
3867,888,cifar10,75.45,26.11,200,458208,1652605
3988,888,cifar10,91.62,88.96,200,731440,2952582
4178,888,cifar10,84.02,72.54,200,442576,1614691
3856,888,cifar10,91.69,91.45,200,763520,2959757
2954,888,cifar10,93.44,93.32,200,1266624,5313834
3421,888,cifar10,87.17,76.8,200,238752,754659
3540,888,cifar10,93.9,93.74,200,770240,2917401
3184,888,cifar10,72.37,10.0,200,427952,1705988
3942,888,cifar10,89.0,88.5,200,552640,2081267
4190,888,cifar10,91.25,89.63,200,482352,1844779
4244,888,cifar10,94.0,93.78,200,1008640,4223906
3310,888,cifar10,93.32,93.22,200,1210464,4878644
3652,888,cifar10,89.74,88.51,200,320736,1214451
3274,888,cifar10,92.0,91.75,200,703712,2711851
3518,888,cifar10,89.98,86.67,200,301328,1232774
3351,888,cifar10,10.0,10.0,200,416096,1610121
3909,888,cifar10,89.68,88.23,200,287088,984619
3999,888,cifar10,51.48,10.0,200,194672,598054
4132,888,cifar10,90.81,89.3,200,503392,1844907
4076,888,cifar10,89.96,85.24,200,296544,1232390
3921,888,cifar10,92.03,91.95,200,703808,2711595
3786,888,cifar10,91.7,70.79,200,542640,2074675
2942,888,cifar10,75.08,17.65,200,249040,792317
3500,888,cifar10,91.07,8.63,200,588496,2287521
3489,888,cifar10,92.19,92.23,200,720176,2711595
4221,888,cifar10,89.65,36.42,200,278928,960017
3455,888,cifar10,79.13,17.41,200,452640,1645757
3291,888,cifar10,92.09,61.39,200,490720,1820177
3119,888,cifar10,93.24,92.8,200,983088,4043214
3196,888,cifar10,92.06,90.85,200,505488,1850347
3847,888,cifar10,91.84,91.75,200,453360,1628003
4279,888,cifar10,87.83,80.78,200,431920,1614755
3161,888,cifar10,89.85,51.47,200,495744,1843883
3509,888,cifar10,88.04,54.13,200,456848,1663767
3398,888,cifar10,89.02,88.47,200,219808,748873
3385,888,cifar10,93.99,94.01,200,796912,3364194
3055,888,cifar10,93.13,92.24,200,976240,4018484
4142,888,cifar10,10.0,10.0,200,479168,1833681
3109,888,cifar10,87.51,10.0,200,564176,2081267
3443,888,cifar10,75.62,28.97,200,441456,1651709
3017,888,cifar10,91.2,89.72,200,450304,1621155
3973,888,cifar10,84.37,83.96,200,692896,2680401
3240,888,cifar10,91.53,90.7,200,525824,2074483
3320,888,cifar10,89.36,76.57,200,325792,1462606
3697,888,cifar10,93.53,93.37,200,988112,4018420
3041,888,cifar10,87.85,83.14,200,431968,1614755
4154,888,cifar10,93.07,92.53,200,540848,2073587
3363,888,cifar10,84.91,73.85,200,256512,828081
4210,888,cifar10,89.0,89.01,200,501008,1851563
3687,888,cifar10,89.81,89.23,200,213952,736265
3813,888,cifar10,86.86,80.16,200,230976,977764
3409,888,cifar10,88.74,12.34,200,511488,1851755
3878,888,cifar10,75.61,22.39,200,502512,1851563
3801,888,cifar10,89.78,88.78,200,284224,1207660
3083,888,cifar10,92.21,91.86,200,778288,3363426
3627,888,cifar10,92.12,73.03,200,561552,2057113
3229,888,cifar10,89.6,89.31,200,300320,1190297
3173,888,cifar10,91.38,90.18,200,536752,2098765
3763,888,cifar10,80.15,46.02,200,444784,1614691
4120,888,cifar10,90.16,89.59,200,285008,1009349
3068,888,cifar10,88.8,85.02,200,278016,1008325
3614,888,cifar10,89.61,89.5,200,484368,1844715
2911,888,cifar10,87.94,28.49,200,472688,1862526
4267,888,cifar10,92.62,92.37,200,798768,3164539
3825,888,cifar10,92.3,92.28,200,494336,2043602
4110,888,cifar10,91.04,88.96,200,462592,1645949
4179,888,cifar10,90.2,89.38,200,279360,984555
4302,888,cifar10,75.6,62.42,200,296512,997931
3096,888,cifar10,92.47,92.1,200,740400,2935091
4087,888,cifar10,92.37,92.15,200,547648,2074739
3742,888,cifar10,90.29,88.5,200,326896,1239501
4166,888,cifar10,91.05,15.82,200,956880,3794995
3901,888,cifar10,78.04,54.93,200,424880,1632246
3868,888,cifar10,91.12,90.12,200,516832,1851307
4099,888,cifar10,93.82,83.19,200,758288,2910617
3342,888,cifar10,91.4,90.94,200,461680,1862526
3300,888,cifar10,93.2,92.95,200,791184,3364194
3029,888,cifar10,88.18,87.8,200,532848,2074739
3422,888,cifar10,69.87,10.06,200,247536,803671
2981,888,cifar10,92.44,91.39,200,776784,3158452
4065,888,cifar10,89.78,89.47,200,455168,1621475
2968,888,cifar10,89.74,89.16,200,708944,2729541
3128,888,cifar10,92.09,91.85,200,528064,2050457
4290,888,cifar10,92.31,91.08,200,713008,2928108
3375,888,cifar10,75.77,26.81,200,459152,1645885
3943,888,cifar10,10.0,10.0,200,155376,537752
3530,888,cifar10,92.45,32.18,200,1048128,4230825
3954,888,cifar10,84.95,65.02,200,236048,779069
3664,888,cifar10,92.72,92.61,200,816928,3165051
3501,888,cifar10,86.64,86.26,200,180016,562290
4335,888,cifar10,89.43,19.37,200,471344,1862590
3252,888,cifar10,92.04,91.93,200,943216,3770777
3931,888,cifar10,93.3,92.92,200,993312,4224290
2901,888,cifar10,92.18,91.64,200,700624,2705067
4054,888,cifar10,86.66,86.32,200,415632,1596169
4034,888,cifar10,90.1,89.68,200,249744,1002238
4023,888,cifar10,92.25,52.06,200,798352,3165435
3593,888,cifar10,88.44,11.1,200,511376,1857195
3708,888,cifar10,92.31,92.04,200,500096,2068012
3674,888,cifar10,91.16,88.79,200,480032,1844843
3433,888,cifar10,92.73,91.72,200,950000,3794675
3387,888,cifar10,75.12,64.01,200,449936,1621347
3775,888,cifar10,92.35,91.11,200,996416,4043342
4246,888,cifar10,79.38,32.91,200,720768,2729413
3730,888,cifar10,91.05,89.48,200,675328,2722750
3551,888,cifar10,91.4,90.94,200,562112,2080179
4011,888,cifar10,91.99,91.28,200,709632,2729669
4233,888,cifar10,92.24,31.44,200,786096,3165179
3265,888,cifar10,82.6,76.21,200,536592,2099341
4077,888,cifar10,89.08,9.54,200,589632,2287329
4325,888,cifar10,92.97,92.77,200,820208,3370729
3964,888,cifar10,84.93,81.64,200,471296,1893855
2931,888,cifar10,92.2,91.87,200,785680,3164795
3892,888,cifar10,88.98,32.23,200,291248,1014981
3857,888,cifar10,91.7,31.94,200,713584,2687121
3653,888,cifar10,93.2,93.05,200,1042416,4007777
3490,888,cifar10,92.15,12.54,200,771392,2917337
3541,888,cifar10,91.34,91.02,200,449664,1639101
4222,888,cifar10,92.16,13.55,200,753648,2923929
4256,888,cifar10,90.14,88.3,200,316352,1015941
4280,888,cifar10,91.27,91.02,200,562112,2081587
2921,888,cifar10,92.58,92.26,200,774784,3140641
3364,888,cifar10,84.63,16.75,200,503152,1851691
3561,888,cifar10,91.51,89.79,200,505296,1893791
3352,888,cifar10,77.06,22.36,200,211312,796624
3321,888,cifar10,91.98,91.95,200,714368,2687185
3399,888,cifar10,93.21,92.97,200,733792,2928108
4143,888,cifar10,92.67,92.27,200,735360,2928172
3110,888,cifar10,89.37,84.43,200,342432,1239309
3519,888,cifar10,85.18,78.65,200,453920,1627107
3814,888,cifar10,86.86,45.79,200,461648,1663703
3185,888,cifar10,87.06,65.96,200,457248,1862334
3764,888,cifar10,89.23,86.67,200,279168,984619
3140,888,cifar10,89.74,12.27,200,470640,1862526
3042,888,cifar10,75.28,23.35,200,464560,1670487
3698,888,cifar10,86.19,41.41,200,435024,1681322
3910,888,cifar10,75.15,59.74,200,448368,1628067
3753,888,cifar10,90.29,85.26,200,498624,1869125
3989,888,cifar10,87.21,83.98,200,740624,2718379
4155,888,cifar10,89.05,88.67,200,210576,743113
3444,888,cifar10,90.06,88.68,200,582688,2305019
4201,888,cifar10,92.91,92.87,200,935440,3763922
3743,888,cifar10,80.13,71.01,200,245472,767907
4100,888,cifar10,86.58,86.3,200,210816,743113
4133,888,cifar10,93.0,92.82,200,1004656,4248892
3582,888,cifar10,90.14,88.6,200,528400,2117280
3456,888,cifar10,94.13,94.03,200,1206624,4861153
3721,888,cifar10,92.31,91.54,200,977968,3818957
3150,888,cifar10,91.97,91.81,200,976016,3783897
3802,888,cifar10,92.11,91.91,200,746752,2934899
3688,888,cifar10,91.91,90.68,200,741840,2934131
3879,888,cifar10,90.84,89.36,200,498608,1869253
3510,888,cifar10,89.17,88.27,200,301728,991147
3479,888,cifar10,90.14,88.48,200,300912,1009221
3605,888,cifar10,91.3,90.35,200,563104,2074867
3069,888,cifar10,90.87,90.9,200,501344,1869381
4121,888,cifar10,91.03,89.47,200,532384,2074931
4111,888,cifar10,92.23,92.1,200,491136,2067948
3572,888,cifar10,89.48,20.9,200,966576,3819917
3120,888,cifar10,86.75,82.95,200,242704,810071
2956,888,cifar10,88.76,88.24,200,278448,966545
3292,888,cifar10,91.7,90.53,200,510688,1850475
3665,888,cifar10,86.45,86.32,200,244080,767907
3837,888,cifar10,73.96,19.26,200,693424,2729477
4025,888,cifar10,88.85,88.24,200,235424,761315
4212,888,cifar10,93.48,92.78,200,815088,3388604
3333,888,cifar10,92.17,51.77,200,516960,2050329
3826,888,cifar10,91.4,89.41,200,700032,2729541
4180,888,cifar10,92.29,92.14,200,573744,2279905
4066,888,cifar10,90.92,88.47,200,440928,1627107
3869,888,cifar10,91.7,91.21,200,499936,1869509
4088,888,cifar10,91.91,91.8,200,704000,2711595
3162,888,cifar10,93.22,73.21,200,576480,2280865
3615,888,cifar10,91.97,35.93,200,498640,1826897
4167,888,cifar10,92.21,91.9,200,763920,2934771
4315,888,cifar10,67.98,40.75,200,722448,2736069
4268,888,cifar10,91.95,90.98,200,764304,2959629
3502,888,cifar10,89.17,83.51,200,501136,1869253
4359,888,cifar10,89.32,89.2,200,226096,761123
3097,888,cifar10,92.37,91.75,200,789616,2940915
3467,888,cifar10,93.1,84.96,200,969488,3776537
3628,888,cifar10,92.4,92.36,200,702320,2687185
2943,888,cifar10,92.72,92.59,200,980416,3794867
3301,888,cifar10,88.86,86.54,200,728528,2753951
3198,888,cifar10,92.64,92.29,200,747312,3158388
3922,888,cifar10,92.41,91.57,200,950160,3795187
4000,888,cifar10,92.36,91.88,200,824000,3147617
2912,888,cifar10,93.22,93.15,200,559312,2056985
3220,888,cifar10,80.5,55.73,200,230416,760227
4303,888,cifar10,71.1,12.29,200,196752,579212
4046,888,cifar10,93.07,93.06,200,767296,2917401
3787,888,cifar10,93.27,93.12,200,1002816,4000673
3944,888,cifar10,84.76,81.46,200,428752,1645949
4055,888,cifar10,78.47,13.08,200,208416,772086
3230,888,cifar10,90.95,90.58,200,498752,1851371
3276,888,cifar10,91.46,88.33,200,954688,3812806
4347,888,cifar10,88.61,10.0,200,801088,3147361
3776,888,cifar10,90.44,90.05,200,504320,2050457
3209,888,cifar10,91.94,91.35,200,498528,2043474
3312,888,cifar10,92.55,92.49,200,597552,2504034
3377,888,cifar10,91.32,90.92,200,803472,3147617
3388,888,cifar10,85.08,79.07,200,472352,1869381
3676,888,cifar10,86.87,73.38,200,473440,1862270
3322,888,cifar10,86.04,83.62,200,245584,767843
3640,888,cifar10,92.53,92.57,200,771472,2910617
3343,888,cifar10,91.8,91.57,200,483824,1844715
4257,888,cifar10,87.56,10.0,200,286096,1009413
4293,888,cifar10,76.02,68.06,200,273760,991147
4078,888,cifar10,89.85,89.22,200,202656,736073
2902,888,cifar10,91.27,89.44,200,442848,1621347
3542,888,cifar10,10.0,10.0,200,210496,792189
4370,888,cifar10,91.95,22.24,200,755792,2916697
4234,888,cifar10,91.56,91.32,200,727792,2934515
4223,888,cifar10,89.57,88.64,200,326720,1221171
3129,888,cifar10,92.72,92.63,200,708096,2705067
3699,888,cifar10,89.12,85.45,200,283552,1008965
3710,888,cifar10,92.68,52.24,200,1013456,4024827
3447,888,cifar10,92.02,91.64,200,667456,2697892
4247,888,cifar10,91.65,89.4,200,751920,2958861
3366,888,cifar10,91.79,91.46,200,811408,3147233
4112,888,cifar10,89.71,88.75,200,285632,984555
3411,888,cifar10,87.78,80.9,200,256480,1026648
3654,888,cifar10,91.99,91.64,200,714656,2735301
3965,888,cifar10,91.69,91.52,200,688592,2687185
3689,888,cifar10,89.06,10.08,200,372864,1420641
3881,888,cifar10,92.02,92.02,200,705024,2693777
3815,888,cifar10,91.29,90.68,200,526768,2117472
3457,888,cifar10,90.85,90.07,200,308208,1232582
3492,888,cifar10,88.91,83.72,200,270352,984619
4382,888,cifar10,90.37,87.67,200,514336,2092422
3666,888,cifar10,85.94,73.9,200,256864,1002046
4281,888,cifar10,93.23,83.49,200,1027104,4001057
4395,888,cifar10,92.8,92.63,200,764528,2935091
3186,888,cifar10,88.36,87.95,200,234848,767907
4202,888,cifar10,92.62,92.41,200,557392,2298100
4326,888,cifar10,86.55,22.85,200,692208,2686865
3480,888,cifar10,87.35,86.13,200,326656,1220979
3932,888,cifar10,92.0,91.65,200,745600,2934899
3765,888,cifar10,91.68,90.93,200,738976,2953030
3594,888,cifar10,84.71,80.72,200,528192,1875717
4134,888,cifar10,90.84,90.63,200,811456,3147681
4156,888,cifar10,91.66,91.62,200,961808,3795059
4405,888,cifar10,89.41,88.03,200,324208,1214579
3744,888,cifar10,90.8,86.81,200,756720,2941491
3334,888,cifar10,90.82,91.15,200,511104,1851307
4067,888,cifar10,91.98,65.26,200,713504,2680273
4122,888,cifar10,90.62,89.33,200,498688,1869253
3353,888,cifar10,88.38,84.6,200,943024,3837664
3583,888,cifar10,87.42,85.33,200,300656,973457
4026,888,cifar10,84.63,49.3,200,255728,803543
3511,888,cifar10,92.02,92.11,200,439744,1603273
3266,888,cifar10,91.74,90.92,200,506224,1850731
3870,888,cifar10,75.38,16.28,200,459200,1645821
3858,888,cifar10,93.1,93.05,200,708592,2903762
3838,888,cifar10,89.76,84.06,200,337552,1220083
4012,888,cifar10,86.93,17.3,200,261440,1026648
4213,888,cifar10,88.55,21.39,200,504640,2092486
3400,888,cifar10,89.34,86.53,200,291488,1232454
3849,888,cifar10,93.57,93.3,200,1219632,5108988
4470,888,cifar10,90.75,90.37,200,954928,3777561
3424,888,cifar10,93.48,93.17,200,804832,3364066
3789,888,cifar10,82.13,77.07,200,232752,803607
4036,888,cifar10,88.92,85.02,200,238000,761187
2932,888,cifar10,89.93,88.95,200,534544,2074163
4457,888,cifar10,92.14,54.69,200,764032,2959565
3803,888,cifar10,93.58,93.18,200,1047504,4230377
3754,888,cifar10,92.3,92.31,200,996400,4043214
2922,888,cifar10,75.29,11.18,200,499168,1875909
4270,888,cifar10,79.09,37.17,200,196928,747484
4182,888,cifar10,92.31,92.19,200,944816,3769817
3323,888,cifar10,75.5,13.87,200,224128,767971
3142,888,cifar10,84.61,38.43,200,259328,1051378
4316,888,cifar10,88.8,88.39,200,269712,959953
3163,888,cifar10,75.88,65.75,200,181152,562290
3151,888,cifar10,90.87,90.24,200,468512,1862462
3302,888,cifar10,89.65,26.49,200,493088,1851499
4360,888,cifar10,86.59,84.59,200,228624,753635
4168,888,cifar10,90.92,90.59,200,557088,2323022
3573,888,cifar10,88.48,73.73,200,275408,1009157
4192,888,cifar10,92.76,91.58,200,802848,3388860
3231,888,cifar10,80.24,50.42,200,198384,747484
3468,888,cifar10,90.01,15.46,200,540576,2080435
3503,888,cifar10,92.17,92.04,200,818688,3370985
4089,888,cifar10,77.62,10.53,200,220752,821098
3616,888,cifar10,79.65,34.43,200,437760,1620387
3313,888,cifar10,78.76,10.0,200,443328,1681258
3434,888,cifar10,92.8,92.71,200,1187584,4878388
3552,888,cifar10,91.76,90.92,200,751840,2958925
4444,888,cifar10,91.78,52.45,200,583392,2305211
4431,888,cifar10,92.04,91.33,200,739584,2952838
4047,888,cifar10,92.02,91.69,200,753104,2959885
3677,888,cifar10,91.96,90.73,200,525600,2073715
3293,888,cifar10,89.64,84.44,200,702080,2705003
3344,888,cifar10,92.51,92.22,200,611648,2287457
4079,888,cifar10,92.4,91.94,200,502304,2068012
4480,888,cifar10,69.89,13.53,200,443120,1663703
3641,888,cifar10,81.97,76.35,200,220144,810007
3389,888,cifar10,92.46,92.16,200,767280,2934899
4224,888,cifar10,82.69,74.59,200,276192,1008837
2913,888,cifar10,53.38,10.0,200,205472,622592
4056,888,cifar10,91.83,91.17,200,947216,3812870
3121,888,cifar10,93.21,92.9,200,718560,2729733
4236,888,cifar10,88.35,86.26,200,492816,1851307
3221,888,cifar10,68.3,40.44,200,239488,792061
3210,888,cifar10,76.1,66.44,200,242064,767843
3777,888,cifar10,85.12,60.54,200,240208,779005
3629,888,cifar10,80.9,74.18,200,297632,1015045
3700,888,cifar10,92.19,91.36,200,507456,1869253
4282,888,cifar10,88.33,10.55,200,264736,991403
4146,888,cifar10,87.8,78.25,200,434656,1614627
4102,888,cifar10,93.29,93.14,200,960544,3777433
4502,888,cifar10,84.02,43.95,200,253120,828081
3990,888,cifar10,92.89,92.86,200,1065792,4231401
3839,888,cifar10,79.65,49.27,200,225792,754659
3242,888,cifar10,88.21,85.9,200,472352,1862398
3894,888,cifar10,84.38,83.33,200,152784,506558
3859,888,cifar10,91.88,91.63,200,482512,1820241
4258,888,cifar10,92.75,92.59,200,985184,3820045
4001,888,cifar10,81.91,64.13,200,481328,1670359
4348,888,cifar10,81.34,63.11,200,269328,1033567
4294,888,cifar10,90.12,89.36,200,504592,2043602
4537,888,cifar10,90.21,31.06,200,483072,1844779
3816,888,cifar10,92.45,92.19,200,704560,2705003
4327,888,cifar10,89.59,88.58,200,237248,953098
4113,888,cifar10,92.26,91.92,200,563328,2287393
3945,888,cifar10,88.7,87.63,200,546096,2063641
4491,888,cifar10,92.09,91.79,200,466192,1820049
4157,888,cifar10,86.36,77.04,200,670896,2722558
3711,888,cifar10,91.99,90.85,200,824016,3146657
3745,888,cifar10,92.4,92.14,200,565344,2063641
3790,888,cifar10,87.38,79.76,200,421440,1632246
4123,888,cifar10,92.7,92.41,200,516096,2067948
3277,888,cifar10,92.49,92.36,200,768048,2917401
4549,888,cifar10,70.29,11.82,200,489824,1893727
3130,888,cifar10,85.51,82.3,200,455904,1644989
2944,888,cifar10,92.29,69.29,200,810256,3147553
4603,888,cifar10,86.54,85.64,200,165776,536792
3255,888,cifar10,93.88,93.62,200,748128,2910681
4214,888,cifar10,92.53,92.43,200,529808,2049497
3828,888,cifar10,88.09,86.27,200,419216,1652477
3850,888,cifar10,88.94,85.96,200,493056,1844779
4248,888,cifar10,86.88,68.34,200,241488,1002046
3655,888,cifar10,92.82,92.87,200,961840,4018484
3493,888,cifar10,90.07,34.23,200,751616,2959757
3522,888,cifar10,91.35,89.61,200,450832,1639101
4304,888,cifar10,88.92,9.98,200,804720,3147233
3563,888,cifar10,89.62,88.47,200,249136,767843
3543,888,cifar10,91.16,89.9,200,509216,2067948
3187,888,cifar10,75.76,20.92,200,244192,785597
3412,888,cifar10,91.3,89.24,200,468528,1862462
4371,888,cifar10,84.51,79.58,200,446640,1669335
3768,888,cifar10,87.11,47.54,200,217632,779069
3882,888,cifar10,93.14,67.35,200,1048112,4231337
3871,888,cifar10,92.06,91.71,200,582576,2305211
4481,888,cifar10,86.25,23.52,200,212800,743113
3975,888,cifar10,92.28,92.0,200,794208,3141025
3956,888,cifar10,10.0,10.0,200,481488,1833745
3903,888,cifar10,92.59,92.06,200,763408,2959693
4471,888,cifar10,92.02,90.75,200,554544,2099405
4396,888,cifar10,78.44,10.0,200,457808,1639293
4459,888,cifar10,90.4,89.17,200,333328,1239245
3755,888,cifar10,92.51,91.99,200,718544,2711659
4383,888,cifar10,90.95,74.06,200,498336,1844779
3584,888,cifar10,75.73,65.27,200,242288,785405
4271,888,cifar10,91.64,91.58,200,755760,2934835
4318,888,cifar10,87.02,80.21,200,220928,753635
4183,888,cifar10,89.15,86.43,200,217184,761251
4409,888,cifar10,90.77,90.13,200,307056,1214323
4337,888,cifar10,87.37,16.4,200,287120,1033695
4571,888,cifar10,93.03,92.56,200,773328,3158324
3678,888,cifar10,93.03,93.15,200,698432,2680401
3303,888,cifar10,88.66,88.43,200,552640,2081331
3152,888,cifar10,89.49,88.91,200,220880,760291
3595,888,cifar10,90.05,72.37,200,715376,2704875
4560,888,cifar10,91.99,91.92,200,1012656,4025595
3966,888,cifar10,89.69,84.0,200,498640,1869061
4225,888,cifar10,78.89,64.47,200,310624,997739
4037,888,cifar10,92.94,92.49,200,1186880,4878708
3469,888,cifar10,92.32,91.97,200,556736,2297908
4582,888,cifar10,89.35,28.04,200,480640,1886936
3512,888,cifar10,89.72,29.44,200,517584,2092934
2933,888,cifar10,92.56,92.07,200,691328,2903058
4090,888,cifar10,92.28,91.73,200,744592,2934771
3401,888,cifar10,92.23,91.74,200,499872,2067948
4057,888,cifar10,88.81,59.47,200,313776,1214451
3912,888,cifar10,92.12,91.62,200,560320,2322958
4048,888,cifar10,89.16,88.71,200,269808,966609
4629,888,cifar10,91.21,88.64,200,542096,2074483
3732,888,cifar10,91.97,64.38,200,960624,3777497
4640,888,cifar10,89.82,78.53,200,471600,1886936
4653,888,cifar10,91.8,91.02,200,510832,1893727
4421,888,cifar10,88.36,82.15,200,258800,977828
3553,888,cifar10,10.0,10.0,200,224400,767779
4169,888,cifar10,73.23,43.98,200,449152,1639165
3143,888,cifar10,87.98,81.76,200,661696,2697764
2923,888,cifar10,81.49,75.55,200,451792,1670231
3175,888,cifar10,92.01,91.61,200,988368,4043406
4615,888,cifar10,88.89,84.96,200,217152,761187
4193,888,cifar10,92.97,92.16,200,802848,3388860
3895,888,cifar10,91.84,91.62,200,487888,1826961
3165,888,cifar10,91.26,89.46,200,485504,2067948
4028,888,cifar10,86.7,32.16,200,429968,1602121
3435,888,cifar10,92.09,91.68,200,493392,2043410
4432,888,cifar10,90.83,90.27,200,309136,991595
3860,888,cifar10,92.7,92.31,200,534608,2050521
4103,888,cifar10,89.95,82.88,200,469008,1663703
3222,888,cifar10,88.79,88.18,200,234848,774499
3713,888,cifar10,88.56,13.06,200,280736,984491
4147,888,cifar10,89.6,87.68,200,354832,1444731
3243,888,cifar10,79.54,63.93,200,184336,555570
4158,888,cifar10,61.67,10.23,200,182640,548914
4514,888,cifar10,82.9,20.58,200,289856,1009221
4260,888,cifar10,90.23,87.52,200,477120,1887000
4080,888,cifar10,92.06,91.88,200,1042896,4231145
3617,888,cifar10,92.85,92.58,200,533776,2273754
3630,888,cifar10,87.76,82.78,200,253152,977764
4675,888,cifar10,89.21,88.59,200,1016272,4007649
4115,888,cifar10,79.37,19.42,200,452992,1645757
4538,888,cifar10,89.41,13.98,200,525392,2074611
4492,888,cifar10,10.0,10.0,200,408112,1610057
4204,888,cifar10,79.68,25.42,200,448048,1614755
4446,888,cifar10,86.36,82.9,200,291664,1033503
3791,888,cifar10,85.85,10.0,200,549920,2057113
3778,888,cifar10,92.03,91.89,200,482320,1826961
3232,888,cifar10,89.06,17.71,200,490880,1869381
3724,888,cifar10,89.09,88.97,200,332992,1190361
4013,888,cifar10,93.13,92.97,200,814928,3388732
3946,888,cifar10,88.9,86.11,200,242256,779005
4361,888,cifar10,93.59,93.64,200,791600,3140129
3642,888,cifar10,92.47,92.55,200,530304,2056089
4350,888,cifar10,91.61,91.13,200,456704,1621283
3817,888,cifar10,92.14,90.84,200,583680,2304059
3701,888,cifar10,91.3,90.41,200,499248,1844843
4215,888,cifar10,90.8,85.92,200,497184,1869445
4124,888,cifar10,91.35,91.02,200,811456,3147681
4503,888,cifar10,89.76,77.69,200,949472,3837600
3991,888,cifar10,91.36,89.5,200,478672,1844843
4295,888,cifar10,88.71,14.65,200,297200,991595
3212,888,cifar10,86.45,20.73,200,284640,1014917
4686,888,cifar10,86.62,86.47,200,234928,785597
4002,888,cifar10,92.18,92.14,200,690928,2680337
4136,888,cifar10,92.41,92.1,200,530288,2074547
3756,888,cifar10,90.44,89.27,200,315632,1213491
4328,888,cifar10,88.59,87.92,200,273696,991531
3851,888,cifar10,92.26,90.82,200,583600,2304059
3840,888,cifar10,10.0,10.0,200,290144,997803
4472,888,cifar10,92.16,91.86,200,533824,2074611
4810,888,cifar10,90.36,89.05,200,236704,977572
4482,888,cifar10,88.82,84.88,200,237728,779005
4550,888,cifar10,92.68,92.45,200,1039008,4006817
4069,888,cifar10,92.76,92.55,200,817040,3165435
4462,888,cifar10,90.99,90.75,200,789920,2941875
4058,888,cifar10,88.89,13.34,200,294560,991403
3656,888,cifar10,88.24,78.59,200,662416,2697700
4410,888,cifar10,86.24,41.94,200,234048,778749
4572,888,cifar10,92.69,92.49,200,957344,3770841
3200,888,cifar10,91.65,91.03,200,770064,2959373
4716,888,cifar10,88.86,85.46,200,266976,1026840
4890,888,cifar10,86.53,83.1,200,227216,753635
4319,888,cifar10,75.45,62.69,200,185888,562290
3131,888,cifar10,92.18,91.7,200,523728,2068012
4237,888,cifar10,94.14,93.95,200,1008576,4223906
3829,888,cifar10,92.15,91.84,200,728288,2910617
3256,888,cifar10,93.39,78.31,200,539376,2056089
4226,888,cifar10,90.72,25.45,200,763120,2923801
3884,888,cifar10,92.11,91.82,200,522064,1844843
4868,888,cifar10,88.27,83.92,200,280112,984491
4561,888,cifar10,88.52,88.34,200,760960,2923737
4846,888,cifar10,92.66,92.33,200,506304,2050393
4091,888,cifar10,86.79,11.82,200,515968,1869253
3544,888,cifar10,85.49,40.86,200,441872,1681322
4800,888,cifar10,93.41,93.39,200,763296,2935027
4751,888,cifar10,89.15,88.54,200,362800,1420705
4038,888,cifar10,90.01,89.72,200,241872,977892
3189,888,cifar10,89.04,80.19,200,333328,1221427
4676,888,cifar10,88.82,85.51,200,247440,785725
3223,888,cifar10,62.73,12.08,200,177232,548914
4583,888,cifar10,92.72,92.05,200,772400,3158260
4642,888,cifar10,91.27,90.73,200,541872,2099661
3534,888,cifar10,86.99,82.16,200,237328,779069
4761,888,cifar10,92.94,92.67,200,745312,2910489
3268,888,cifar10,86.05,58.74,200,182256,772150
4616,888,cifar10,89.47,81.97,200,495504,2092422
4630,888,cifar10,92.35,91.19,200,744672,3158388
4194,888,cifar10,91.98,18.57,200,753536,2917401
4172,888,cifar10,89.27,8.17,200,283536,966545
3144,888,cifar10,80.63,47.95,200,235184,761251
4372,888,cifar10,92.14,91.23,200,517776,2092870
3596,888,cifar10,88.41,10.0,200,289760,1207404
4880,888,cifar10,92.64,92.13,200,530656,2073715
4914,888,cifar10,67.14,31.2,200,212928,585868
3904,888,cifar10,91.71,59.04,200,494944,1869509
3861,888,cifar10,89.99,84.31,200,507776,1869253
4305,888,cifar10,91.08,89.6,200,711600,2729541
4250,888,cifar10,88.77,86.74,200,495984,1869253
4205,888,cifar10,69.29,16.59,200,235984,809303
4284,888,cifar10,91.85,76.32,200,749120,2940723
3976,888,cifar10,89.81,81.9,200,742304,2928044
4397,888,cifar10,91.92,90.94,200,533120,2074675
4835,888,cifar10,91.97,91.64,200,466240,1820177
3733,888,cifar10,92.12,90.84,200,566336,2323086
4786,888,cifar10,92.43,92.27,200,725936,2693777
4081,888,cifar10,85.46,76.29,200,457440,1886680
4540,888,cifar10,88.75,86.21,200,285232,1232390
3585,888,cifar10,81.91,66.21,200,459568,1886680
4726,888,cifar10,91.98,90.54,200,602032,2305147
3957,888,cifar10,89.0,86.72,200,744848,2934771
4593,888,cifar10,91.92,91.73,200,549440,2050393
4738,888,cifar10,92.06,91.79,200,801296,3147617
4263,888,cifar10,91.06,90.34,200,954752,3777433
4160,888,cifar10,92.03,91.98,200,552576,2081267
4515,888,cifar10,91.37,90.93,200,541728,2081075
4773,888,cifar10,91.63,89.87,200,699200,2927980
4216,888,cifar10,89.6,87.94,200,468976,1837668
3176,888,cifar10,84.79,81.91,200,442560,1627107
4338,888,cifar10,91.14,89.35,200,720704,2711531
3513,888,cifar10,86.77,83.42,200,296592,996843
4504,888,cifar10,76.09,25.36,200,452864,1645885
4946,888,cifar10,93.69,93.56,200,697184,2686033
4654,888,cifar10,87.85,82.09,200,688096,2722558
4902,888,cifar10,93.8,93.54,200,771456,3158388
4925,888,cifar10,88.87,88.71,200,795008,3140961
3608,888,cifar10,88.65,87.93,200,250928,785597
4126,888,cifar10,88.88,9.91,200,535392,2062873
4968,888,cifar10,90.12,88.81,200,261232,1002366
4696,888,cifar10,92.47,92.41,200,1248720,5091369
4858,888,cifar10,91.36,89.75,200,500656,2067756
4483,888,cifar10,91.98,91.84,200,464816,1652541
3153,888,cifar10,89.71,87.66,200,556864,2099277
3213,888,cifar10,10.0,10.0,200,209376,742857
3913,888,cifar10,92.97,92.58,200,779344,3141025
4362,888,cifar10,88.82,9.77,200,281648,972625
4993,888,cifar10,88.87,85.53,200,228448,754595
3657,888,cifar10,88.23,83.26,200,451632,1614755
3967,888,cifar10,91.84,91.54,200,803584,3147681
4551,888,cifar10,80.41,56.13,200,701472,2705067
4935,888,cifar10,87.3,10.0,200,272720,983787
4823,888,cifar10,66.76,10.03,200,180608,548914
3246,888,cifar10,90.09,88.07,200,501664,2092550
4957,888,cifar10,92.63,92.24,200,732112,2952646
4811,888,cifar10,88.82,88.45,200,778592,3141025
4433,888,cifar10,92.73,92.6,200,598704,2504034
4981,888,cifar10,85.19,78.01,200,696992,2753503
3554,888,cifar10,88.89,74.34,200,502368,1893791
3934,888,cifar10,92.93,92.69,200,760016,3134042
3631,888,cifar10,92.0,92.02,200,715216,2729221
3925,888,cifar10,85.32,10.0,200,530432,2057177
4529,888,cifar10,91.08,88.99,200,493552,1844843
4422,888,cifar10,93.32,93.22,200,1021280,4224354
4447,888,cifar10,90.26,88.67,200,346800,1438068
3233,888,cifar10,92.23,92.08,200,747328,2917337
4687,888,cifar10,91.93,91.98,200,466032,1645757
4594,888,cifar10,80.26,36.21,200,218048,761187
4070,888,cifar10,88.94,88.14,200,261232,1183314
4573,888,cifar10,90.76,35.36,200,547872,2063449
3993,888,cifar10,92.21,15.98,200,546176,2057241
3947,888,cifar10,92.09,91.39,200,507120,2067884
3167,888,cifar10,92.43,16.19,200,796048,3146529
5056,888,cifar10,88.79,85.75,200,238560,803607
4473,888,cifar10,92.57,92.2,200,473360,1826833
4014,888,cifar10,75.42,59.89,200,495904,1851691
4891,888,cifar10,10.0,10.0,200,416080,1610121
5036,888,cifar10,89.43,83.15,200,324096,1202585
3201,888,cifar10,79.84,26.99,200,424304,1632246
4915,888,cifar10,90.09,52.13,200,470368,1837604
4274,888,cifar10,91.64,91.71,200,488816,1851371
4869,888,cifar10,91.13,90.82,200,793728,2941619
5046,888,cifar10,90.95,89.12,200,520336,2092422
3279,888,cifar10,89.99,76.74,200,492960,1869509
4238,888,cifar10,87.5,58.6,200,694240,2746712
4330,888,cifar10,92.35,92.21,200,755488,2917337
4762,888,cifar10,87.79,79.44,200,240128,754659
3545,888,cifar10,53.93,13.87,200,194240,598054
4584,888,cifar10,90.19,89.41,200,549632,2080947
3618,888,cifar10,92.66,92.13,200,798752,3164475
4463,888,cifar10,92.26,91.75,200,986864,3819917
4562,888,cifar10,94.08,94.06,200,773376,3158196
4836,888,cifar10,90.34,88.46,200,297008,1232390
4195,888,cifar10,88.78,88.48,200,753632,2923673
3575,888,cifar10,93.44,93.26,200,1211424,4903310
5014,888,cifar10,91.93,91.41,200,553136,2322894
4494,888,cifar10,86.44,77.08,200,254240,1002238
3132,888,cifar10,92.53,92.31,200,521696,2050457
4173,888,cifar10,88.2,35.87,200,513856,1875973
5025,888,cifar10,92.47,92.0,200,959616,4018484
4374,888,cifar10,88.41,88.17,200,232576,779005
3565,888,cifar10,90.42,86.19,200,723296,2952774
4617,888,cifar10,90.4,85.67,200,732160,2977568
4666,888,cifar10,92.24,92.24,200,818608,3370729
4903,888,cifar10,89.17,88.61,200,316640,1190233
4320,888,cifar10,89.58,87.63,200,323232,1214643
4285,888,cifar10,90.97,32.8,200,705840,2729413
4881,888,cifar10,90.38,88.94,200,519456,2116960
4137,888,cifar10,93.09,91.78,200,955328,3795123
3535,888,cifar10,90.14,89.32,200,297568,1009349
5125,888,cifar10,80.47,30.14,200,231536,779069
4631,888,cifar10,93.3,51.73,200,1011168,4006881
4994,888,cifar10,88.62,88.24,200,227312,766947
3190,888,cifar10,88.82,10.11,200,510864,1858347
3257,888,cifar10,88.8,21.4,200,515808,1869253
3905,888,cifar10,89.78,88.16,200,283280,990187
4752,888,cifar10,86.59,10.96,200,743728,2917465
3525,888,cifar10,92.29,25.64,200,559952,2280609
5175,888,cifar10,10.0,10.0,200,416144,1610185
5003,888,cifar10,92.44,91.52,200,713712,2928108
4947,888,cifar10,91.95,91.17,200,608960,2286497
4859,888,cifar10,91.59,90.74,200,492336,1857195
4411,888,cifar10,90.26,24.86,200,723136,2729541
3597,888,cifar10,92.03,91.83,200,675472,2698212
3958,888,cifar10,80.01,73.96,200,273536,997867
4936,888,cifar10,90.18,88.83,200,292656,991339
4717,888,cifar10,92.57,92.03,200,570352,2304123
3734,888,cifar10,87.49,68.22,200,440224,1639293
4552,888,cifar10,89.95,86.5,200,281040,991211
4505,888,cifar10,92.51,91.41,200,766880,3183182
4801,888,cifar10,92.31,91.53,200,740320,2934643
5165,888,cifar10,90.98,88.25,200,463152,1837668
4812,888,cifar10,89.51,85.5,200,257152,1026840
3177,888,cifar10,91.94,91.82,200,680640,2680401
4926,888,cifar10,93.48,93.29,200,1027632,4224290
4607,888,cifar10,86.35,85.95,200,268656,991147
4707,888,cifar10,93.43,92.94,200,802768,3388988
4655,888,cifar10,93.46,93.44,200,1238592,5084514
5037,888,cifar10,75.26,19.68,200,251008,785661
4983,888,cifar10,93.63,84.3,200,762992,2910617
4644,888,cifar10,91.67,90.9,200,503888,1851307
5103,888,cifar10,91.34,90.4,200,738880,2934899
4727,888,cifar10,92.52,92.34,200,720416,2927724
4518,888,cifar10,92.6,92.5,200,731200,2909657
3977,888,cifar10,92.71,92.54,200,770272,3133914
5275,888,cifar10,86.35,85.79,200,175088,537816
5221,888,cifar10,75.87,59.79,200,239152,785725
5114,888,cifar10,91.02,86.49,200,523392,2098509
4788,888,cifar10,92.46,92.26,200,793664,2941811
3586,888,cifar10,89.73,86.94,200,716464,2729669
3915,888,cifar10,92.52,92.39,200,466688,1826961
4916,888,cifar10,91.73,91.43,200,487968,1843883
4495,888,cifar10,69.42,19.99,200,190704,573516
4595,888,cifar10,92.32,92.22,200,542128,2074419
5151,888,cifar10,92.87,92.64,200,736608,2928172
5296,888,cifar10,92.31,92.05,200,492960,2043474
5047,888,cifar10,10.0,10.0,200,154096,544472
4434,888,cifar10,75.87,24.64,200,449792,1628003
4398,888,cifar10,92.4,92.14,200,767568,2941555
5071,888,cifar10,92.54,91.83,200,989072,4018612
5252,888,cifar10,88.78,82.95,200,255952,977892
4474,888,cifar10,92.98,93.09,200,774656,3140065
5057,888,cifar10,88.69,84.16,200,227344,761187
4697,888,cifar10,89.2,11.62,200,374752,1427233
4530,888,cifar10,91.17,89.98,200,972880,3795059
5231,888,cifar10,86.0,76.49,200,670976,2722558
4740,888,cifar10,89.32,18.98,200,978064,3783961
4824,888,cifar10,92.44,91.82,200,970928,4043278
4363,888,cifar10,90.52,51.93,200,492064,2067884
5319,888,cifar10,92.12,92.02,200,489040,1826961
3645,888,cifar10,92.18,92.25,200,933216,3763922
4585,888,cifar10,92.73,92.5,200,758720,3134042
3555,888,cifar10,92.49,92.21,200,674832,2698148
4386,888,cifar10,92.51,92.3,200,789584,3388732
4275,888,cifar10,93.38,92.8,200,804896,3364194
4667,888,cifar10,89.39,11.06,200,313136,1214259
5081,888,cifar10,92.77,92.26,200,1017776,4248700
4563,888,cifar10,90.07,87.36,200,452752,1669399
4448,888,cifar10,92.99,92.46,200,484544,1844843
4423,888,cifar10,92.67,92.26,200,516816,2050457
4870,888,cifar10,89.22,65.6,200,689488,2747032
4239,888,cifar10,89.42,66.49,200,934816,3812678
4688,888,cifar10,88.72,85.85,200,281856,1009093
3247,888,cifar10,93.21,92.85,200,540800,2073715
3280,888,cifar10,92.29,92.24,200,478608,1820241
5393,888,cifar10,90.37,89.37,200,267136,966609
4882,888,cifar10,91.19,87.14,200,470640,1862462
5197,888,cifar10,91.87,91.38,200,587744,2528828
4004,888,cifar10,93.03,92.87,200,482880,1826833
4321,888,cifar10,88.6,88.12,200,221936,743113
4904,888,cifar10,88.64,85.07,200,240208,761315
3994,888,cifar10,92.44,92.0,200,551584,2057241
3632,888,cifar10,90.27,88.68,200,491024,1869317
4995,888,cifar10,92.56,92.19,200,488352,1844715
4506,888,cifar10,86.8,14.69,200,470688,1827025
5356,888,cifar10,93.27,93.3,200,767424,2917401
4015,888,cifar10,92.55,92.12,200,719072,2705067
4860,888,cifar10,90.7,90.01,200,298272,1207724
3935,888,cifar10,91.29,91.06,200,697456,2747096
5381,888,cifar10,88.32,83.06,200,479568,1862398
4948,888,cifar10,92.88,92.76,200,493360,1851371
3576,888,cifar10,91.16,91.03,200,482976,1844779
4332,888,cifar10,91.77,91.68,200,494544,1851691
4464,888,cifar10,87.7,73.72,200,663872,2697892
5264,888,cifar10,73.94,13.12,200,175216,554674
4542,888,cifar10,89.35,87.97,200,719456,2753951
5004,888,cifar10,90.98,90.46,200,501728,1875077
4970,888,cifar10,91.93,91.91,200,523520,1851627
5370,888,cifar10,91.24,89.67,200,738256,2952774
5405,888,cifar10,87.42,69.13,200,685728,2722622
3258,888,cifar10,74.96,13.43,200,235488,767843
3202,888,cifar10,92.3,10.04,200,750416,2923033
4763,888,cifar10,91.95,91.14,200,710880,2729669
4645,888,cifar10,90.51,89.37,200,283024,1009349
4297,888,cifar10,92.31,91.85,200,601952,2305019
4718,888,cifar10,68.25,33.33,200,209600,568946
5207,888,cifar10,93.54,93.42,200,1266528,5314282
4937,888,cifar10,92.02,13.12,200,801152,3147617
5308,888,cifar10,90.85,89.82,200,695984,2703979
5415,888,cifar10,88.77,10.0,200,274768,972561
4553,888,cifar10,92.31,90.75,200,564592,2298164
4656,888,cifar10,77.12,45.6,200,459328,1688305
3968,888,cifar10,93.07,92.89,200,996368,4043470
3536,888,cifar10,88.13,84.32,200,449088,1645885
4575,888,cifar10,91.24,90.41,200,478624,1869253
3566,888,cifar10,91.77,36.56,200,551424,2081651
4802,888,cifar10,91.62,90.34,200,741104,2977376
4984,888,cifar10,92.09,91.86,200,541776,2298100
5038,888,cifar10,88.04,87.69,200,443632,1813322
4927,888,cifar10,93.07,92.08,200,736336,2952774
5016,888,cifar10,88.65,88.38,200,265840,966545
4813,888,cifar10,91.09,90.93,200,744656,2977632
4608,888,cifar10,92.89,74.23,200,1027120,4001185
4597,888,cifar10,90.45,71.46,200,711504,2704875
5320,888,cifar10,10.0,10.0,200,145440,537752
4917,888,cifar10,88.99,12.44,200,525328,2074867
4777,888,cifar10,91.98,91.94,200,530176,2050457
5242,888,cifar10,87.37,86.1,200,210160,729737
3622,888,cifar10,92.06,42.7,200,798576,3165115
3959,888,cifar10,88.73,83.95,200,501616,1851691
3598,888,cifar10,92.72,92.46,200,748816,2910681
5437,888,cifar10,91.47,91.13,200,505424,2067756
5253,888,cifar10,89.47,89.29,200,235920,754659
5048,888,cifar10,92.22,92.03,200,711120,2711723
3979,888,cifar10,86.29,75.82,200,428000,1656720
4496,888,cifar10,93.04,92.78,200,760960,3158388
4753,888,cifar10,75.94,65.01,200,505744,1875973
5152,888,cifar10,79.07,37.79,200,188352,580172
4959,888,cifar10,92.88,92.41,200,563200,2503714
4741,888,cifar10,60.42,10.0,200,188880,573516
4949,888,cifar10,62.65,10.0,200,182960,548914
4826,888,cifar10,90.81,89.26,200,540496,2074739
4893,888,cifar10,92.85,92.83,200,984656,3777369
4475,888,cifar10,91.42,91.35,200,608864,2286433
5276,888,cifar10,92.11,92.17,200,447696,1627107
3556,888,cifar10,72.84,13.95,200,209600,772150
4680,888,cifar10,91.46,91.42,200,430944,1596425
4450,888,cifar10,75.36,58.92,200,154704,568946
4531,888,cifar10,91.98,91.55,200,742720,2736325
4669,888,cifar10,89.45,87.14,200,298544,1232774
4850,888,cifar10,89.81,71.78,200,502400,1893791
5287,888,cifar10,92.57,91.84,200,776192,3158196
5450,888,cifar10,88.26,83.21,200,506992,1893599
5028,888,cifar10,93.44,92.79,200,780240,3157748
5297,888,cifar10,88.47,85.35,200,271696,1009093
5093,888,cifar10,88.55,81.96,200,289824,1009029
3178,888,cifar10,91.42,91.07,200,503648,1869253
4412,888,cifar10,92.18,92.03,200,722384,2753823
5507,888,cifar10,86.35,85.82,200,165760,531096
4307,888,cifar10,91.92,91.54,200,583664,2304251
5166,888,cifar10,91.12,89.53,200,554080,2081523
4905,888,cifar10,82.38,78.04,200,319488,1239117
5461,888,cifar10,75.47,22.77,200,227904,766947
4435,888,cifar10,88.61,85.73,200,452048,1663703
5060,888,cifar10,91.38,90.09,200,480032,1844715
3995,888,cifar10,86.8,82.57,200,233312,754595
4996,888,cifar10,89.41,88.28,200,347056,1220211
5222,888,cifar10,91.64,91.14,200,562112,2081587
4586,888,cifar10,88.75,78.44,200,248800,784637
5104,888,cifar10,87.54,85.96,200,744176,2958861
4485,888,cifar10,93.43,93.07,200,787664,3141089
4839,888,cifar10,87.46,86.57,200,252304,977636
4634,888,cifar10,89.84,25.91,200,742480,2934835
4647,888,cifar10,75.96,60.1,200,457104,1634531
5371,888,cifar10,90.87,89.46,200,455744,1645949
4657,888,cifar10,92.06,91.9,200,443792,1621347
4399,888,cifar10,85.05,44.81,200,723008,2729541
4341,888,cifar10,87.09,79.25,200,521872,1851499
3927,888,cifar10,93.54,93.24,200,705680,2687185
4555,888,cifar10,88.34,12.04,200,499424,1832721
4364,888,cifar10,92.21,92.1,200,731792,2910617
5335,888,cifar10,93.0,92.83,200,985296,3770841
5382,888,cifar10,92.83,92.6,200,788080,3140065
4871,888,cifar10,90.07,85.43,200,475216,1639293
5347,888,cifar10,91.56,89.56,200,495264,1869445
5176,888,cifar10,93.62,93.58,200,1280736,5091561
4388,888,cifar10,90.66,85.78,200,462336,1862462
4465,888,cifar10,92.05,90.42,200,541280,2074547
4610,888,cifar10,52.02,10.0,200,172288,566597
4708,888,cifar10,92.83,92.52,200,987456,4018612
4507,888,cifar10,92.22,91.4,200,738912,2959757
5484,888,cifar10,91.92,91.77,200,692704,2903634
4543,888,cifar10,89.56,10.0,200,788672,3140833
5406,888,cifar10,88.1,87.45,200,446496,1813322
5309,888,cifar10,86.73,10.0,200,514848,1857259
5471,888,cifar10,93.41,92.72,200,510544,2067948
5428,888,cifar10,75.68,63.8,200,461776,1628067
4883,888,cifar10,92.28,91.93,200,716752,2903762
5416,888,cifar10,90.17,88.49,200,312560,1016005
4861,888,cifar10,92.21,92.14,200,489248,1826129
5358,888,cifar10,92.5,92.25,200,501424,1844843
3588,888,cifar10,90.18,77.89,200,958720,3813190
5232,888,cifar10,91.66,91.45,200,612704,2510889
5394,888,cifar10,91.81,91.38,200,538144,2074355
4670,888,cifar10,54.06,12.56,200,162192,541995
5529,888,cifar10,90.83,89.14,200,452752,1639101
5005,888,cifar10,91.89,91.04,200,755888,3182798
5139,888,cifar10,90.9,90.24,200,759424,2959629
5198,888,cifar10,91.78,90.45,200,520080,2074867
4497,888,cifar10,78.29,25.67,200,209888,772150
4322,888,cifar10,90.98,32.55,200,719680,2704747
4520,888,cifar10,76.1,24.6,200,251712,785597
4698,888,cifar10,93.03,92.77,200,1003760,4000225
5017,888,cifar10,84.31,81.45,200,515504,1875973
5321,888,cifar10,91.39,91.03,200,739760,2917209
5517,888,cifar10,91.51,89.76,200,496416,1844715
5208,888,cifar10,90.83,90.77,200,303072,1190297
5187,888,cifar10,92.3,91.94,200,959088,4018548
4719,888,cifar10,90.88,88.28,200,464560,1837860
3936,888,cifar10,89.42,47.49,200,474128,1862462
3577,888,cifar10,92.36,92.29,200,538320,2273754
4918,888,cifar10,92.51,92.14,200,549168,2298036
5082,888,cifar10,90.6,86.15,200,549184,2099597
5115,888,cifar10,93.7,93.5,200,1266512,5313642
5451,888,cifar10,71.96,22.89,200,217952,796688
4754,888,cifar10,85.96,86.21,200,165760,544472
4894,888,cifar10,10.0,10.0,200,192464,742985
4576,888,cifar10,87.33,66.51,200,457936,1862334
4803,888,cifar10,88.61,88.14,200,472128,1826961
5544,888,cifar10,93.7,93.59,200,934896,3763922
4827,888,cifar10,85.52,33.61,200,435056,1681322
4532,888,cifar10,91.92,91.98,200,488976,1851371
4424,888,cifar10,92.92,92.81,200,814880,3388668
4951,888,cifar10,92.61,91.88,200,734560,2928172
4587,888,cifar10,86.37,85.83,200,431840,1596297
5049,888,cifar10,87.25,76.82,200,449040,1614755
5438,888,cifar10,89.26,88.75,200,314960,1190297
4851,888,cifar10,75.8,64.19,200,179216,555570
4623,888,cifar10,91.0,89.05,200,507088,2067756
4298,888,cifar10,91.51,91.34,200,541392,2074867
5153,888,cifar10,88.91,88.59,200,267808,966673
5372,888,cifar10,75.91,65.68,200,186544,562290
3969,888,cifar10,92.37,92.32,200,749520,2910617
4873,888,cifar10,89.67,89.05,200,218480,754595
4598,888,cifar10,88.19,81.79,200,661040,2697828
3980,888,cifar10,88.64,84.92,200,291872,991211
4413,888,cifar10,87.42,78.66,200,216832,754659
5277,888,cifar10,92.41,91.41,200,981056,3795187
4793,888,cifar10,91.73,33.5,200,718624,2687249
4960,888,cifar10,86.96,59.41,200,449104,1639229
5417,888,cifar10,83.61,37.24,200,262368,959889
5600,888,cifar10,92.45,92.34,200,497552,1844651
4354,888,cifar10,93.69,93.43,200,712816,2903442
4556,888,cifar10,86.09,17.02,200,313712,1197145
4884,888,cifar10,79.89,44.61,200,179568,555570
5061,888,cifar10,88.85,86.58,200,294944,1232454
5298,888,cifar10,91.47,90.81,200,731424,2952646
4611,888,cifar10,88.92,83.56,200,280720,984683
5565,888,cifar10,90.36,89.43,200,507312,1876101
5288,888,cifar10,92.02,91.72,200,466784,1826001
4778,888,cifar10,91.71,91.39,200,504704,1856811
4451,888,cifar10,89.36,88.7,200,325792,1413722
5578,888,cifar10,89.83,88.41,200,531536,2074739
4939,888,cifar10,87.13,86.0,200,307712,1203545
4566,888,cifar10,91.79,91.05,200,490272,1851371
4658,888,cifar10,88.59,85.27,200,474384,1886936
4906,888,cifar10,89.4,84.82,200,265056,984555
5029,888,cifar10,93.09,92.69,200,781408,3182926
4466,888,cifar10,86.5,61.71,200,425776,1656784
4648,888,cifar10,89.74,88.82,200,541408,2081523
4742,888,cifar10,92.15,12.92,200,764016,2917401
5311,888,cifar10,89.8,51.36,200,505568,1844843
5383,888,cifar10,91.06,90.67,200,537168,2074739
4509,888,cifar10,75.69,62.58,200,504992,1858219
4919,888,cifar10,84.05,83.46,200,221760,736137
5407,888,cifar10,73.41,28.07,200,507424,1869317
5127,888,cifar10,92.28,91.58,200,766656,2910617
4437,888,cifar10,91.96,91.84,200,452384,1837732
4308,888,cifar10,75.8,23.75,200,276768,997739
5611,888,cifar10,92.44,49.69,200,753936,2910553
4486,888,cifar10,92.3,32.55,200,989952,4000673
4840,888,cifar10,92.21,91.85,200,484800,1820241
5429,888,cifar10,92.44,92.11,200,715168,2729477
5177,888,cifar10,86.16,67.97,200,210528,772086
5094,888,cifar10,85.74,58.08,200,460864,1663703
5006,888,cifar10,83.77,79.63,200,299744,1016005
4973,888,cifar10,93.2,92.86,200,798000,3140577
4829,888,cifar10,89.22,88.66,200,216176,736265
5073,888,cifar10,90.13,66.48,200,547888,2050457
4671,888,cifar10,77.87,25.94,200,197008,747420
5621,888,cifar10,92.22,92.12,200,722736,2718315
5632,888,cifar10,91.51,91.44,200,552448,2050329
4997,888,cifar10,92.63,91.69,200,1202784,4903246
5395,888,cifar10,90.66,88.87,200,496960,1868293
4895,888,cifar10,88.67,87.94,200,249808,792381
5348,888,cifar10,90.73,89.53,200,448976,1621347
5680,888,cifar10,86.7,86.24,200,426160,1603209
5462,888,cifar10,88.6,87.29,200,499040,1857323
5167,888,cifar10,89.29,10.05,200,380032,1427297
5472,888,cifar10,68.48,17.29,200,261632,785661
5050,888,cifar10,56.0,12.58,200,193984,573516
4498,888,cifar10,89.85,88.94,200,225248,754595
4635,888,cifar10,92.68,92.46,200,710000,2903762
4366,888,cifar10,87.47,10.0,200,261136,1002174
5645,888,cifar10,93.53,63.97,200,544624,2056217
5667,888,cifar10,92.67,92.31,200,498240,1844715
5373,888,cifar10,86.41,17.04,200,227632,761251
5452,888,cifar10,75.89,60.98,200,286656,1015813
5019,888,cifar10,86.52,86.23,200,745552,2917273
4477,888,cifar10,91.32,91.05,200,500512,2067820
4544,888,cifar10,92.32,91.71,200,781280,3183246
5211,888,cifar10,86.9,79.33,200,223120,754659
4521,888,cifar10,92.86,92.55,200,750896,2935091
4720,888,cifar10,88.67,83.54,200,235216,761187
4729,888,cifar10,93.23,92.93,200,1025520,4224354
5485,888,cifar10,89.43,88.78,200,364096,1420705
4709,888,cifar10,92.35,92.09,200,490128,1851499
5419,888,cifar10,86.39,10.35,200,415936,1603273
4390,888,cifar10,90.71,87.94,200,701200,2704875
5040,888,cifar10,84.78,16.12,200,716192,2718507
5266,888,cifar10,92.97,92.88,200,814928,3388668
5188,888,cifar10,90.05,87.2,200,454464,1639229
4929,888,cifar10,88.78,30.05,200,512176,1844715
4578,888,cifar10,89.79,89.34,200,250608,960017
5656,888,cifar10,91.53,90.07,200,551872,2322574
4681,888,cifar10,93.69,93.53,200,1051504,4454122
5105,888,cifar10,92.18,91.9,200,752992,2933811
5233,888,cifar10,92.56,80.12,200,546416,2050457
5531,888,cifar10,75.32,25.02,200,491680,1851563
5441,888,cifar10,92.19,16.17,200,741792,2917465
5360,888,cifar10,90.96,39.82,200,719600,2705067
5223,888,cifar10,92.68,92.52,200,566336,2323150
4765,888,cifar10,89.28,10.0,200,468880,1837604
4862,888,cifar10,10.0,10.0,200,505232,1857963
4690,888,cifar10,88.99,78.71,200,491248,1869317
5702,888,cifar10,89.18,86.63,200,451008,1639165
5337,888,cifar10,75.84,61.08,200,239776,810071
4588,888,cifar10,93.2,92.9,200,795728,3140897
4377,888,cifar10,93.61,93.38,200,702416,2704939
4425,888,cifar10,75.63,64.77,200,222864,785661
4343,888,cifar10,90.55,10.24,200,994272,3802035
5692,888,cifar10,75.65,20.19,200,735104,2718379
4612,888,cifar10,88.96,88.8,200,218192,736073
5083,888,cifar10,91.72,90.07,200,504240,2092678
5154,888,cifar10,83.9,72.81,200,226432,779069
3937,888,cifar10,92.51,92.23,200,554624,2280673
4533,888,cifar10,93.47,93.39,200,978544,3819981
4885,888,cifar10,90.06,39.82,200,743808,2934515
5732,888,cifar10,88.88,88.46,200,276480,980241
4567,888,cifar10,88.27,87.88,200,505072,1851371
5140,888,cifar10,91.84,91.78,200,511520,2092550
4599,888,cifar10,89.35,28.09,200,798496,3165307
5278,888,cifar10,87.46,81.99,200,436704,1614755
4987,888,cifar10,82.68,23.86,200,287856,1014981
4660,888,cifar10,73.93,28.48,200,182032,554674
5722,888,cifar10,88.7,85.67,200,233056,784765
5030,888,cifar10,86.75,14.82,200,419152,1596617
4649,888,cifar10,89.63,34.45,200,491840,1850475
5199,888,cifar10,91.74,91.51,200,529824,2117408
5518,888,cifar10,91.28,86.1,200,588544,2287329
5007,888,cifar10,86.33,85.86,200,166336,531160
4499,888,cifar10,75.77,19.14,200,236768,761123
4874,888,cifar10,92.68,92.47,200,513088,2050457
4830,888,cifar10,92.61,92.38,200,499216,1827025
5408,888,cifar10,87.41,79.31,200,216064,754595
5712,888,cifar10,91.57,90.82,200,735168,2934771
5289,888,cifar10,91.3,88.0,200,742736,2735365
5681,888,cifar10,57.63,10.45,200,162000,541995
5384,888,cifar10,91.76,90.53,200,719376,2927980
4755,888,cifar10,88.93,88.36,200,555360,2081075
5566,888,cifar10,88.26,84.55,200,456880,1621347
4439,888,cifar10,88.82,82.18,200,233968,754595
4467,888,cifar10,91.66,90.9,200,536416,2099533
4478,888,cifar10,10.0,10.0,200,129456,519870
5063,888,cifar10,93.26,92.92,200,1065728,4231081
4557,888,cifar10,93.96,93.68,200,1225680,5084578
5579,888,cifar10,89.15,87.75,200,298096,1189721
4921,888,cifar10,92.7,92.01,200,758672,2934643
4414,888,cifar10,79.9,13.69,200,521616,1857323
4510,888,cifar10,92.99,92.55,200,798336,3141089
4907,888,cifar10,93.66,93.37,200,970896,3795059
4852,888,cifar10,91.11,90.11,200,699216,2927980
5312,888,cifar10,92.14,75.21,200,761568,2940851
4794,888,cifar10,82.84,69.09,200,467936,1670423
4841,888,cifar10,91.19,89.52,200,508208,2092422
4930,888,cifar10,89.83,89.08,200,270960,960017
5349,888,cifar10,92.41,92.11,200,752336,2917337
4974,888,cifar10,93.16,92.84,200,765744,2934707
5453,888,cifar10,91.89,91.65,200,450224,1670359
5556,888,cifar10,93.19,84.93,200,759616,2916441
5509,888,cifar10,92.31,91.74,200,750816,2935091
4523,888,cifar10,92.02,91.91,200,463648,1862526
4815,888,cifar10,91.86,91.61,200,697216,2704875
4744,888,cifar10,86.28,84.81,200,350320,1203417
4355,888,cifar10,88.31,87.12,200,509200,1893727
5545,888,cifar10,92.92,92.36,200,820112,3371113
4988,888,cifar10,86.09,86.02,200,132704,519870
5396,888,cifar10,92.02,91.74,200,964528,3794867
5361,888,cifar10,89.05,10.0,200,285152,972433
4545,888,cifar10,78.4,28.09,200,505744,1869317
4487,888,cifar10,93.14,93.12,200,1231312,4866977
5745,888,cifar10,92.76,92.39,200,813232,3364066
4896,888,cifar10,91.75,90.89,200,738608,2958733
5324,888,cifar10,93.01,92.08,200,780352,3158452
4309,888,cifar10,89.67,87.92,200,310944,1232390
4401,888,cifar10,93.07,93.0,200,713584,2903314
5116,888,cifar10,92.69,92.1,200,996320,4043214
5420,888,cifar10,90.83,57.52,200,714224,2710955
4941,888,cifar10,92.31,91.24,200,713760,2928172
5041,888,cifar10,10.0,10.0,200,208224,749769
5074,888,cifar10,80.23,10.0,200,503184,1851755
5374,888,cifar10,93.88,93.89,200,1013520,4001249
4579,888,cifar10,92.52,92.36,200,554512,2280353
5084,888,cifar10,85.74,85.44,200,152896,513278
4805,888,cifar10,90.8,90.58,200,687200,2705003
5255,888,cifar10,91.82,92.17,200,518528,1869381
5179,888,cifar10,87.2,84.33,200,290624,1014917
5267,888,cifar10,91.81,90.59,200,738288,2952966
4953,888,cifar10,91.38,90.98,200,492416,1868549
5212,888,cifar10,90.21,89.65,200,286336,1207596
4863,888,cifar10,92.14,92.1,200,464496,1652477
5020,888,cifar10,90.96,89.85,200,986928,3819917
4779,888,cifar10,91.44,90.6,200,751824,2958989
5498,888,cifar10,80.56,72.62,200,246800,767971
5430,888,cifar10,92.64,92.46,200,727920,2933875
5189,888,cifar10,68.99,30.57,200,212096,604710
5646,888,cifar10,93.4,81.31,200,542048,2057241
4962,888,cifar10,87.65,79.61,200,395296,1607772
5052,888,cifar10,81.35,49.83,200,147680,524440
4661,888,cifar10,84.56,80.52,200,461024,1663831
4710,888,cifar10,92.4,91.77,200,469904,1844843
4391,888,cifar10,88.76,18.93,200,288992,991531
4721,888,cifar10,92.51,92.64,200,729632,2910553
5338,888,cifar10,92.47,92.22,200,780336,2935091
5532,888,cifar10,91.88,68.98,200,711248,2680401
5668,888,cifar10,92.11,91.38,200,745888,2718187
4534,888,cifar10,89.61,89.04,200,251168,959953
5031,888,cifar10,91.38,89.79,200,707168,2705131
4876,888,cifar10,92.15,91.87,200,700032,2680337
4854,888,cifar10,86.87,76.91,200,210592,772214
4625,888,cifar10,88.38,9.71,200,589776,2287073
5301,888,cifar10,92.98,92.89,200,974832,4018548
4613,888,cifar10,92.24,92.06,200,588784,2305019
5657,888,cifar10,89.27,9.95,200,344768,1420193
4832,888,cifar10,88.22,85.19,200,288016,991531
5128,888,cifar10,90.98,87.49,200,755792,3182862
5765,888,cifar10,91.4,90.67,200,524624,2092614
4589,888,cifar10,92.73,83.74,200,810208,3147617
5409,888,cifar10,10.0,10.0,200,152720,537752
5633,888,cifar10,93.04,93.05,200,772848,3158260
5755,888,cifar10,89.08,44.02,200,487088,1911410
4452,888,cifar10,92.92,92.14,200,996480,4043342
4908,888,cifar10,82.28,74.35,200,243760,803671
5290,888,cifar10,88.35,88.06,200,478704,1851627
4886,888,cifar10,92.54,91.5,200,740672,2933875
5733,888,cifar10,79.12,23.75,200,424304,1632054
5703,888,cifar10,91.97,91.11,200,509744,1851307
5385,888,cifar10,88.79,9.1,200,504016,1851691
4344,888,cifar10,89.05,80.9,200,457232,1639229
4922,888,cifar10,68.8,42.49,200,229120,810007
4367,888,cifar10,91.42,67.53,200,755696,2940595
5442,888,cifar10,90.38,87.77,200,327328,1438068
4427,888,cifar10,82.41,76.63,200,244832,810263
4558,888,cifar10,88.9,10.92,200,537072,2057241
4468,888,cifar10,92.48,92.44,200,710624,2705003
5224,888,cifar10,88.83,88.37,200,547968,2057113
5591,888,cifar10,92.28,90.53,200,723248,2952774
4500,888,cifar10,89.46,84.38,200,552512,2080243
4931,888,cifar10,88.13,51.2,200,448928,1638397
4378,888,cifar10,89.38,89.61,200,459376,1645629
4637,888,cifar10,90.75,90.39,200,563696,2057177
5065,888,cifar10,92.06,92.11,200,950496,3770777
5463,888,cifar10,93.2,92.76,200,988352,4025403
4568,888,cifar10,73.9,43.97,200,459328,1644989
4842,888,cifar10,91.11,57.39,200,502608,1850795
5350,888,cifar10,91.2,90.24,200,506848,1850347
4700,888,cifar10,76.17,59.72,200,239008,792253
5777,888,cifar10,84.89,19.1,200,229456,827057
4806,888,cifar10,89.2,88.77,200,220560,743113
4975,888,cifar10,90.07,83.9,200,306720,1238861
5141,888,cifar10,88.78,76.99,200,467968,1663831
4650,888,cifar10,92.04,91.88,200,485264,1844715
4795,888,cifar10,91.99,91.14,200,452992,1813322
5200,888,cifar10,73.21,16.96,200,425152,1656848
5095,888,cifar10,93.85,93.33,200,1232832,5109180
4756,888,cifar10,89.14,85.86,200,283568,984747
5362,888,cifar10,82.66,75.94,200,473792,1869381
5486,888,cifar10,92.74,92.4,200,751888,2959821
5397,888,cifar10,91.48,89.77,200,500208,1869509
4546,888,cifar10,88.82,88.06,200,468992,1869189
5454,888,cifar10,91.47,90.83,200,749552,2959885
5580,888,cifar10,88.07,85.11,200,232192,803543
5603,888,cifar10,89.33,88.12,200,290496,1183442
4816,888,cifar10,92.06,91.64,200,740272,2933811
4999,888,cifar10,92.3,92.36,200,482768,1833745
4673,888,cifar10,88.16,87.11,200,528800,2081267
5723,888,cifar10,92.22,91.92,200,551360,2297972
5713,888,cifar10,90.07,88.64,200,325664,1214451
4511,888,cifar10,93.4,93.07,200,1013760,4024635
4989,888,cifar10,91.87,90.73,200,555200,2099661
5339,888,cifar10,86.55,22.92,200,212848,743113
5567,888,cifar10,91.79,91.52,200,724672,2705003
5234,888,cifar10,91.96,91.45,200,781424,3183182
5009,888,cifar10,92.09,91.97,200,701984,2928108
5085,888,cifar10,85.6,80.29,200,214576,772214
5042,888,cifar10,92.21,90.73,200,510832,2092422
4864,888,cifar10,89.8,86.95,200,313776,1214067
4489,888,cifar10,75.94,66.45,200,767760,2941299
5032,888,cifar10,68.08,39.1,200,205664,562290
4746,888,cifar10,88.11,84.27,200,446768,1837732
4691,888,cifar10,91.26,91.19,200,1208432,4868001
5787,888,cifar10,92.7,77.78,200,761680,2940915
4535,888,cifar10,88.76,88.06,200,247712,785661
5510,888,cifar10,91.99,91.98,200,484288,1844779
5624,888,cifar10,74.1,23.95,200,449136,1639165
4963,888,cifar10,92.58,92.32,200,482160,1825873
5431,888,cifar10,89.01,16.37,200,492816,2067756
5546,888,cifar10,74.02,31.7,200,464928,1645821
5519,888,cifar10,88.44,11.6,200,530400,2117344
5327,888,cifar10,92.35,91.77,200,999936,4025403
5499,888,cifar10,10.0,10.0,200,208160,749769
4479,888,cifar10,93.18,93.02,200,964560,3994074
5281,888,cifar10,92.04,91.76,200,499632,2067948
4923,888,cifar10,75.94,64.75,200,214832,792253
5313,888,cifar10,93.05,92.97,200,787792,3141089
5613,888,cifar10,90.8,90.52,200,522816,2063705
4932,888,cifar10,90.27,89.57,200,271104,959953
4942,888,cifar10,93.17,92.86,200,1013792,4024763
4441,888,cifar10,93.11,93.04,200,1005856,4224098
4711,888,cifar10,89.74,88.6,200,220432,754531
4569,888,cifar10,79.23,11.45,200,200768,598054
5682,888,cifar10,89.35,10.01,200,937184,3837728
4580,888,cifar10,93.17,92.54,200,1017728,4248892
4855,888,cifar10,92.02,91.75,200,720544,2710635
5053,888,cifar10,88.11,87.71,200,271552,966801
5075,888,cifar10,89.13,81.9,200,366256,1420705
4590,888,cifar10,88.77,85.3,200,300000,1232582
5302,888,cifar10,91.97,91.94,200,505728,1876101
5386,888,cifar10,91.01,90.88,200,490768,1844715
5746,888,cifar10,86.96,60.74,200,487440,1911474
4954,888,cifar10,94.07,93.96,200,1202096,4878452
4559,888,cifar10,86.38,86.09,200,442512,1628003
4911,888,cifar10,92.15,91.68,200,720560,2710571
5464,888,cifar10,53.46,10.08,200,162240,566597
5798,888,cifar10,87.56,81.6,200,238832,803543
4887,888,cifar10,92.67,91.82,200,557328,2297652
4833,888,cifar10,92.03,44.63,200,729312,2736069
5410,888,cifar10,91.41,90.71,200,764432,2959885
4469,888,cifar10,75.88,18.98,200,491776,1858155
4614,888,cifar10,86.81,59.99,200,423104,1656784
5180,888,cifar10,87.99,85.31,200,291728,1008965
4877,888,cifar10,92.13,91.94,200,427024,1603273
5351,888,cifar10,80.57,65.86,200,426144,1681322
5756,888,cifar10,88.47,88.13,200,767664,2941555
5444,888,cifar10,92.42,91.11,200,722128,2928044
5117,888,cifar10,89.13,88.78,200,603488,2510505
5363,888,cifar10,91.59,91.47,200,449936,1652477
5398,888,cifar10,86.62,21.63,200,498096,1833553
5724,888,cifar10,86.41,85.75,200,152864,513214
4345,888,cifar10,10.0,10.0,200,432160,1628067
5033,888,cifar10,86.62,86.28,200,153952,537752
5557,888,cifar10,92.64,92.16,200,985280,3820045
5169,888,cifar10,93.25,93.14,200,1002704,4001121
4976,888,cifar10,91.98,91.82,200,577952,2081651
5247,888,cifar10,92.64,92.36,200,562224,2081011
5766,888,cifar10,91.11,89.5,200,480032,1844843
4547,888,cifar10,91.23,88.93,200,455728,1644925
5592,888,cifar10,78.18,65.43,200,259344,785661
5066,888,cifar10,91.88,91.36,200,574624,2528444
5190,888,cifar10,91.04,25.08,200,743120,2934707
4525,888,cifar10,86.42,82.37,200,227472,761187
4731,888,cifar10,90.34,90.26,200,341040,1420705
5340,888,cifar10,88.73,88.28,200,248912,792317
5778,888,cifar10,92.9,92.67,200,771376,3158068
5043,888,cifar10,92.11,91.98,200,468896,1645885
5256,888,cifar10,93.65,92.73,200,724544,2952902
4379,888,cifar10,87.85,80.34,200,468384,1837924
4865,888,cifar10,87.21,86.16,200,457600,1837412
4638,888,cifar10,93.07,92.9,200,1039088,4007841
4898,888,cifar10,88.96,84.94,200,329136,1214515
4990,888,cifar10,75.76,18.23,200,457216,1652477
5788,888,cifar10,89.1,88.79,200,509456,1833745
5704,888,cifar10,86.11,10.37,200,568416,2062745
4651,888,cifar10,89.63,87.06,200,284128,984683
4683,888,cifar10,83.1,11.2,200,535264,2099533
4807,888,cifar10,93.44,93.26,200,1026304,4224354
4701,888,cifar10,92.07,91.77,200,459328,1838052
5533,888,cifar10,92.8,92.41,200,758768,2934067
5022,888,cifar10,86.25,86.3,200,157008,531096
5201,888,cifar10,90.06,89.24,200,275072,984555
5487,888,cifar10,90.28,89.86,200,315520,1189337
5808,888,cifar10,90.44,88.17,200,328832,1213363
4924,888,cifar10,89.96,89.63,200,279824,983787
4428,888,cifar10,91.55,91.19,200,540192,2099597
4392,888,cifar10,90.48,86.09,200,519584,2117408
5634,888,cifar10,90.98,40.33,200,583456,2304955
5376,888,cifar10,92.15,92.12,200,500496,1827089
5054,888,cifar10,89.66,42.75,200,272256,959697
5819,888,cifar10,91.76,29.75,200,479744,1851563
5107,888,cifar10,91.21,90.24,200,733728,2934835
4674,888,cifar10,92.52,92.26,200,798768,3164539
5734,888,cifar10,92.77,91.8,200,950288,3788268
4965,888,cifar10,88.94,88.47,200,284736,959825
5694,888,cifar10,92.01,91.39,200,744208,3158132
4628,888,cifar10,86.79,64.36,200,217168,772214
5581,888,cifar10,88.98,11.98,200,298352,991531
5010,888,cifar10,88.58,88.36,200,278848,984555
5000,888,cifar10,93.52,92.87,200,1013728,4024443
4757,888,cifar10,87.13,83.03,200,312608,1015941
5455,888,cifar10,89.2,88.51,200,488672,1851371
5547,888,cifar10,91.92,91.44,200,428256,1596425
4817,888,cifar10,10.0,10.0,200,446704,1634787
5423,888,cifar10,93.22,92.95,200,820240,3371113
4570,888,cifar10,92.03,91.7,200,496944,1844651
4453,888,cifar10,92.8,92.6,200,991216,4018548
4368,888,cifar10,91.38,89.38,200,972912,3794995
5387,888,cifar10,92.21,91.98,200,552384,2050329
5648,888,cifar10,60.72,14.11,200,204192,548914
4602,888,cifar10,90.37,89.78,200,321184,1413594
4943,888,cifar10,88.95,9.81,200,755792,2917337
5034,888,cifar10,86.29,86.15,200,163856,537816
4490,888,cifar10,93.05,92.5,200,1018688,4025467
4933,888,cifar10,91.0,90.92,200,509936,2092614
5511,888,cifar10,91.15,88.72,200,439008,1620387
5271,888,cifar10,89.28,76.7,200,582032,2305019
5143,888,cifar10,86.98,55.8,200,688176,2747224
5096,888,cifar10,92.5,92.15,200,737664,2934835
5604,888,cifar10,90.36,87.5,200,347184,1220915
4767,888,cifar10,84.84,78.84,200,457584,1669463
5614,888,cifar10,88.45,88.12,200,218112,760291
4843,888,cifar10,93.3,93.11,200,1002864,4001249
4955,888,cifar10,75.56,63.0,200,173072,543448
4834,888,cifar10,89.01,20.0,200,501216,1843883
4888,888,cifar10,90.13,88.69,200,324336,1220019
5086,888,cifar10,89.05,9.97,200,333648,1221299
4712,888,cifar10,87.97,84.63,200,437424,1614691
5044,888,cifar10,87.27,83.85,200,229840,754531
5445,888,cifar10,91.27,89.81,200,447296,1663703
5156,888,cifar10,91.66,91.65,200,529424,2050521
5767,888,cifar10,88.72,88.19,200,276016,973585
5625,888,cifar10,90.93,89.5,200,471344,1862526
5352,888,cifar10,86.02,83.35,200,490672,1851307
5844,888,cifar10,87.11,31.24,200,444272,1662935
5520,888,cifar10,88.67,9.86,200,506048,1851499
4357,888,cifar10,92.34,91.99,200,553184,2280737
5364,888,cifar10,92.11,91.27,200,539280,2074931
5303,888,cifar10,10.0,10.0,200,226352,767907
5433,888,cifar10,82.64,73.86,200,313200,1015877
5282,888,cifar10,93.22,84.92,200,1228672,4885563
5500,888,cifar10,93.17,92.55,200,511216,2067948
5831,888,cifar10,93.0,92.66,200,803776,3165179
4991,888,cifar10,10.0,10.0,200,185856,743113
4977,888,cifar10,88.44,87.69,200,528096,2057113
5235,888,cifar10,91.1,18.29,200,740496,2934963
5568,888,cifar10,93.22,92.95,200,791200,3364194
5779,888,cifar10,86.68,86.42,200,459088,1628067
4732,888,cifar10,79.66,76.31,200,412752,1582850
4442,888,cifar10,92.67,92.37,200,509184,2067948
5170,888,cifar10,68.85,40.97,200,157360,586828
5799,888,cifar10,92.14,64.34,200,970672,3800755
5076,888,cifar10,92.57,92.4,200,681264,2697892
4591,888,cifar10,89.89,62.46,200,503440,2067820
4639,888,cifar10,90.79,90.11,200,539776,2057241
5747,888,cifar10,90.93,89.83,200,500896,1851435
5465,888,cifar10,88.87,86.73,200,286720,991147
4418,888,cifar10,94.23,94.05,200,1004496,4000289
5068,888,cifar10,88.41,85.8,200,706320,2729349
5118,888,cifar10,80.26,47.38,200,447584,1620515
5670,888,cifar10,89.99,89.67,200,443296,1627107
5866,888,cifar10,91.96,91.83,200,517888,2273882
4747,888,cifar10,93.57,93.57,200,1005168,4000289
4866,888,cifar10,91.95,90.92,200,518368,2092870
4702,888,cifar10,89.77,88.9,200,195984,779005
4663,888,cifar10,90.57,90.54,200,705392,2711979
5659,888,cifar10,75.5,21.17,200,450592,1627875
5181,888,cifar10,92.3,92.1,200,529792,2074611
5856,888,cifar10,93.43,93.25,200,712816,2710827
5789,888,cifar10,91.89,91.73,200,481872,1820241
4934,888,cifar10,73.76,34.0,200,198896,579212
5399,888,cifar10,88.82,88.27,200,529904,2074611
5342,888,cifar10,90.72,12.25,200,1243600,4868001
4723,888,cifar10,91.56,91.49,200,694400,2686993
5411,888,cifar10,92.55,91.46,200,753248,2935091
5055,888,cifar10,88.08,84.38,200,507872,1893727
4944,888,cifar10,85.91,52.38,200,227888,803543
5377,888,cifar10,90.89,90.62,200,563376,2287457
4966,888,cifar10,83.06,38.29,200,476672,1911282
5257,888,cifar10,90.6,89.12,200,470976,1862398
4819,888,cifar10,89.33,10.0,200,504688,2067948
5023,888,cifar10,75.78,26.22,200,985376,3801459
4403,888,cifar10,92.91,92.58,200,988288,4043278
4346,888,cifar10,91.49,30.81,200,707328,2729477
4956,888,cifar10,80.47,56.18,200,174176,531096
5131,888,cifar10,88.61,79.93,200,430496,1614755
5820,888,cifar10,92.44,91.64,200,774880,3158388
5272,888,cifar10,90.52,59.44,200,536720,2056217
5248,888,cifar10,92.91,92.77,200,757664,2935091
4844,888,cifar10,92.29,59.27,200,545888,2050457
4781,888,cifar10,75.72,16.4,200,539184,2081651
4380,888,cifar10,92.1,91.76,200,550336,2074803
5388,888,cifar10,91.47,91.09,200,747872,2934835
5958,888,cifar10,88.71,84.66,200,238272,761379
4684,888,cifar10,91.24,89.27,200,696688,2704939
5933,888,cifar10,77.48,41.27,200,424864,1632246
5366,888,cifar10,87.67,58.5,200,459104,1837732
5535,888,cifar10,91.12,88.44,200,471536,1886808
5845,888,cifar10,90.7,48.9,200,511456,1844779
5582,888,cifar10,92.12,91.24,200,450416,1837732
5593,888,cifar10,91.44,33.53,200,536656,2099533
5735,888,cifar10,84.36,82.41,200,456224,1645885
4901,888,cifar10,92.12,91.75,200,727920,2934707
5705,888,cifar10,92.55,90.82,200,720704,2952966
4992,888,cifar10,82.03,20.51,200,357552,1203417
5305,888,cifar10,77.6,17.04,200,434784,1656720
5715,888,cifar10,86.01,54.76,200,451120,1662871
5191,888,cifar10,91.7,90.94,200,566272,2323086
4369,888,cifar10,84.7,79.98,200,516848,1851755
5635,888,cifar10,92.03,91.23,200,538128,2074931
5888,888,cifar10,88.92,10.68,200,1019856,4007713
5947,888,cifar10,92.37,92.2,200,714480,2687185
5991,888,cifar10,91.92,91.86,200,441104,1603337
5768,888,cifar10,88.39,77.94,200,245392,977636
5980,888,cifar10,78.15,19.59,200,239568,779133
5001,888,cifar10,87.21,55.89,200,455856,1862334
4857,888,cifar10,92.07,90.87,200,758832,2934707
5695,888,cifar10,73.34,42.52,200,428304,1681194
4393,888,cifar10,92.04,91.34,200,722176,2952710
5202,888,cifar10,92.84,92.64,200,750192,2934899
5605,888,cifar10,88.32,84.03,200,676928,2697956
5832,888,cifar10,92.25,57.9,200,740432,2934515
5146,888,cifar10,88.98,14.06,200,543568,2050457
5548,888,cifar10,91.61,91.75,200,519840,1869381
5412,888,cifar10,58.09,17.66,200,188672,573516
4758,888,cifar10,93.35,93.31,200,714944,2928108
5011,888,cifar10,92.84,92.63,200,760304,2916377
4978,888,cifar10,90.08,89.6,200,243392,977700
5790,888,cifar10,89.18,88.32,200,269824,960017
5501,888,cifar10,79.42,59.8,200,435312,1614755
5171,888,cifar10,59.2,15.16,200,188896,572620
5434,888,cifar10,89.28,85.2,200,229184,784637
4713,888,cifar10,92.81,92.59,200,497936,2043474
5922,888,cifar10,92.59,92.18,200,740576,2934835
5626,888,cifar10,75.2,16.93,200,466048,1645949
5226,888,cifar10,91.28,89.8,200,719360,2952774
5488,888,cifar10,91.96,91.77,200,566256,2322894
5035,888,cifar10,90.94,88.8,200,700448,2729477
5780,888,cifar10,93.98,93.82,200,963792,3794995
5650,888,cifar10,85.38,82.2,200,530528,2098765
5684,888,cifar10,90.67,90.32,200,289648,1207660
5400,888,cifar10,86.63,86.05,200,425824,1603081
5097,888,cifar10,92.43,92.14,200,553216,2280289
5283,888,cifar10,90.78,90.21,200,283664,1207788
4867,888,cifar10,91.08,89.6,200,518688,2074611
5800,888,cifar10,79.0,31.72,200,438464,1621283
5158,888,cifar10,89.53,13.16,200,527776,2067564
5343,888,cifar10,70.46,21.85,200,229792,828017
5109,888,cifar10,91.63,90.42,200,768112,3182990
6048,888,cifar10,89.02,86.64,200,283632,1009093
5811,888,cifar10,92.18,92.01,200,769664,3140641
4770,888,cifar10,92.73,92.22,200,559856,2298228
5660,888,cifar10,92.04,91.96,200,430944,1596489
4879,888,cifar10,88.32,76.14,200,266976,1051250
5615,888,cifar10,86.4,10.07,200,478016,1911218
5069,888,cifar10,93.0,92.78,200,993376,4223906
5024,888,cifar10,93.0,92.99,200,706448,2680401
5087,888,cifar10,93.59,93.37,200,743312,2934067
5512,888,cifar10,92.63,92.4,200,600048,2528636
5077,888,cifar10,88.64,83.67,200,270560,1009221
5259,888,cifar10,89.61,88.4,200,299968,1232646
5458,888,cifar10,92.37,92.3,200,489568,1833745
5877,888,cifar10,84.59,69.59,200,203264,821162
4733,888,cifar10,86.03,83.71,200,348288,1427105
6059,888,cifar10,91.66,91.37,200,700512,2705067
5748,888,cifar10,87.52,11.77,200,266864,1026776
4797,888,cifar10,93.08,93.08,200,986560,3777561
5293,888,cifar10,89.62,88.53,200,270560,984683
4748,888,cifar10,88.13,87.01,200,486912,1876101
4945,888,cifar10,93.44,93.02,200,560512,2297780
5273,888,cifar10,90.46,85.16,200,480928,1670295
5389,888,cifar10,91.56,89.5,200,485344,1844843
6091,888,cifar10,90.94,89.02,200,453568,1663767
6026,888,cifar10,92.05,13.47,200,711664,2693841
6036,888,cifar10,90.57,86.03,200,755840,3182990
6125,888,cifar10,67.35,39.18,200,186384,585868
6006,888,cifar10,93.39,93.3,200,724960,2928108
5425,888,cifar10,86.77,15.97,200,502144,1893727
6081,888,cifar10,88.15,87.44,200,428064,1589897
4820,888,cifar10,92.37,92.14,200,505600,1820241
5846,888,cifar10,85.02,21.8,200,515024,1857195
4724,888,cifar10,89.27,87.84,200,289168,991595
6103,888,cifar10,89.48,84.97,200,290288,1033631
5912,888,cifar10,87.31,52.66,200,448944,1638333
4703,888,cifar10,89.4,87.93,200,510448,1869317
5306,888,cifar10,88.55,10.0,200,540752,2057177
5119,888,cifar10,87.26,17.57,200,499632,1875205
5521,888,cifar10,90.88,86.04,200,985232,3819853
4845,888,cifar10,89.05,23.95,200,733456,2729413
4430,888,cifar10,73.88,10.19,200,218448,772086
6016,888,cifar10,93.88,75.19,200,971488,3777625
5330,888,cifar10,88.85,81.07,200,340080,1239309
5466,888,cifar10,92.84,92.49,200,757344,3158324
5413,888,cifar10,92.21,92.02,200,452512,1837732
5726,888,cifar10,92.55,76.91,200,756336,2917145
4358,888,cifar10,91.22,88.26,200,970880,4043150
5821,888,cifar10,92.14,91.66,200,1032048,4025403
6146,888,cifar10,92.14,91.76,200,739648,2910489
5706,888,cifar10,89.5,88.81,200,257072,966609
5379,888,cifar10,88.71,88.18,200,563552,2280481
6115,888,cifar10,91.91,91.41,200,536784,2099341
5002,888,cifar10,91.75,91.34,200,518192,2067884
5447,888,cifar10,92.56,91.43,200,798688,3164219
5769,888,cifar10,90.67,90.59,200,718832,2711979
5354,888,cifar10,88.34,10.47,200,753520,2917401
5344,888,cifar10,89.47,89.22,200,230864,754595
5192,888,cifar10,92.41,92.34,200,436880,1602249
6156,888,cifar10,90.88,90.15,200,330400,1437876
4419,888,cifar10,92.15,91.51,200,768592,3182926
5182,888,cifar10,91.9,91.15,200,570368,2304187
5834,888,cifar10,92.21,91.62,200,518192,2092614
6223,888,cifar10,87.7,82.59,200,395264,1607708
5489,888,cifar10,86.02,85.97,200,167120,537752
5401,888,cifar10,79.52,58.35,200,166176,531096
5435,888,cifar10,88.1,83.1,200,297072,1033631
4455,888,cifar10,92.59,92.16,200,764368,3158324
5316,888,cifar10,91.53,91.43,200,492608,1850347
5216,888,cifar10,90.47,89.76,200,574976,2081203
5959,888,cifar10,92.25,91.93,200,772992,2917401
5857,888,cifar10,92.38,23.3,200,1004352,4000609
5249,888,cifar10,79.31,59.01,200,720080,2705003
5537,888,cifar10,88.53,12.3,200,336320,1221427
5934,888,cifar10,83.04,67.57,200,464352,1669335
6177,888,cifar10,88.98,88.84,200,210592,742153
4771,888,cifar10,89.73,88.93,200,199008,743177
5294,888,cifar10,88.06,87.38,200,433360,1590025
5759,888,cifar10,34.95,16.0,200,173552,591135
5685,888,cifar10,84.98,46.01,200,210992,796624
5203,888,cifar10,80.12,47.53,200,226608,778941
5696,888,cifar10,91.16,90.65,200,460048,1837732
5606,888,cifar10,88.86,84.25,200,252016,983659
5948,888,cifar10,89.61,85.0,200,305056,991467
5981,888,cifar10,92.01,91.86,200,687120,2687121
4394,888,cifar10,75.28,22.08,200,459120,1645821
5147,888,cifar10,91.01,91.14,200,448752,1621347
6071,888,cifar10,75.91,28.77,200,491664,1851435
5801,888,cifar10,93.78,93.71,200,949760,3770841
4782,888,cifar10,92.7,92.56,200,766512,3158452
6211,888,cifar10,75.1,65.99,200,513536,1851499
5260,888,cifar10,92.28,91.85,200,493664,1844907
5227,888,cifar10,89.34,86.92,200,305392,991147
4798,888,cifar10,89.93,88.35,200,279792,1009093
5812,888,cifar10,89.31,18.45,200,481904,1886872
5110,888,cifar10,88.77,88.41,200,228208,761315
5736,888,cifar10,93.58,93.45,200,778368,3363810
5098,888,cifar10,90.97,90.7,200,433152,1621347
5274,888,cifar10,79.27,39.03,200,230848,803543
5549,888,cifar10,87.5,82.17,200,661744,2697892
6135,888,cifar10,91.68,90.15,200,699248,2928044
6049,888,cifar10,90.04,60.06,200,960224,3813190
5392,888,cifar10,92.25,91.92,200,484032,1844843
5012,888,cifar10,91.36,88.57,200,485296,1869317
5284,888,cifar10,91.27,89.1,200,457952,1663703
5900,888,cifar10,90.84,87.71,200,712080,2728645
4714,888,cifar10,89.78,86.84,200,337088,1214451
6236,888,cifar10,86.49,83.37,200,490560,1869381
5369,888,cifar10,93.61,93.31,200,720912,2928108
5791,888,cifar10,93.11,92.76,200,1211440,4903118
5716,888,cifar10,91.92,90.72,200,719616,2952902
5781,888,cifar10,90.44,87.82,200,459504,1862526
6106,888,cifar10,90.12,89.87,200,254336,1002366
5847,888,cifar10,84.77,81.63,200,436912,1645949
6157,888,cifar10,84.18,83.76,200,174992,531096
4404,888,cifar10,93.26,93.28,200,1266592,5314154
6126,888,cifar10,93.97,93.66,200,760992,2910681
5889,888,cifar10,91.98,91.85,200,960560,3777433
5992,888,cifar10,86.18,81.12,200,548352,2099469
5584,888,cifar10,93.34,93.05,200,1047408,4230185
5513,888,cifar10,89.67,89.7,200,436000,1620451
6082,888,cifar10,92.66,91.95,200,714800,2928108
6224,888,cifar10,88.74,85.22,200,234288,1002366
5868,888,cifar10,88.77,78.64,200,276272,1009093
5503,888,cifar10,92.82,92.73,200,569888,2305083
5078,888,cifar10,10.0,10.0,200,538576,2063769
5332,888,cifar10,84.5,18.1,200,239584,828017
5661,888,cifar10,91.95,91.7,200,501024,1876037
5172,888,cifar10,91.25,90.82,200,756480,2941683
5770,888,cifar10,89.85,89.42,200,470080,1844587
5070,888,cifar10,88.76,85.83,200,473264,1645821
4735,888,cifar10,86.9,10.0,200,570256,2057241
5088,888,cifar10,89.9,89.52,200,706752,2705067
5878,888,cifar10,93.46,93.35,200,533840,2273946
5160,888,cifar10,90.05,87.58,200,325776,1462670
6147,888,cifar10,90.05,82.59,200,467056,1670295
5380,888,cifar10,91.93,91.89,200,699456,2711531
6027,888,cifar10,91.39,90.87,200,446336,1645821
5570,888,cifar10,91.92,91.51,200,774048,3183310
5971,888,cifar10,89.91,58.46,200,710064,2729733
5317,888,cifar10,81.42,72.37,200,286208,1033247
6272,888,cifar10,86.28,84.1,200,259648,791357
6248,888,cifar10,89.16,86.64,200,278752,1009349
5448,888,cifar10,91.81,91.25,200,715712,2729413
6365,888,cifar10,87.93,87.61,200,240816,761315
5760,888,cifar10,89.87,89.23,200,449360,1663831
4749,888,cifar10,90.46,88.77,200,675328,2722622
5727,888,cifar10,73.58,23.82,200,424816,1656720
6116,888,cifar10,92.96,92.18,200,744720,3158452
6282,888,cifar10,92.51,92.48,200,525264,2050457
5490,888,cifar10,90.44,89.97,200,271728,960017
5193,888,cifar10,86.75,72.41,200,425344,1656848
5355,888,cifar10,90.79,88.31,200,453104,1621347
5913,888,cifar10,86.54,43.86,200,538736,2057049
6168,888,cifar10,92.37,92.11,200,772720,3158324
5538,888,cifar10,74.72,60.59,200,186848,580172
5595,888,cifar10,79.94,20.36,200,413440,1607644
6061,888,cifar10,92.78,92.75,200,532432,2050393
5749,888,cifar10,93.82,93.65,200,949712,3994074
6007,888,cifar10,91.82,91.26,200,705472,2711595
4725,888,cifar10,90.03,83.54,200,461408,1663831
6293,888,cifar10,92.01,91.61,200,545088,2056217
4704,888,cifar10,85.82,83.92,200,501328,1858155
5414,888,cifar10,91.18,89.56,200,493104,1844843
5687,888,cifar10,89.37,88.88,200,221488,754595
5404,888,cifar10,92.5,52.85,200,802512,3146721
5436,888,cifar10,92.98,93.07,200,963312,3794931
5522,888,cifar10,90.93,90.06,200,295152,1232390
5237,888,cifar10,86.9,16.27,200,473760,1663703
6072,888,cifar10,90.26,78.98,200,480960,1886808
5560,888,cifar10,91.34,90.85,200,565296,2063577
4772,888,cifar10,86.76,82.78,200,217440,828081
5285,888,cifar10,87.04,10.0,200,257744,1002302
5250,888,cifar10,92.88,92.79,200,484016,1820241
5823,888,cifar10,93.9,93.89,200,733952,2910361
5148,888,cifar10,86.65,35.85,200,226272,785789
5467,888,cifar10,91.97,91.97,200,705216,2710827
5813,888,cifar10,89.13,83.2,200,578656,2081331
5707,888,cifar10,91.12,90.15,200,695136,2705067
6328,888,cifar10,90.43,87.86,200,325008,1213363
6213,888,cifar10,89.66,87.75,200,341776,1239437
5672,888,cifar10,85.35,19.69,200,465104,1688305
6136,888,cifar10,86.37,86.04,200,530608,2057113
6376,888,cifar10,82.44,78.13,200,241648,784893
5782,888,cifar10,80.51,74.39,200,478048,1851627
5120,888,cifar10,93.46,93.12,200,764592,2934771
5836,888,cifar10,93.05,48.09,200,1478016,5951657
5013,888,cifar10,88.84,9.47,200,305648,1015941
6421,888,cifar10,91.52,91.56,200,708560,2693905
5218,888,cifar10,87.14,65.55,200,450432,1862462
4783,888,cifar10,89.97,89.45,200,435312,1639229
6304,888,cifar10,93.93,93.84,200,963264,3994202
6341,888,cifar10,92.44,92.37,200,745488,2916057
6017,888,cifar10,90.6,84.48,200,706384,2752991
6201,888,cifar10,54.12,10.0,200,161440,541995
5637,888,cifar10,89.33,89.16,200,222400,736521
6107,888,cifar10,89.0,75.76,200,393920,1427361
5135,888,cifar10,80.6,7.72,200,336560,1221427
6050,888,cifar10,91.17,90.82,200,743664,2941299
4694,888,cifar10,91.55,90.32,200,933008,3788140
5183,888,cifar10,92.39,92.34,200,728352,2952710
6083,888,cifar10,75.89,19.65,200,441168,1633827
5607,888,cifar10,83.32,73.98,200,266320,1033375
5869,888,cifar10,75.42,64.39,200,174976,531160
5504,888,cifar10,75.12,66.01,200,151648,586828
5628,888,cifar10,10.0,10.0,200,273472,973457
6237,888,cifar10,87.14,84.56,200,937392,3837600
5960,888,cifar10,90.79,89.23,200,744896,2934899
6454,888,cifar10,78.9,55.46,200,249888,803543
6315,888,cifar10,92.04,91.76,200,1017104,4001249
5204,888,cifar10,93.08,92.76,200,753232,3133978
5890,888,cifar10,89.16,85.54,200,236080,761187
6397,888,cifar10,92.35,92.19,200,540480,2057177
5802,888,cifar10,10.0,10.0,200,694704,2693905
5697,888,cifar10,92.04,25.12,200,753584,2917337
6442,888,cifar10,67.11,10.2,200,719872,2736261
6431,888,cifar10,93.18,13.71,200,802752,3146721
6190,888,cifar10,87.53,86.0,200,277088,966609
5737,888,cifar10,87.17,78.83,200,451840,1862462
5460,888,cifar10,72.59,10.0,200,427216,1656592
5652,888,cifar10,93.18,92.78,200,983184,3794739
5858,888,cifar10,91.39,91.26,200,583696,2304507
5772,888,cifar10,91.85,21.39,200,728384,2711915
5449,888,cifar10,83.56,73.94,200,226320,802583
5717,888,cifar10,88.28,78.14,200,688160,2697764
6225,888,cifar10,92.49,92.38,200,820208,3371049
5586,888,cifar10,91.23,91.41,200,487280,1827025
5994,888,cifar10,86.16,81.05,200,455184,1862334
6093,888,cifar10,92.33,91.28,200,525248,2073587
6557,888,cifar10,61.48,30.72,200,150928,517521
5901,888,cifar10,88.08,85.77,200,457872,1651581
4715,888,cifar10,86.91,76.63,200,514720,1876165
5318,888,cifar10,91.7,90.65,200,535680,1876101
6148,888,cifar10,91.09,91.12,200,727120,2917017
5550,888,cifar10,88.73,10.01,200,504352,1876101
5163,888,cifar10,86.16,14.37,200,421696,1621347
6478,888,cifar10,10.0,10.0,200,224400,767907
4760,888,cifar10,92.38,92.2,200,556240,2298036
5111,888,cifar10,94.44,94.05,200,793520,3363746
5079,888,cifar10,89.58,88.77,200,397248,1427297
6535,888,cifar10,88.99,86.81,200,308160,1232646
6489,888,cifar10,93.7,93.28,200,749600,3133658
6169,888,cifar10,82.1,65.02,200,484288,1893791
6062,888,cifar10,86.92,80.28,200,490144,1869253
6408,888,cifar10,92.13,91.52,200,732896,2953030
5792,888,cifar10,90.59,84.97,200,710576,2952454
5238,888,cifar10,89.89,89.46,200,259152,966801
6117,888,cifar10,92.88,92.62,200,587776,2528828
6028,888,cifar10,92.11,91.01,200,781328,3183246
5491,888,cifar10,91.65,91.53,200,443904,1614755
5262,888,cifar10,93.15,93.12,200,1198352,4861217
6501,888,cifar10,90.74,84.4,200,519456,2117472
4736,888,cifar10,86.94,84.92,200,313616,1221107
6249,888,cifar10,72.53,21.78,200,292336,1009157
6366,888,cifar10,10.0,10.0,200,690496,2700305
6128,888,cifar10,91.1,89.72,200,491472,1844779
6214,888,cifar10,79.6,22.17,200,207232,772150
6137,888,cifar10,85.42,83.08,200,683904,2747160
5972,888,cifar10,88.3,87.91,200,317120,1214515
5879,888,cifar10,91.45,90.86,200,550752,2099725
6525,888,cifar10,92.04,50.89,200,1013488,4025787
6512,888,cifar10,92.71,92.51,200,996336,4043342
6191,888,cifar10,69.45,27.67,200,180688,586828
5837,888,cifar10,90.33,73.81,200,709664,2711787
5849,888,cifar10,88.72,88.48,200,243920,761315
5571,888,cifar10,92.06,91.52,200,553040,2074931
5783,888,cifar10,91.94,17.01,200,774928,3140641
5514,888,cifar10,90.54,88.59,200,717440,2753759
4750,888,cifar10,92.5,92.32,200,747376,2910617
6180,888,cifar10,92.96,92.33,200,749504,2934707
5662,888,cifar10,89.69,43.42,200,743056,2952710
4705,888,cifar10,89.01,84.45,200,314704,1214515
6422,888,cifar10,92.88,92.85,200,765296,2935091
6238,888,cifar10,85.06,82.48,200,449664,1639293
5089,888,cifar10,92.78,91.79,200,745376,3158388
6294,888,cifar10,90.16,90.04,200,319504,1214515
6580,888,cifar10,91.43,91.28,200,489408,1826897
5814,888,cifar10,92.49,92.51,200,473376,1825937
5638,888,cifar10,88.79,86.98,200,235232,754595
6159,888,cifar10,89.18,88.77,200,241712,767907
6261,888,cifar10,92.36,92.11,200,493552,1833745
6455,888,cifar10,90.78,88.9,200,485648,1868421
5689,888,cifar10,92.42,92.12,200,500592,2068012
6283,888,cifar10,90.65,23.08,200,564160,2081715
5523,888,cifar10,79.87,15.31,200,441792,1663703
6590,888,cifar10,92.19,91.97,200,484000,1820177
5219,888,cifar10,91.73,91.74,200,449008,1621475
6018,888,cifar10,87.61,76.89,200,431872,1614755
6084,888,cifar10,77.52,19.26,200,413392,1607708
5149,888,cifar10,91.96,91.77,200,485584,1844843
6051,888,cifar10,92.83,91.78,200,745440,3158388
6273,888,cifar10,92.89,10.88,200,617824,2510825
6202,888,cifar10,90.24,49.87,200,743792,2952902
6008,888,cifar10,91.59,90.25,200,724976,2928108
5468,888,cifar10,88.67,85.33,200,455424,1663703
6490,888,cifar10,86.32,23.2,200,202992,743113
5938,888,cifar10,91.99,91.92,200,827440,3147617
5728,888,cifar10,91.94,90.71,200,767392,2940403
5184,888,cifar10,92.46,92.18,200,481248,1820241
6330,888,cifar10,94.02,93.75,200,730400,2909657
5121,888,cifar10,90.88,90.5,200,563520,2057177
5762,888,cifar10,67.82,39.47,200,191184,555570
5174,888,cifar10,86.25,86.12,200,166336,531096
5608,888,cifar10,87.58,69.17,200,442656,1638269
6039,888,cifar10,92.83,91.96,200,938336,3812870
5739,888,cifar10,86.39,71.7,200,235504,779069
5229,888,cifar10,91.71,91.35,200,757120,2934707
6095,888,cifar10,91.41,90.35,200,492160,1857195
5205,888,cifar10,85.16,81.74,200,460496,1628067
6444,888,cifar10,92.78,92.19,200,773248,3165243
5750,888,cifar10,91.13,10.75,200,786208,3164667
6432,888,cifar10,88.76,85.3,200,229168,784829
5859,888,cifar10,69.46,16.33,200,194784,580172
5136,888,cifar10,88.52,9.83,200,559744,2057113
6342,888,cifar10,86.93,77.85,200,562304,2081459
5794,888,cifar10,91.19,90.97,200,450880,1621347
6559,888,cifar10,10.0,10.0,200,209664,749769
6377,888,cifar10,86.69,10.0,200,598544,2287393
5773,888,cifar10,88.44,28.47,200,502080,1893663
4785,888,cifar10,89.39,10.08,200,589648,2287201
5629,888,cifar10,90.44,88.16,200,506176,1844843
6354,888,cifar10,87.65,11.94,200,487040,1911346
5870,888,cifar10,85.08,50.05,200,417168,1705860
6305,888,cifar10,93.36,92.48,200,714752,2928108
4695,888,cifar10,91.4,90.43,200,711232,2729477
6479,888,cifar10,91.32,23.87,200,528160,2074675
6108,888,cifar10,91.61,90.6,200,713792,2928108
6667,888,cifar10,83.76,82.94,200,168336,524440
5708,888,cifar10,92.67,92.56,200,785344,3164347
5961,888,cifar10,89.46,43.94,200,517600,2092870
5950,888,cifar10,78.86,10.0,200,416992,1632182
5596,888,cifar10,93.24,92.77,200,1017840,4248636
5251,888,cifar10,92.75,92.07,200,798656,3164283
6316,888,cifar10,92.2,91.77,200,537120,2056153
6149,888,cifar10,92.65,91.74,200,984608,4043278
6513,888,cifar10,79.96,23.02,200,445968,1620387
6170,888,cifar10,93.28,93.28,200,1002288,4001249
6502,888,cifar10,86.88,49.34,200,474304,1886616
5505,888,cifar10,93.38,93.17,200,988912,3994202
5164,888,cifar10,88.51,75.46,200,240880,784701
5551,888,cifar10,84.97,70.42,200,254208,1026648
6063,888,cifar10,93.19,93.17,200,974288,3794931
6635,888,cifar10,75.61,59.22,200,488736,1851307
6398,888,cifar10,92.06,91.02,200,564000,2298228
6215,888,cifar10,88.06,87.85,200,534304,2074675
5112,888,cifar10,91.71,55.02,200,700976,2680337
5939,888,cifar10,86.09,85.59,200,124080,513214
6029,888,cifar10,75.35,15.75,200,735696,2736197
6536,888,cifar10,90.96,91.0,200,471376,1844715
6074,888,cifar10,93.16,93.1,200,788784,3140897
6181,888,cifar10,87.46,15.35,200,268320,1026712
5838,888,cifar10,89.81,89.47,200,740608,2711531
5903,888,cifar10,88.89,11.03,200,525360,2074867
6409,888,cifar10,79.85,18.38,200,476480,1844843
5973,888,cifar10,92.04,92.01,200,430880,1596681
6457,888,cifar10,89.92,44.96,200,482624,1826705
6138,888,cifar10,88.8,85.99,200,508240,1893599
6646,888,cifar10,91.55,91.55,200,711712,2686993
5587,888,cifar10,91.98,90.52,200,542384,2298036
6118,888,cifar10,93.63,93.62,200,1242592,5084578
6227,888,cifar10,92.5,92.46,200,745920,2910617
5995,888,cifar10,76.03,61.16,200,520784,1875845
5492,888,cifar10,89.23,86.63,200,285056,1009349
6203,888,cifar10,81.94,66.01,200,258000,1026648
5515,888,cifar10,79.8,20.83,200,234480,754595
6526,888,cifar10,91.42,90.93,200,937984,3812934
5983,888,cifar10,88.49,21.59,200,280640,990635
5690,888,cifar10,60.17,16.4,200,186880,548914
6192,888,cifar10,92.96,92.64,200,756720,3158260
6591,888,cifar10,91.76,91.19,200,530896,1858347
6367,888,cifar10,91.83,21.09,200,486064,1833745
6571,888,cifar10,90.59,85.25,200,958640,3788204
5784,888,cifar10,86.56,84.34,200,442704,1639037
6160,888,cifar10,92.67,92.47,200,534128,2080435
6423,888,cifar10,91.76,91.65,200,935296,3813126
5239,888,cifar10,92.43,92.18,200,707536,2928108
6614,888,cifar10,84.57,77.89,200,494864,1893727
5815,888,cifar10,92.19,91.9,200,582096,2305019
6129,888,cifar10,92.13,91.73,200,493952,2067948
6468,888,cifar10,85.46,79.75,200,225760,754595
6581,888,cifar10,90.38,86.38,200,536800,2098637
6603,888,cifar10,88.07,85.43,200,720656,2735173
6388,888,cifar10,93.23,93.18,200,784912,3165307
6274,888,cifar10,86.88,84.91,200,241712,761379
5763,888,cifar10,86.42,17.98,200,709040,2711787
6097,888,cifar10,68.07,11.99,200,255408,810199
6492,888,cifar10,88.88,14.35,200,740432,2934771
6085,888,cifar10,92.18,91.66,200,600000,2528636
6250,888,cifar10,93.19,85.16,200,759216,2917465
5804,888,cifar10,92.94,92.9,200,803904,3164987
5195,888,cifar10,92.49,92.28,200,684032,2698020
6480,888,cifar10,69.0,10.27,200,164784,524440
6691,888,cifar10,91.12,24.83,200,504560,1844779
5698,888,cifar10,93.55,93.46,200,1465360,5951337
6109,888,cifar10,91.9,57.15,200,480416,1827089
6445,888,cifar10,91.66,89.62,200,531104,2074675
6240,888,cifar10,91.36,90.17,200,500640,2068012
6284,888,cifar10,88.48,18.62,200,310304,1214515
6547,888,cifar10,91.95,91.56,200,744144,3158260
6626,888,cifar10,92.66,83.5,200,580720,2280737
5618,888,cifar10,90.13,88.74,200,317824,1213875
6701,888,cifar10,87.15,58.61,200,444432,1639165
5091,888,cifar10,90.95,22.21,200,719568,2705003
5641,888,cifar10,92.56,92.6,200,749488,2910681
5963,888,cifar10,51.6,17.92,200,173312,566597
5775,888,cifar10,91.38,91.08,200,747920,2934771
5150,888,cifar10,92.24,92.26,200,505184,1851371
5469,888,cifar10,82.88,78.69,200,279088,1033695
6052,888,cifar10,91.18,88.9,200,695120,2704171
5220,888,cifar10,89.34,88.88,200,572528,2063705
5185,888,cifar10,92.3,10.25,200,557552,2050457
6150,888,cifar10,86.66,63.91,200,451168,1663703
5880,888,cifar10,91.68,91.35,200,797136,3165243
6514,888,cifar10,91.94,90.32,200,711536,2705067
6217,888,cifar10,92.68,92.45,200,515136,2043602
6331,888,cifar10,90.28,82.63,200,449104,1645757
5562,888,cifar10,92.03,91.42,200,723152,2729669
6065,888,cifar10,90.04,88.8,200,280688,1009093
5825,888,cifar10,92.17,90.88,200,522080,1851307
6262,888,cifar10,92.39,92.18,200,803392,3141089
5850,888,cifar10,91.17,90.65,200,764224,2959629
5951,888,cifar10,85.49,75.4,200,235280,779069
6075,888,cifar10,69.35,17.52,200,447952,1663767
5664,888,cifar10,93.72,93.5,200,986096,4018484
6171,888,cifar10,93.0,92.8,200,769568,3140897
6228,888,cifar10,90.73,90.24,200,281936,1009349
6503,888,cifar10,92.2,36.03,200,946928,3770713
6527,888,cifar10,87.94,60.99,200,463408,1639101
5751,888,cifar10,91.83,91.57,200,696448,2704747
5506,888,cifar10,89.99,45.07,200,269472,959953
5905,888,cifar10,10.0,10.0,200,201040,749897
6343,888,cifar10,91.09,87.44,200,674592,2722686
5860,888,cifar10,75.76,16.56,200,539328,2081651
6712,888,cifar10,86.24,27.87,200,470496,1886744
6182,888,cifar10,92.59,92.44,200,771136,3134106
6471,888,cifar10,67.15,38.12,200,180704,561330
6537,888,cifar10,89.62,10.47,200,1000416,3777561
6378,888,cifar10,85.56,61.48,200,528112,1876165
5740,888,cifar10,92.49,92.22,200,533088,2298228
5871,888,cifar10,91.03,89.2,200,705216,2729669
6572,888,cifar10,88.96,88.67,200,283888,996843
5597,888,cifar10,91.07,89.99,200,278784,1008837
6750,888,cifar10,89.44,86.55,200,282176,984683
5764,888,cifar10,86.76,22.93,200,227056,761251
5729,888,cifar10,89.51,34.03,200,746000,2977248
6723,888,cifar10,92.19,92.0,200,543856,2073651
5137,888,cifar10,91.19,88.33,200,706208,2728581
6193,888,cifar10,92.19,29.69,200,721104,2711787
6139,888,cifar10,91.1,89.24,200,742512,2934835
5839,888,cifar10,92.57,91.56,200,744608,3157748
6019,888,cifar10,93.39,93.32,200,1000496,4024443
6355,888,cifar10,92.18,91.49,200,559440,2297908
6030,888,cifar10,92.85,92.28,200,971904,4018484
6130,888,cifar10,87.22,80.29,200,246192,803543
5230,888,cifar10,92.13,90.57,200,757472,3158260
6204,888,cifar10,92.59,92.23,200,768288,3141025
6433,888,cifar10,92.15,92.0,200,942976,3794035
5654,888,cifar10,87.59,82.37,200,743328,2959821
6317,888,cifar10,89.59,86.26,200,495088,1868549
6458,888,cifar10,91.06,89.53,200,448384,1621475
5588,888,cifar10,90.75,89.88,200,280032,984555
6636,888,cifar10,91.73,91.88,200,689840,2686993
6009,888,cifar10,92.55,92.49,200,1030480,4249148
6604,888,cifar10,90.89,89.34,200,685616,2722622
6794,888,cifar10,59.91,17.44,200,183120,548914
6582,888,cifar10,92.43,92.13,200,586208,2286433
5206,888,cifar10,92.53,91.48,200,802816,3388924
5102,888,cifar10,88.4,87.68,200,484112,1652413
6410,888,cifar10,91.94,58.36,200,709504,2687057
5552,888,cifar10,86.33,86.07,200,704400,2693905
6098,888,cifar10,91.41,90.48,200,505328,1893919
5926,888,cifar10,92.3,91.53,200,713664,2729413
6275,888,cifar10,89.97,89.61,200,222080,760227
6615,888,cifar10,91.77,87.14,200,746320,2959693
6481,888,cifar10,88.66,10.0,200,753632,2923865
6296,888,cifar10,86.84,19.12,200,492528,1851563
5609,888,cifar10,93.74,93.48,200,1228864,4884731
6593,888,cifar10,93.19,93.29,200,1227200,4885499
6389,888,cifar10,88.89,86.53,200,240592,785661
6399,888,cifar10,91.29,91.06,200,574544,2081459
6424,888,cifar10,91.34,91.03,200,472064,1844779
6548,888,cifar10,10.0,10.0,200,217760,774371
6218,888,cifar10,92.12,91.87,200,493008,2043474
6647,888,cifar10,91.24,90.41,200,550960,2074675
5493,888,cifar10,91.59,90.83,200,515904,1869381
6053,888,cifar10,92.16,91.95,200,679184,2722622
5573,888,cifar10,89.03,88.37,200,315024,1190297
6446,888,cifar10,92.98,92.67,200,744544,3158324
5892,888,cifar10,88.45,85.44,200,340096,1239309
6251,888,cifar10,92.13,91.91,200,525008,2050457
6760,888,cifar10,87.3,17.71,200,497904,1844651
6817,888,cifar10,91.28,90.89,200,525200,2074675
5785,888,cifar10,91.9,91.22,200,512784,2073779
5941,888,cifar10,90.46,83.69,200,942992,3813190
6183,888,cifar10,80.85,53.49,200,226784,778941
6229,888,cifar10,69.34,16.24,200,244480,803543
6110,888,cifar10,92.74,92.59,200,1012112,4025403
6041,888,cifar10,89.74,79.07,200,595024,2287393
5974,888,cifar10,90.18,81.32,200,556864,2099405
5805,888,cifar10,92.93,92.71,200,1030048,4248700
6066,888,cifar10,91.19,89.45,200,506368,2067820
5470,888,cifar10,91.55,91.56,200,445680,1610185
5240,888,cifar10,88.47,86.28,200,503152,1893599
6368,888,cifar10,91.72,91.48,200,752272,2934899
5796,888,cifar10,88.36,11.17,200,536640,2099533
5826,888,cifar10,93.32,93.14,200,783920,3141089
6172,888,cifar10,91.43,91.08,200,565504,2081139
5516,888,cifar10,92.0,12.04,200,978768,3801779
5699,888,cifar10,92.82,92.46,200,552576,2273946
6528,888,cifar10,91.29,90.55,200,509904,1893471
6516,888,cifar10,92.49,91.75,200,959712,4018036
6828,888,cifar10,80.16,43.24,200,231968,779069
5719,888,cifar10,91.73,87.59,200,970992,4043022
5817,888,cifar10,92.53,92.61,200,755824,3134042
5916,888,cifar10,93.24,93.13,200,1003872,4001185
5619,888,cifar10,92.69,92.49,200,515312,2068012
6692,888,cifar10,89.36,39.14,200,603472,2510697
5965,888,cifar10,83.33,79.65,200,313232,1239437
6162,888,cifar10,91.92,91.79,200,965920,3777433
6494,888,cifar10,90.49,88.63,200,712016,2729413
6205,888,cifar10,75.82,10.23,200,221344,821226
6657,888,cifar10,93.29,93.27,200,1280784,5091497
6838,888,cifar10,75.99,17.32,200,457440,1670295
6076,888,cifar10,86.59,47.34,200,256896,1002302
6379,888,cifar10,87.14,73.26,200,216928,754595
5665,888,cifar10,74.09,25.61,200,185296,598054
5598,888,cifar10,86.36,17.41,200,429984,1610185
6434,888,cifar10,91.2,90.72,200,331200,1214515
6563,888,cifar10,93.39,92.78,200,1247152,4885499
6771,888,cifar10,92.53,92.53,200,777264,2941235
6087,888,cifar10,88.5,87.07,200,494768,1833745
6785,888,cifar10,73.19,26.97,200,233904,785789
6505,888,cifar10,92.95,92.58,200,817104,3165243
5642,888,cifar10,92.26,91.95,200,744512,2934899
6140,888,cifar10,58.55,11.76,200,180896,573516
5906,888,cifar10,88.93,86.3,200,265024,984555
6605,888,cifar10,86.64,84.31,200,249568,791357
6345,888,cifar10,74.19,18.33,200,443936,1639293
6573,888,cifar10,92.29,64.14,200,952720,3776473
6120,888,cifar10,92.58,92.23,200,788864,3141089
6538,888,cifar10,91.98,91.95,200,806096,3165499
6862,888,cifar10,92.54,92.09,200,758912,2933811
6263,888,cifar10,75.91,63.74,200,513584,1851499
6897,888,cifar10,87.4,84.78,200,289920,991147
5743,888,cifar10,91.66,91.57,200,432496,1628067
6583,888,cifar10,88.82,88.23,200,221872,743113
6195,888,cifar10,92.56,92.27,200,770192,2959885
5952,888,cifar10,88.29,11.43,200,538528,2057241
6425,888,cifar10,92.31,92.04,200,486736,1820241
6549,888,cifar10,75.37,23.5,200,244096,785725
5527,888,cifar10,75.85,17.93,200,276912,1015813
6131,888,cifar10,87.44,58.87,200,724944,2753823
6482,888,cifar10,75.55,62.25,200,178512,531160
5927,888,cifar10,79.21,50.03,200,179280,555570
6885,888,cifar10,87.36,51.69,200,216144,753635
6628,888,cifar10,92.21,91.81,200,555792,2057241
5851,888,cifar10,92.17,91.95,200,498976,1857899
6010,888,cifar10,80.41,64.22,200,230848,803671
6616,888,cifar10,91.84,91.71,200,698432,2705067
6031,888,cifar10,91.85,91.61,200,691584,2680401
6411,888,cifar10,85.61,44.78,200,235408,778941
6908,888,cifar10,91.71,91.08,200,515392,2092614
6152,888,cifar10,90.49,88.27,200,502976,2092614
6297,888,cifar10,90.19,89.51,200,269120,959697
6054,888,cifar10,88.96,29.76,200,504560,1844779
6219,888,cifar10,89.06,35.04,200,514256,1869253
6959,888,cifar10,86.11,83.98,200,256352,774499
6851,888,cifar10,92.45,92.34,200,729536,2910297
6099,888,cifar10,92.27,91.96,200,599776,2528444
5841,888,cifar10,92.39,92.03,200,510736,1850731
5542,888,cifar10,92.14,91.83,200,710992,2711019
6594,888,cifar10,92.21,91.83,200,716720,2735301
5730,888,cifar10,92.4,91.99,200,725776,2710827
5806,888,cifar10,86.23,85.67,200,167024,537752
5610,888,cifar10,88.37,80.87,200,265056,984619
6473,888,cifar10,91.67,91.69,200,444624,1620515
6873,888,cifar10,92.08,91.92,200,666800,2697892
6043,888,cifar10,80.74,16.63,200,286496,1033631
5861,888,cifar10,92.26,91.73,200,601904,2305083
6923,888,cifar10,92.68,92.38,200,756800,3158324
6713,888,cifar10,90.6,85.41,200,725200,2952774
5818,888,cifar10,80.77,76.2,200,245472,767907
6934,888,cifar10,92.03,32.31,200,520176,1858347
6739,888,cifar10,93.19,92.95,200,737360,2928172
6648,888,cifar10,91.09,90.73,200,509440,1827025
6356,888,cifar10,88.54,88.4,200,552624,2081395
5827,888,cifar10,88.98,86.89,200,358000,1419681
6435,888,cifar10,89.94,89.84,200,240288,761315
6067,888,cifar10,93.26,92.84,200,713856,2928044
5589,888,cifar10,92.33,91.78,200,711104,2710635
6944,888,cifar10,84.73,77.26,200,484944,1893663
5631,888,cifar10,91.61,91.05,200,508576,1893727
6683,888,cifar10,88.68,87.98,200,462224,1813450
6121,888,cifar10,86.28,85.86,200,153632,506558
5786,888,cifar10,92.98,91.84,200,723168,2952454
6252,888,cifar10,79.14,10.95,200,186624,579212
6173,888,cifar10,88.9,88.62,200,738288,2917337
6724,888,cifar10,93.25,93.16,200,1012080,4001249
5872,888,cifar10,92.71,92.3,200,817024,3165307
5710,888,cifar10,89.26,10.53,200,745328,2977376
6818,888,cifar10,92.26,90.77,200,767648,3183182
6459,888,cifar10,93.19,93.16,200,787712,3141089
6637,888,cifar10,92.29,91.91,200,733712,2934899
6206,888,cifar10,91.53,90.98,200,470368,1837476
5655,888,cifar10,92.93,93.09,200,794240,3363618
6184,888,cifar10,91.78,91.31,200,797168,3165243
5893,888,cifar10,76.28,20.0,200,449888,1627107
6529,888,cifar10,92.95,92.63,200,748112,2910681
6839,888,cifar10,85.26,82.2,200,490496,1851755
5797,888,cifar10,93.36,93.13,200,748272,2934771
5943,888,cifar10,79.93,47.73,200,288576,984619
6564,888,cifar10,90.06,88.98,200,281248,984363
6276,888,cifar10,91.99,91.74,200,539952,2073459
6319,888,cifar10,91.98,91.54,200,601872,2305211
5700,888,cifar10,85.68,78.04,200,227984,779069
6401,888,cifar10,90.08,54.36,200,530736,2074611
6806,888,cifar10,79.64,34.9,200,688704,2705067
6671,888,cifar10,91.51,90.32,200,769152,2941619
5563,888,cifar10,93.21,93.12,200,1481744,6174442
5554,888,cifar10,92.01,27.34,200,984704,3784025
6163,888,cifar10,92.12,73.48,200,737600,2916505
6982,888,cifar10,93.48,93.31,200,820208,3371113
6574,888,cifar10,92.03,91.95,200,525344,2049433
6196,888,cifar10,79.23,64.05,200,255056,785661
6863,888,cifar10,86.74,86.54,200,479440,1826961
6761,888,cifar10,91.26,89.48,200,695088,2705067
6088,888,cifar10,89.72,18.58,200,732736,2910553
6518,888,cifar10,92.43,91.41,200,773392,3158196
6426,888,cifar10,86.32,74.46,200,274336,972625
6796,888,cifar10,86.4,26.9,200,234384,766947
6829,888,cifar10,92.2,30.16,200,990000,4001057
6141,888,cifar10,92.23,92.05,200,722160,2927980
5975,888,cifar10,92.76,92.74,200,739568,2909593
6506,888,cifar10,92.53,92.42,200,748864,2934387
6584,888,cifar10,94.16,94.01,200,720592,2910553
6658,888,cifar10,86.03,46.65,200,223152,779133
6539,888,cifar10,91.87,91.87,200,714496,2729413
5574,888,cifar10,91.5,91.18,200,756528,2941683
6369,888,cifar10,89.83,19.68,200,498816,1868549
6960,888,cifar10,92.28,92.0,200,433680,1616905
6898,888,cifar10,79.58,64.88,200,413392,1607708
6286,888,cifar10,90.88,88.81,200,479968,1887000
6875,888,cifar10,89.94,89.33,200,198256,778941
6153,888,cifar10,90.97,90.68,200,500864,1844779
6055,888,cifar10,92.42,92.35,200,532128,2049497
6078,888,cifar10,93.16,92.82,200,711440,2903762
6909,888,cifar10,91.68,91.43,200,489056,1869317
6550,888,cifar10,87.16,77.53,200,439504,1614755
6629,888,cifar10,91.18,89.83,200,703408,2753887
5666,888,cifar10,84.64,80.37,200,465280,1652413
5917,888,cifar10,92.62,92.43,200,773584,2917337
5720,888,cifar10,91.71,91.49,200,531760,1876037
5528,888,cifar10,86.07,82.53,200,236928,773475
7006,888,cifar10,79.82,21.38,200,236480,785597
6032,888,cifar10,90.44,82.34,200,712352,2729477
5620,888,cifar10,92.1,91.32,200,719168,2705067
5842,888,cifar10,86.29,12.16,200,708496,2711723
6993,888,cifar10,93.56,93.42,200,740272,2909529
5883,888,cifar10,93.9,93.52,200,936320,3770777
6924,888,cifar10,92.22,74.43,200,482400,1844715
5744,888,cifar10,87.2,54.23,200,470608,1862398
6011,888,cifar10,91.69,91.66,200,440688,1621347
6448,888,cifar10,10.0,10.0,200,488336,1840273
5643,888,cifar10,79.52,12.56,200,452368,1663511
6100,888,cifar10,91.16,90.57,200,525296,2092806
6185,888,cifar10,91.99,91.97,200,435008,1603273
5966,888,cifar10,92.82,92.43,200,780992,2935027
6617,888,cifar10,89.36,28.99,200,273168,990571
6772,888,cifar10,89.05,88.51,200,563184,2287073
6021,888,cifar10,76.06,17.08,200,432432,1628067
5828,888,cifar10,92.24,52.36,200,705200,2686097
6346,888,cifar10,91.62,89.49,200,529584,2297652
5853,888,cifar10,90.66,87.61,200,491680,1869061
6122,888,cifar10,90.35,87.28,200,462320,1862462
6460,888,cifar10,90.97,90.43,200,503136,1851243
5907,888,cifar10,92.09,62.85,200,765232,2934835
6220,888,cifar10,87.13,40.73,200,443280,1639293
5894,888,cifar10,10.0,10.0,200,154096,544408
6334,888,cifar10,85.03,60.87,200,212288,796624
6495,888,cifar10,91.22,90.18,200,925488,3812870
6519,888,cifar10,92.16,91.9,200,440432,1603273
6380,888,cifar10,92.28,92.25,200,823840,3146529
6474,888,cifar10,91.51,89.94,200,775376,3182606
6819,888,cifar10,88.14,82.93,200,244368,809239
6684,888,cifar10,86.87,85.36,200,247616,761187
6807,888,cifar10,86.6,61.67,200,265360,1002174
6174,888,cifar10,90.84,90.54,200,745376,2917337
6752,888,cifar10,89.9,67.38,200,499584,1844779
5999,888,cifar10,75.51,24.58,200,706688,2711659
6947,888,cifar10,89.48,82.88,200,510960,2116960
6089,888,cifar10,88.56,11.04,200,290912,991595
6565,888,cifar10,87.02,80.57,200,221664,754595
6672,888,cifar10,86.76,86.54,200,175184,555570
5928,888,cifar10,92.09,91.32,200,560336,2298164
6639,888,cifar10,70.2,17.45,200,180112,580172
7049,888,cifar10,73.06,24.58,200,234352,804389
7027,888,cifar10,88.66,88.15,200,266944,974653
6207,888,cifar10,91.08,8.88,200,813488,3147681
6725,888,cifar10,92.09,91.87,200,427616,1602313
6787,888,cifar10,93.14,93.08,200,540032,2050457
5731,888,cifar10,93.36,93.22,200,696512,2686993
6935,888,cifar10,90.9,88.91,200,481680,1843819
6840,888,cifar10,92.88,92.33,200,759712,3158324
6530,888,cifar10,94.0,93.81,200,773312,3158132
5944,888,cifar10,79.86,46.09,200,435952,1614755
6830,888,cifar10,93.82,93.6,200,711584,2705003
6079,888,cifar10,56.06,10.0,200,180896,573516
6165,888,cifar10,91.72,91.69,200,726992,2952646
6427,888,cifar10,92.1,91.74,200,698576,2711531
6142,888,cifar10,91.57,90.66,200,504832,1844843
6551,888,cifar10,80.37,17.01,200,231472,754531
5862,888,cifar10,89.16,86.33,200,294224,1033439
6703,888,cifar10,92.85,92.62,200,745472,2917209
6254,888,cifar10,87.1,56.67,200,473840,1862526
7083,888,cifar10,77.66,17.74,200,208224,773030
6298,888,cifar10,90.2,84.47,200,710496,2952454
6983,888,cifar10,92.1,67.62,200,595232,2287521
6265,888,cifar10,93.32,93.28,200,1047392,4230377
7061,888,cifar10,75.67,14.8,200,213168,822294
6391,888,cifar10,87.94,79.75,200,662432,2697828
6899,888,cifar10,90.9,63.92,200,323616,1195993
6741,888,cifar10,90.95,90.76,200,489760,1869253
6233,888,cifar10,92.96,92.32,200,937168,3788268
6507,888,cifar10,89.34,16.55,200,527744,2067820
6649,888,cifar10,91.4,89.87,200,702016,2928108
6133,888,cifar10,92.63,92.06,200,724896,2928108
6357,888,cifar10,89.25,81.22,200,498688,1869317
6436,888,cifar10,92.05,91.31,200,538272,2074931
5873,888,cifar10,92.26,91.78,200,502848,1850795
5564,888,cifar10,82.12,43.48,200,462144,1639293
6308,888,cifar10,91.13,90.6,200,532928,2074483
6797,888,cifar10,93.27,93.27,200,1028400,4224226
6244,888,cifar10,89.39,89.12,200,222448,754659
5955,888,cifar10,87.02,81.98,200,235952,779069
7114,888,cifar10,93.33,93.26,200,743936,2936437
6056,888,cifar10,91.16,90.43,200,718288,2711595
6714,888,cifar10,89.44,86.98,200,555040,2099341
6887,888,cifar10,90.07,87.98,200,470656,1886936
6876,888,cifar10,92.02,91.58,200,523936,2092614
7072,888,cifar10,89.36,11.96,200,530064,2094374
6864,888,cifar10,92.91,92.87,200,996320,4043470
6608,888,cifar10,89.45,83.2,200,317760,1015941
6101,888,cifar10,70.46,22.74,200,220496,821098
7018,888,cifar10,79.33,29.66,200,209216,772086
6585,888,cifar10,93.26,93.08,200,987168,4018484
5987,888,cifar10,82.99,78.36,200,232480,810071
6961,888,cifar10,91.9,91.61,200,475552,2043282
7128,888,cifar10,87.03,85.0,200,563184,2288957
5679,888,cifar10,92.1,91.51,200,676368,2722686
7139,888,cifar10,92.64,92.46,200,734784,2936437
6450,888,cifar10,10.0,10.0,200,163440,586828
5711,888,cifar10,93.89,93.44,200,761008,3157940
7028,888,cifar10,56.66,16.66,200,144512,518059
6925,888,cifar10,93.3,93.04,200,575120,2279969
6277,888,cifar10,89.04,86.73,200,712448,2729413
6659,888,cifar10,83.3,80.73,200,310656,997867
6762,888,cifar10,88.8,9.39,200,525552,2074547
6575,888,cifar10,91.99,91.99,200,944720,3770777
7007,888,cifar10,88.54,85.77,200,711200,2752927
6123,888,cifar10,70.52,10.12,200,220032,821098
6186,888,cifar10,92.94,92.87,200,535184,2074739
7038,888,cifar10,90.37,85.05,200,938192,3814310
6069,888,cifar10,87.85,84.36,200,240848,785725
6402,888,cifar10,93.25,93.05,200,754736,2959821
6033,888,cifar10,91.65,91.0,200,793216,3165435
6461,888,cifar10,91.76,91.53,200,495520,1869253
6788,888,cifar10,80.35,52.74,200,247536,761315
6288,888,cifar10,93.28,93.23,200,750896,2910681
7174,888,cifar10,88.72,88.53,200,767616,2943093
6948,888,cifar10,89.06,83.13,200,241248,785789
5830,888,cifar10,76.03,21.57,200,719664,2736197
6630,888,cifar10,84.49,71.03,200,474048,1670423
5976,888,cifar10,92.73,82.77,200,597072,2280865
6853,888,cifar10,91.01,16.2,200,813440,3147425
6531,888,cifar10,89.51,85.9,200,253872,977508
6540,888,cifar10,93.52,93.16,200,713744,2928172
6566,888,cifar10,75.74,61.58,200,249472,791421
6370,888,cifar10,79.0,10.14,200,701728,2729541
7103,888,cifar10,92.56,92.32,200,740336,2935477
6002,888,cifar10,78.63,19.31,200,208624,747420
6985,888,cifar10,89.93,89.54,200,265472,959953
6520,888,cifar10,88.64,87.8,200,763056,2917401
5843,888,cifar10,10.0,10.0,200,243088,792253
5896,888,cifar10,89.13,87.32,200,236736,977572
6820,888,cifar10,92.97,92.5,200,764368,3158260
6144,888,cifar10,73.53,18.18,200,245600,803543
6936,888,cifar10,86.61,82.05,200,283040,1033503
6234,888,cifar10,89.44,86.72,200,287648,984555
5885,888,cifar10,87.06,10.0,200,286784,1032671
6685,888,cifar10,88.88,88.51,200,325440,1197017
6843,888,cifar10,89.19,12.15,200,572192,2280801
6166,888,cifar10,87.59,83.11,200,204128,747548
6798,888,cifar10,88.48,16.7,200,276720,966609
6221,888,cifar10,91.58,91.1,200,995952,4025275
6437,888,cifar10,89.19,10.76,200,281664,973585
6808,888,cifar10,88.89,85.09,200,265888,984683
5919,888,cifar10,88.16,84.01,200,496816,1892767
6175,888,cifar10,86.48,45.35,200,258912,1002302
6112,888,cifar10,10.0,10.0,200,492064,1858027
6012,888,cifar10,89.79,89.61,200,535632,2074739
5967,888,cifar10,91.9,90.66,200,525248,2074547
6673,888,cifar10,89.36,84.0,200,252096,984619
5754,888,cifar10,91.84,91.39,200,708784,2728709
6046,888,cifar10,90.96,88.38,200,478688,1844715
5908,888,cifar10,92.52,29.2,200,487904,1839441
6209,888,cifar10,92.86,92.3,200,738320,2952902
6553,888,cifar10,80.85,24.8,200,413424,1607644
5874,888,cifar10,88.9,88.13,200,222656,736329
7196,888,cifar10,89.14,88.78,200,318176,1216053
6080,888,cifar10,92.06,90.68,200,798384,3165307
6831,888,cifar10,91.29,90.19,200,772016,2959821
6900,888,cifar10,92.34,92.15,200,788144,3140065
6726,888,cifar10,89.43,84.58,200,456640,1639165
5929,888,cifar10,82.89,72.61,200,448096,1663831
6102,888,cifar10,86.39,41.23,200,461696,1663767
7062,888,cifar10,53.84,10.0,200,214016,598682
6358,888,cifar10,91.76,91.52,200,446432,1609993
6609,888,cifar10,92.08,91.96,200,529920,1876101
6508,888,cifar10,90.41,88.81,200,732032,2952646
6753,888,cifar10,91.31,90.08,200,699312,2928044
6428,888,cifar10,91.26,89.51,200,483936,1844779
6586,888,cifar10,88.25,84.3,200,490784,1844843
6266,888,cifar10,87.91,68.41,200,457984,1862462
7019,888,cifar10,89.99,89.38,200,704688,2728581
6413,888,cifar10,92.58,92.34,200,572464,2279777
5863,888,cifar10,91.9,91.04,200,493712,1844779
6155,888,cifar10,91.11,89.15,200,466784,1639229
5854,888,cifar10,92.79,92.58,200,756464,2934643
6134,888,cifar10,92.43,91.97,200,992272,3801843
6382,888,cifar10,93.34,93.14,200,772416,3141025
6255,888,cifar10,91.46,90.67,200,503200,1851307
6913,888,cifar10,92.45,92.16,200,523360,2092614
7186,888,cifar10,87.07,72.49,200,691184,2748446
5945,888,cifar10,91.73,91.44,200,697328,2705003
6694,888,cifar10,92.35,91.73,200,751872,2958989
7073,888,cifar10,90.68,90.87,200,412576,1639917
6742,888,cifar10,91.65,91.14,200,509664,1851435
7151,888,cifar10,87.89,25.32,200,514960,1895013
7084,888,cifar10,80.51,31.19,200,465616,1664741
6950,888,cifar10,92.0,91.86,200,488560,1826961
6888,888,cifar10,91.42,91.2,200,751824,2958797
6704,888,cifar10,92.13,43.2,200,737888,2711787
6962,888,cifar10,91.07,89.88,200,555040,2099533
6124,888,cifar10,91.81,91.76,200,709936,2700561
6775,888,cifar10,87.43,86.4,200,306464,996907
7207,888,cifar10,90.02,89.56,200,466864,1821373
7140,888,cifar10,92.96,92.92,200,813088,3366198
6198,888,cifar10,10.0,10.0,200,504080,1858347
6995,888,cifar10,91.62,91.35,200,1018592,4007777
6974,888,cifar10,88.85,88.64,200,501696,1876037
6640,888,cifar10,93.48,93.49,200,1007536,4000161
6451,888,cifar10,90.6,84.86,200,734224,2977568
6403,888,cifar10,86.62,83.46,200,423856,1632374
5956,888,cifar10,93.45,93.09,200,731776,2910617
6187,888,cifar10,89.78,88.6,200,742688,2736261
6532,888,cifar10,91.01,90.19,200,498000,1851371
6462,888,cifar10,75.84,60.38,200,552640,2081139
6650,888,cifar10,91.41,91.26,200,548912,2074547
6309,888,cifar10,91.52,89.9,200,711488,2729605
6789,888,cifar10,92.07,91.46,200,758912,2934899
6321,888,cifar10,90.08,83.6,200,502240,1893663
6986,888,cifar10,91.61,91.6,200,513456,1851627
6763,888,cifar10,92.17,91.92,200,494992,2043602
6660,888,cifar10,88.74,82.57,200,245232,1002366
6486,888,cifar10,85.48,67.71,200,250000,803607
7104,888,cifar10,75.31,62.1,200,175072,562794
6715,888,cifar10,91.22,90.91,200,715712,2927660
7266,888,cifar10,79.7,72.48,200,541456,2082997
6047,888,cifar10,72.05,23.41,200,210160,796688
6176,888,cifar10,89.55,41.56,200,490208,1825937
6371,888,cifar10,78.36,14.61,200,209616,772086
6620,888,cifar10,79.29,13.97,200,208576,772086
6299,888,cifar10,92.11,91.36,200,806336,3164923
6034,888,cifar10,92.02,12.85,200,1231280,4868065
6521,888,cifar10,91.34,90.64,200,742400,2952774
7230,888,cifar10,10.0,10.0,200,491584,1859381
5988,888,cifar10,10.0,10.0,200,539024,2063641
6811,888,cifar10,91.86,91.69,200,539936,2050393
6567,888,cifar10,92.68,92.46,200,737680,2952774
6289,888,cifar10,88.16,80.49,200,266016,810199
5977,888,cifar10,89.6,87.52,200,455168,1639229
6476,888,cifar10,76.21,62.97,200,222768,785661
6821,888,cifar10,92.41,92.04,200,730384,2928108
6877,888,cifar10,90.21,85.23,200,706240,2729477
7289,888,cifar10,82.16,77.72,200,225216,779885
7279,888,cifar10,92.21,91.58,200,736784,2954534
7039,888,cifar10,92.18,91.36,200,530544,2058493
6554,888,cifar10,92.58,92.41,200,743744,2910617
6438,888,cifar10,86.44,79.89,200,216096,754595
6937,888,cifar10,92.04,90.45,200,723280,2952390
6210,888,cifar10,90.38,89.68,200,325056,1214643
7029,888,cifar10,92.44,91.87,200,710944,2711797
6003,888,cifar10,79.94,20.39,200,434832,1656848
7187,888,cifar10,86.38,85.69,200,173120,544946
6348,888,cifar10,89.4,88.21,200,287728,1009093
6610,888,cifar10,84.81,11.39,200,246592,803543
6845,888,cifar10,91.79,10.17,200,1016160,4007841
6902,888,cifar10,87.56,69.42,200,689184,2722558
7175,888,cifar10,92.73,92.42,200,572688,2282493
6222,888,cifar10,10.0,10.0,200,226160,767843
7321,888,cifar10,10.0,10.0,200,217120,768693
6058,888,cifar10,92.9,92.27,200,1187536,4878516
7117,888,cifar10,92.76,92.63,200,756560,3135542
6674,888,cifar10,91.8,91.68,200,451936,1639165
6336,888,cifar10,92.02,91.89,200,434896,1609097
6915,888,cifar10,88.44,84.69,200,283664,1009029
6799,888,cifar10,91.38,89.37,200,695072,2704107
5968,888,cifar10,89.2,10.0,200,501968,1844843
7130,888,cifar10,86.6,80.54,200,305856,1017069
6686,888,cifar10,92.23,14.24,200,721024,2711979
6587,888,cifar10,91.15,91.04,200,552592,2080563
6568,888,cifar10,84.15,84.06,200,178384,524440
6695,888,cifar10,89.35,88.1,200,259488,960017
5886,888,cifar10,93.02,92.72,200,755824,3134042
5875,888,cifar10,83.68,77.03,200,492176,1892767
6951,888,cifar10,93.34,93.21,200,763840,2910553
7219,888,cifar10,89.92,88.34,200,317456,1439854
5946,888,cifar10,88.66,88.33,200,244016,767907
5930,888,cifar10,90.83,88.78,200,445024,1645949
6975,888,cifar10,84.47,76.54,200,465392,1887000
6776,888,cifar10,89.81,87.58,200,470208,1886872
6631,888,cifar10,91.72,91.35,200,798816,3165307
7009,888,cifar10,93.19,93.03,200,1257616,4868001
6822,888,cifar10,86.29,86.37,200,124048,513214
7208,888,cifar10,10.0,10.0,200,170016,562794
6452,888,cifar10,93.01,92.53,200,482576,1844843
6790,888,cifar10,75.83,63.97,200,251360,785661
5864,888,cifar10,88.38,87.67,200,264256,991275
6414,888,cifar10,76.05,28.82,200,235248,810199
6464,888,cifar10,92.32,91.79,200,663696,2722622
6113,888,cifar10,92.42,92.06,200,740320,2934835
6812,888,cifar10,89.09,85.13,200,234512,761123
6199,888,cifar10,80.64,57.94,200,221632,754595
5920,888,cifar10,88.17,59.54,200,508128,1893727
7312,888,cifar10,87.02,39.3,200,445776,1664677
6855,888,cifar10,93.01,92.96,200,745488,2917273
6035,888,cifar10,89.31,87.09,200,288208,984683
5909,888,cifar10,91.3,89.41,200,523456,2092934
6522,888,cifar10,85.88,23.11,200,235264,779133
7343,888,cifar10,92.12,91.76,200,514624,2051645
6533,888,cifar10,92.13,74.96,200,698064,2705003
6477,888,cifar10,48.92,10.0,200,184064,615609
6964,888,cifar10,93.26,93.07,200,980768,4018356
6256,888,cifar10,93.65,93.55,200,721744,2903762
6866,888,cifar10,86.64,74.52,200,695408,2722494
7398,888,cifar10,92.21,15.87,200,970768,3779005
7152,888,cifar10,92.96,92.66,200,1032048,4027381
6404,888,cifar10,90.2,87.83,200,288112,1183442
7198,888,cifar10,75.27,58.41,200,180784,562794
7141,888,cifar10,87.96,80.33,200,448816,1839086
7291,888,cifar10,89.53,89.07,200,216656,737213
7232,888,cifar10,89.06,10.08,200,519984,1859317
7085,888,cifar10,89.76,22.85,200,497920,1845941
6359,888,cifar10,84.98,82.35,200,531952,2098829
6621,888,cifar10,93.12,92.84,200,751984,2909657
6728,888,cifar10,93.08,92.95,200,779520,2935027
6754,888,cifar10,92.33,92.31,200,578016,2503970
7074,888,cifar10,90.29,56.12,200,540640,2058813
5957,888,cifar10,90.0,89.34,200,262768,984683
6878,888,cifar10,87.04,72.96,200,474848,1862334
7333,888,cifar10,10.0,10.0,200,754816,2925053
6846,888,cifar10,50.95,10.0,200,162224,541995
6997,888,cifar10,92.38,92.11,200,1021312,4025467
6987,888,cifar10,92.6,92.53,200,773280,3165179
7267,888,cifar10,88.52,88.36,200,770352,2943093
7322,888,cifar10,75.12,21.92,200,442992,1628917
6383,888,cifar10,90.14,87.03,200,685680,2722622
7280,888,cifar10,90.59,88.2,200,498576,1870573
6267,888,cifar10,93.05,92.53,200,764384,3158324
7162,888,cifar10,91.33,90.17,200,770016,2961389
6569,888,cifar10,79.98,52.36,200,179840,531160
7257,888,cifar10,87.41,85.21,200,257408,1003430
6743,888,cifar10,90.28,85.02,200,459440,1669399
6373,888,cifar10,89.65,87.7,200,269024,984683
7188,888,cifar10,90.88,89.05,200,707200,2706165
6439,888,cifar10,84.51,79.82,200,494176,1893663
6705,888,cifar10,87.1,50.33,200,471616,1887128
6641,888,cifar10,91.33,31.48,200,488208,1850731
6322,888,cifar10,85.01,73.98,200,226032,821162
6599,888,cifar10,90.44,86.27,200,979248,3819661
6555,888,cifar10,92.11,91.76,200,713696,2729669
7118,888,cifar10,86.27,18.26,200,448032,1627893
6611,888,cifar10,91.81,51.8,200,754112,2910553
6764,888,cifar10,89.23,88.73,200,322272,1197017
6310,888,cifar10,91.21,88.48,200,490560,1869381
7408,888,cifar10,93.09,92.94,200,1051568,4456502
7376,888,cifar10,93.25,93.06,200,774720,3142781
6928,888,cifar10,92.96,92.81,200,750912,2910617
6938,888,cifar10,88.51,84.33,200,227776,785597
7064,888,cifar10,92.93,92.75,200,1194544,4880622
7095,888,cifar10,89.61,88.28,200,286400,985845
6543,888,cifar10,92.5,43.43,200,532608,2057177
7248,888,cifar10,92.18,91.93,200,767072,3160174
6350,888,cifar10,87.57,84.05,200,256032,1002238
7031,888,cifar10,93.05,93.18,200,491328,1827965
6953,888,cifar10,91.98,91.99,200,440656,1610057
7451,888,cifar10,86.6,38.67,200,257504,1003494
7105,888,cifar10,90.85,90.22,200,539456,2076277
5989,888,cifar10,92.78,92.73,200,506944,1851307
7441,888,cifar10,68.14,42.4,200,249648,793197
6290,888,cifar10,92.47,92.17,200,684368,2722686
7234,888,cifar10,88.96,88.7,200,223984,744061
6005,888,cifar10,87.1,47.38,200,456160,1662743
6651,888,cifar10,93.22,93.22,200,1017536,4001249
7131,888,cifar10,91.24,89.91,200,513632,2094118
6453,888,cifar10,86.35,85.97,200,442464,1628067
6903,888,cifar10,92.86,92.42,200,1004768,4248892
5898,888,cifar10,93.03,92.96,200,746736,2910553
7010,888,cifar10,89.42,86.17,200,289552,1009093
7176,888,cifar10,93.43,93.22,200,1029920,4250926
7220,888,cifar10,88.56,88.27,200,219904,750653
6916,888,cifar10,91.05,90.74,200,958816,3801715
7040,888,cifar10,89.81,82.93,200,707600,2730797
7344,888,cifar10,89.15,86.05,200,377632,1645814
7323,888,cifar10,80.08,60.62,200,182752,574114
6716,888,cifar10,92.61,92.62,200,993248,4007777
6246,888,cifar10,84.71,78.32,200,501824,1893791
6833,888,cifar10,91.99,90.86,200,753184,2935091
7389,888,cifar10,92.91,92.64,200,799264,3142653
6337,888,cifar10,10.0,10.0,200,475760,1833617
6777,888,cifar10,86.56,84.1,200,293632,973201
6824,888,cifar10,90.38,85.34,200,720864,2735237
6430,888,cifar10,88.33,87.35,200,974096,3819661
6813,888,cifar10,92.53,91.54,200,793616,2941491
7354,888,cifar10,92.83,92.8,200,758816,2936373
6534,888,cifar10,90.92,90.35,200,536496,2074675
6976,888,cifar10,92.95,92.9,200,850624,3371177
7365,888,cifar10,10.0,10.0,200,201088,750653
6588,888,cifar10,91.39,89.47,200,478640,1844843
7281,888,cifar10,89.96,89.02,200,487840,1821373
6114,888,cifar10,87.43,77.29,200,509872,1893599
6856,888,cifar10,91.77,91.31,200,746784,2934899
5969,888,cifar10,88.4,84.48,200,463824,1645821
7153,888,cifar10,89.75,89.35,200,500768,1870509
6847,888,cifar10,90.2,89.61,200,475776,1645885
6465,888,cifar10,92.03,90.09,200,566352,2322958
7399,888,cifar10,92.24,91.01,200,530992,2300014
7473,888,cifar10,88.69,78.27,200,473072,1863654
7495,888,cifar10,89.11,88.4,200,299664,1190845
5865,888,cifar10,67.82,36.1,200,234112,785661
6523,888,cifar10,90.88,89.49,200,450240,1621347
7484,888,cifar10,91.19,90.99,200,518304,1852533
7313,888,cifar10,93.7,93.44,200,1024048,4226358
7517,888,cifar10,88.72,87.96,200,272736,974653
7142,888,cifar10,88.6,85.95,200,515264,1876909
6965,888,cifar10,90.45,85.96,200,540864,2322830
7199,888,cifar10,92.27,92.01,200,768336,3142589
6622,888,cifar10,92.42,90.97,200,563264,2503970
7163,888,cifar10,88.61,83.51,200,480208,1863590
6999,888,cifar10,93.81,89.42,200,753088,2916377
6500,888,cifar10,74.22,19.21,200,285248,1008965
6696,888,cifar10,93.04,92.87,200,713696,2928108
7209,888,cifar10,93.63,93.52,200,1481488,6176822
7292,888,cifar10,92.72,92.65,200,763424,2961261
7189,888,cifar10,92.71,72.62,200,542064,2058813
7096,888,cifar10,10.0,10.0,200,140608,520378
7507,888,cifar10,92.29,92.1,200,701552,2688125
7302,888,cifar10,88.18,13.81,200,281648,974653
7463,888,cifar10,93.36,93.27,200,1027552,4226358
5931,888,cifar10,89.57,88.1,200,350736,1444923
6600,888,cifar10,91.92,91.7,200,430272,1596297
7249,888,cifar10,75.25,63.69,200,459056,1628853
6988,888,cifar10,75.96,27.78,200,770288,2941299
6744,888,cifar10,10.0,10.0,200,264224,973585
7258,888,cifar10,75.39,27.94,200,236000,768501
7269,888,cifar10,92.67,92.43,200,587776,2530478
7053,888,cifar10,88.51,86.28,200,510144,2118750
7542,888,cifar10,86.21,22.44,200,489088,1834749
6441,888,cifar10,91.07,90.5,200,591104,2305083
5921,888,cifar10,91.09,90.92,200,705408,2711659
6268,888,cifar10,85.68,11.86,200,244576,779069
7021,888,cifar10,91.0,89.47,200,507072,2067884
5910,888,cifar10,91.48,89.27,200,529632,2298164
6676,888,cifar10,93.66,93.41,200,1030000,4248956
6642,888,cifar10,86.06,48.11,200,244192,1002366
6360,888,cifar10,91.32,90.05,200,493296,1869317
6632,888,cifar10,92.52,92.22,200,635600,2511017
6929,888,cifar10,92.79,92.72,200,970096,3994202
6578,888,cifar10,92.15,91.73,200,762528,2934707
7583,888,cifar10,86.12,85.93,200,232720,768693
6662,888,cifar10,85.01,75.83,200,471456,1634723
7409,888,cifar10,89.62,88.74,200,544288,2101037
6405,888,cifar10,91.7,91.09,200,512864,2074611
7528,888,cifar10,75.31,20.47,200,520688,1877293
7106,888,cifar10,92.01,91.89,200,496000,1852597
6612,888,cifar10,92.6,92.36,200,987456,4018612
6868,888,cifar10,90.87,90.74,200,271664,984683
6687,888,cifar10,93.54,93.47,200,1030544,4249148
7552,888,cifar10,89.72,89.25,200,362592,1422269
7132,888,cifar10,89.58,87.43,200,293184,1234086
7345,888,cifar10,75.51,14.26,200,244112,786669
6024,888,cifar10,86.85,39.71,200,470624,1887064
7075,888,cifar10,92.62,92.06,200,542224,2300078
7616,888,cifar10,78.92,28.02,200,207952,562794
7324,888,cifar10,75.28,61.65,200,298448,992629
7065,888,cifar10,86.5,79.71,200,448144,1639853
6416,888,cifar10,92.69,92.01,200,1174608,4878324
7594,888,cifar10,86.15,85.81,200,141824,513722
6258,888,cifar10,92.55,91.96,200,955280,3819789
6814,888,cifar10,85.35,43.47,200,245328,1002302
5887,888,cifar10,93.37,93.17,200,1244960,5109116
7626,888,cifar10,57.3,10.0,200,161968,542563
7177,888,cifar10,88.36,53.66,200,245424,978862
7041,888,cifar10,88.15,87.18,200,428000,1589821
6802,888,cifar10,93.19,92.67,200,781360,3183246
6825,888,cifar10,89.95,89.35,200,484912,1869253
6892,888,cifar10,91.56,89.83,200,503680,2067820
7032,888,cifar10,92.1,91.92,200,528016,2058493
6706,888,cifar10,90.47,88.61,200,552720,2080563
7366,888,cifar10,85.12,10.0,200,499712,1870637
6589,888,cifar10,91.57,90.93,200,521408,1851691
6904,888,cifar10,92.89,92.9,200,1016400,4006753
7656,888,cifar10,86.26,81.02,200,265312,1003366
5990,888,cifar10,90.76,90.46,200,494816,1844715
6624,888,cifar10,89.1,88.65,200,232816,767779
7562,888,cifar10,78.96,15.51,200,426352,1657630
7454,888,cifar10,92.42,92.11,200,545216,2058813
6511,888,cifar10,89.89,64.35,200,707168,2927788
7221,888,cifar10,88.64,31.07,200,717120,2755237
7676,888,cifar10,92.26,92.03,200,439056,1604221
6394,888,cifar10,91.94,91.34,200,756208,2958669
6732,888,cifar10,93.27,93.03,200,1035296,4231273
7646,888,cifar10,90.37,89.88,200,507856,2094118
7636,888,cifar10,92.27,91.93,200,711104,2712757
6848,888,cifar10,89.29,88.91,200,285520,966801
7200,888,cifar10,92.15,92.01,200,728288,2911805
7687,888,cifar10,75.09,63.07,200,200816,580770
6857,888,cifar10,89.68,88.74,200,376304,1445051
7335,888,cifar10,93.3,93.3,200,1051440,4456502
6311,888,cifar10,92.15,14.76,200,990000,4000737
7355,888,cifar10,84.39,11.08,200,981776,3803573
6652,888,cifar10,92.12,91.89,200,564592,2063641
7400,888,cifar10,91.48,89.76,200,526720,2118814
6966,888,cifar10,91.47,90.03,200,543776,2073523
7282,888,cifar10,92.06,91.14,200,553200,2324582
7210,888,cifar10,92.17,92.19,200,708608,2694973
7666,888,cifar10,92.36,92.15,200,520976,2275382
6601,888,cifar10,75.42,24.01,200,232976,791485
7605,888,cifar10,89.7,88.65,200,306976,992501
6351,888,cifar10,92.88,92.7,200,763984,2934899
6324,888,cifar10,93.36,93.21,200,1039120,4007713
7270,888,cifar10,88.97,84.92,200,524192,1852533
7378,888,cifar10,70.44,16.04,200,720304,2755237
6291,888,cifar10,91.03,90.47,200,764576,2940915
7314,888,cifar10,88.52,72.92,200,519312,2118750
7303,888,cifar10,88.45,87.85,200,733504,2719477
7259,888,cifar10,88.41,81.64,200,252000,811173
6977,888,cifar10,89.11,88.62,200,348496,1420705
7430,888,cifar10,93.26,93.02,200,970480,3995766
6765,888,cifar10,92.79,92.13,200,1032000,4025211
6880,888,cifar10,92.84,92.74,200,553728,2057241
7584,888,cifar10,76.05,18.69,200,242176,793261
7293,888,cifar10,93.13,92.61,200,759088,3160174
7250,888,cifar10,91.95,91.75,200,436848,1604157
7709,888,cifar10,82.73,77.23,200,213008,786733
7000,888,cifar10,78.85,18.46,200,424672,1632246
7699,888,cifar10,79.22,26.02,200,186928,556138
7420,888,cifar10,92.91,92.82,200,787712,3142653
7143,888,cifar10,87.11,79.17,200,664512,2699246
7497,888,cifar10,92.37,92.19,200,707520,2706101
6815,888,cifar10,88.98,88.65,200,247488,767971
7121,888,cifar10,92.56,92.11,200,789600,3390894
7168,888,cifar10,80.15,24.44,200,475760,1845877
7097,888,cifar10,88.76,85.75,200,281344,1010477
7595,888,cifar10,92.16,91.84,200,489584,1821309
6643,888,cifar10,90.66,90.37,200,269664,960017
7346,888,cifar10,90.48,86.11,200,459408,1646893
7474,888,cifar10,79.73,53.27,200,449552,1689181
7748,888,cifar10,86.37,37.44,200,241152,804645
7155,888,cifar10,74.84,46.6,200,206352,748462
6281,888,cifar10,92.02,91.55,200,521072,2074675
6989,888,cifar10,93.51,93.37,200,1013744,4025467
7573,888,cifar10,90.98,90.02,200,693760,2730733
6406,888,cifar10,80.11,58.79,200,446208,1614819
6803,888,cifar10,91.98,91.75,200,435696,1621347
6905,888,cifar10,80.42,75.83,200,236624,761251
6918,888,cifar10,86.99,86.67,200,495952,1851691
7543,888,cifar10,85.86,66.74,200,237456,804325
7657,888,cifar10,90.86,89.77,200,245664,1003494
6869,888,cifar10,91.04,91.18,200,750336,2934835
7553,888,cifar10,72.47,10.16,200,211264,773030
7391,888,cifar10,91.75,90.54,200,752080,2936501
6338,888,cifar10,92.92,59.07,200,836448,3593898
6688,888,cifar10,82.4,49.8,200,409376,1681258
7410,888,cifar10,91.28,88.39,200,432256,1621237
6259,888,cifar10,86.3,85.75,200,210864,749961
7325,888,cifar10,92.68,92.04,200,736016,2929454
7066,888,cifar10,59.19,10.01,200,181232,574114
7508,888,cifar10,92.14,91.66,200,525504,2076277
7222,888,cifar10,91.94,91.59,200,450816,1640045
6940,888,cifar10,76.82,14.52,200,486704,1869317
7781,888,cifar10,86.31,86.03,200,489344,1834813
7401,888,cifar10,86.56,86.25,200,217488,762037
7759,888,cifar10,78.71,40.28,200,196864,748334
6697,888,cifar10,93.87,93.87,200,963856,3994266
6677,888,cifar10,84.18,19.87,200,252384,828081
6545,888,cifar10,92.44,92.21,200,1208704,4861025
7769,888,cifar10,92.75,92.52,200,584624,2282429
7617,888,cifar10,89.35,88.67,200,475536,1827965
6858,888,cifar10,91.75,91.41,200,501472,1826961
7087,888,cifar10,92.19,90.74,200,560400,2300078
6270,888,cifar10,76.09,57.65,200,703824,2711531
7367,888,cifar10,92.1,91.98,200,720048,2719541
7133,888,cifar10,91.35,89.49,200,486144,1846005
7677,888,cifar10,85.52,68.65,200,228384,755445
6375,888,cifar10,93.4,93.28,200,1006016,4224162
7606,888,cifar10,69.25,24.25,200,166096,524978
7667,888,cifar10,86.99,80.94,200,432000,1657630
6978,888,cifar10,55.96,10.0,200,183392,573516
6633,888,cifar10,89.18,19.25,200,490960,1869381
7013,888,cifar10,92.32,91.79,200,706640,2903634
7336,888,cifar10,79.97,13.95,200,690912,2706229
6835,888,cifar10,92.89,92.91,200,983456,4001185
7688,888,cifar10,92.46,92.1,200,715056,2730861
7791,888,cifar10,91.68,25.96,200,571088,2307061
7637,888,cifar10,91.99,91.8,200,717776,2712885
6312,888,cifar10,88.84,88.09,200,269760,966353
6663,888,cifar10,92.52,92.28,200,588848,2305019
6956,888,cifar10,92.43,92.1,200,542352,2298228
7379,888,cifar10,89.07,17.82,200,287616,992629
7022,888,cifar10,86.8,62.37,200,509808,1892551
7042,888,cifar10,84.11,77.34,200,519856,1852661
6303,888,cifar10,78.94,62.72,200,162080,531096
7076,888,cifar10,91.54,89.9,200,509872,2094118
7201,888,cifar10,90.84,84.61,200,536848,2100077
6849,888,cifar10,91.77,91.57,200,591360,2305147
7585,888,cifar10,88.67,88.13,200,234048,786541
7596,888,cifar10,86.13,82.76,200,227184,755445
7357,888,cifar10,92.92,92.51,200,569808,2306933
6931,888,cifar10,93.78,93.61,200,753504,2910489
7237,888,cifar10,93.18,81.71,200,812032,3142781
7283,888,cifar10,86.02,81.9,200,293600,974589
7735,888,cifar10,91.89,91.43,200,740848,2936373
6025,888,cifar10,86.93,82.72,200,501760,1893663
6395,888,cifar10,82.65,48.61,200,445936,1662679
7486,888,cifar10,88.86,88.48,200,563456,2282429
7700,888,cifar10,88.62,88.09,200,496800,1828029
7211,888,cifar10,76.44,67.47,200,767616,2942645
7144,888,cifar10,93.1,93.06,200,515744,2044854
6361,888,cifar10,92.72,92.7,200,836416,3593450
7124,888,cifar10,90.81,75.69,200,330768,1191805
7529,888,cifar10,92.12,72.7,200,764096,2961453
7304,888,cifar10,92.6,92.37,200,792512,3142589
7803,888,cifar10,70.22,25.44,200,188880,587490
6881,888,cifar10,78.24,16.67,200,209488,772150
6826,888,cifar10,10.0,10.0,200,492672,1858219
6708,888,cifar10,84.11,77.97,200,515440,1875973
7710,888,cifar10,89.59,86.76,200,298448,1258654
7563,888,cifar10,92.62,92.55,200,709376,2706101
7272,888,cifar10,90.04,89.73,200,269504,985589
6816,888,cifar10,89.87,85.48,200,310448,1213491
7347,888,cifar10,92.35,92.24,200,498032,1846005
7725,888,cifar10,93.79,93.61,200,775920,3142653
7519,888,cifar10,79.15,10.22,200,194064,556138
7260,888,cifar10,92.29,92.24,200,784960,3167093
7315,888,cifar10,91.12,90.93,200,445168,1622197
7431,888,cifar10,89.0,88.73,200,249920,786669
6718,888,cifar10,51.91,11.21,200,162432,541931
6990,888,cifar10,89.83,88.61,200,247232,1002366
7169,888,cifar10,92.57,91.89,200,493200,1870445
7392,888,cifar10,86.55,22.64,200,238512,786605
6871,888,cifar10,86.95,86.41,200,211584,729673
7156,888,cifar10,87.53,51.9,200,685664,2723686
6766,888,cifar10,92.12,91.82,200,466688,1826769
7033,888,cifar10,91.96,91.23,200,759776,3160174
7814,888,cifar10,88.74,80.37,200,255696,1027870
6292,888,cifar10,91.8,91.26,200,518496,1858027
7402,888,cifar10,75.68,63.58,200,238352,768757
7574,888,cifar10,91.96,91.16,200,508224,1870765
6733,888,cifar10,84.82,47.27,200,707792,2735365
7109,888,cifar10,89.88,88.92,200,578784,2082997
7251,888,cifar10,87.24,79.09,200,457856,1863590
6906,888,cifar10,91.46,91.53,200,575024,2280865
7628,888,cifar10,83.14,82.68,200,477712,1821373
7658,888,cifar10,92.37,29.24,200,525424,2076277
6352,888,cifar10,92.42,91.98,200,736624,2927980
7294,888,cifar10,93.15,92.88,200,1266544,5316662
7455,888,cifar10,92.83,44.02,200,832944,3373053
7554,888,cifar10,91.67,91.3,200,474928,1827965
6644,888,cifar10,92.12,91.58,200,469632,1837796
6804,888,cifar10,93.91,93.77,200,748144,3158388
7678,888,cifar10,89.88,15.89,200,518336,2051837
6653,888,cifar10,92.58,92.65,200,756848,2941619
7421,888,cifar10,90.75,88.96,200,500896,1852661
7223,888,cifar10,92.17,60.76,200,969072,3772221
7475,888,cifar10,80.48,10.02,200,306576,998197
7782,888,cifar10,88.27,82.53,200,507280,1877357
7098,888,cifar10,92.94,92.4,200,505792,2069358
7668,888,cifar10,78.32,21.3,200,235152,829021
7834,888,cifar10,91.09,90.33,200,472640,1888030
6859,888,cifar10,91.39,24.76,200,542480,2074675
6836,888,cifar10,90.59,89.02,200,320880,1214323
6340,888,cifar10,88.83,10.9,200,491744,1826705
6970,888,cifar10,10.0,10.0,200,162848,550168
7824,888,cifar10,92.52,76.81,200,759616,2912125
6941,888,cifar10,92.76,92.51,200,773840,3158452
6979,888,cifar10,92.01,92.04,200,534608,2057177
6325,888,cifar10,75.92,15.36,200,969360,3802035
6957,888,cifar10,90.42,90.13,200,280880,984555
7638,888,cifar10,88.63,81.68,200,265440,1010221
7900,888,cifar10,91.89,91.78,200,705232,2705845
7134,888,cifar10,93.56,93.36,200,768304,3135542
6780,888,cifar10,91.28,89.62,200,511424,1844843
7499,888,cifar10,91.84,89.63,200,529520,2300206
7854,888,cifar10,90.53,88.38,200,496448,1870637
7888,888,cifar10,75.5,11.85,200,754352,2943477
7088,888,cifar10,86.74,83.47,200,241088,762037
7792,888,cifar10,88.72,10.0,200,483312,1888094
7648,888,cifar10,87.89,84.54,200,292528,1010541
7760,888,cifar10,91.92,91.82,200,1016304,4009341
7179,888,cifar10,92.47,92.02,200,777152,2943157
7284,888,cifar10,75.69,23.77,200,432864,1646637
7749,888,cifar10,92.79,92.7,200,760160,2918973
7212,888,cifar10,86.6,71.52,200,243536,1003494
7864,888,cifar10,91.98,91.53,200,507792,1852725
7509,888,cifar10,88.17,58.02,200,267248,1028126
7238,888,cifar10,92.73,92.37,200,498944,2069358
6407,888,cifar10,88.82,88.13,200,545936,2063321
7202,888,cifar10,92.89,92.8,200,541488,2075445
7922,888,cifar10,68.19,13.55,200,504848,1877229
6919,888,cifar10,10.0,10.0,200,754016,2923801
6634,888,cifar10,86.36,38.64,200,489136,1833745
7465,888,cifar10,88.85,77.92,200,507280,1877293
7597,888,cifar10,92.44,92.06,200,565264,2300078
7305,888,cifar10,88.4,9.99,200,488496,1858549
7337,888,cifar10,93.43,91.26,200,1051440,4456502
6883,888,cifar10,88.81,84.77,200,461216,1663703
7844,888,cifar10,92.83,92.61,200,981392,4020398
7316,888,cifar10,86.67,21.25,200,528736,2058685
7411,888,cifar10,89.4,10.75,200,740464,2936501
7738,888,cifar10,92.06,91.64,200,771744,3160238
7771,888,cifar10,92.06,91.45,200,538112,2076213
7544,888,cifar10,92.48,92.4,200,778272,3149245
7727,888,cifar10,89.32,15.71,200,300752,1010221
7911,888,cifar10,92.35,92.22,200,474512,1827965
7358,888,cifar10,88.65,85.65,200,263696,985845
6991,888,cifar10,90.86,90.16,200,300336,1232774
7488,888,cifar10,75.57,17.53,200,451776,1622261
7192,888,cifar10,91.24,91.2,200,443584,1646509
7689,888,cifar10,91.49,89.95,200,484224,2069358
7110,888,cifar10,86.56,86.12,200,185808,562794
6698,888,cifar10,92.33,91.91,200,543984,2298036
6932,888,cifar10,93.45,93.12,200,815024,3388732
7273,888,cifar10,92.99,92.89,200,737840,2936373
6746,888,cifar10,91.46,90.54,200,508640,2067948
7934,888,cifar10,90.64,85.87,200,518560,2094246
6850,888,cifar10,91.78,91.73,200,509664,1844779
7393,888,cifar10,90.57,87.94,200,676688,2723814
7587,888,cifar10,91.3,89.47,200,483056,1845941
7067,888,cifar10,91.04,90.04,200,769232,2943157
6720,888,cifar10,89.69,89.19,200,229552,754595
7015,888,cifar10,78.82,57.98,200,162752,531096
6757,888,cifar10,90.34,89.92,200,244992,1002302
6895,888,cifar10,91.44,89.37,200,925552,3812934
7564,888,cifar10,85.71,35.28,200,233520,804389
7815,888,cifar10,79.48,27.17,200,176944,556138
6837,888,cifar10,75.85,56.91,200,206336,580172
7055,888,cifar10,90.94,81.83,200,527808,1877229
7252,888,cifar10,92.34,92.08,200,612304,2289021
7945,888,cifar10,91.26,88.85,200,496560,1870701
7003,888,cifar10,91.57,89.64,200,543728,2073907
6678,888,cifar10,90.85,89.27,200,770176,2959693
7576,888,cifar10,88.44,87.32,200,698688,2712885
7835,888,cifar10,84.04,83.16,200,152816,507066
7970,888,cifar10,89.07,25.09,200,279936,991605
6362,888,cifar10,89.06,85.08,200,276048,1008261
6907,888,cifar10,92.35,41.09,200,539184,2074675
7659,888,cifar10,89.06,37.69,200,525424,2076277
7023,888,cifar10,93.08,92.99,200,976784,3772029
7157,888,cifar10,92.37,91.97,200,827728,3372925
7432,888,cifar10,73.77,14.02,200,425808,1657758
7403,888,cifar10,93.29,92.46,200,953088,3789678
7145,888,cifar10,90.91,84.22,200,491392,1870445
7213,888,cifar10,86.26,85.78,200,153616,507066
7669,888,cifar10,89.1,88.54,200,275136,992565
6665,888,cifar10,92.74,92.33,200,753744,2933811
7348,888,cifar10,88.94,88.26,200,523152,2058749
6767,888,cifar10,88.7,88.55,200,493552,1833745
7295,888,cifar10,86.34,86.0,200,217184,762037
7422,888,cifar10,86.35,85.99,200,211120,737213
6386,888,cifar10,92.22,92.0,200,542224,2297780
7761,888,cifar10,81.27,58.09,200,272144,985845
7381,888,cifar10,91.07,90.6,200,714992,2929646
7728,888,cifar10,83.81,83.29,200,156144,549482
7701,888,cifar10,92.33,91.73,200,929408,3789678
7679,888,cifar10,87.65,78.07,200,480784,1671141
6860,888,cifar10,74.84,11.78,200,520192,1858219
7690,888,cifar10,85.87,85.39,200,162432,520378
6958,888,cifar10,91.8,91.64,200,699968,2705067
6884,888,cifar10,73.71,47.78,200,164128,598054
6271,888,cifar10,93.2,92.92,200,1228896,4884923
7520,888,cifar10,90.88,88.36,200,703744,2711861
7224,888,cifar10,79.65,43.03,200,231280,779885
7371,888,cifar10,10.0,10.0,200,432144,1628853
7077,888,cifar10,91.42,90.97,200,740512,2979038
7783,888,cifar10,92.47,91.2,200,720400,2755429
7739,888,cifar10,62.54,10.01,200,180880,549482
7476,888,cifar10,86.32,16.54,200,451184,1622261
7649,888,cifar10,89.0,46.15,200,519104,1870573
7034,888,cifar10,92.14,91.12,200,520032,2076149
7639,888,cifar10,86.63,72.18,200,509968,1895077
7901,888,cifar10,93.42,93.21,200,793536,3366198
7750,888,cifar10,92.56,92.54,200,535936,2076341
7444,888,cifar10,91.54,90.1,200,508432,1870637
7136,888,cifar10,93.21,92.87,200,784816,3167157
7588,888,cifar10,89.69,89.09,200,232144,755445
7890,888,cifar10,92.56,92.1,200,599872,2530414
6980,888,cifar10,92.77,65.94,200,798640,3165371
6396,888,cifar10,93.04,61.72,200,1013584,4025211
6971,888,cifar10,91.3,90.22,200,961888,3837728
6734,888,cifar10,92.66,32.67,200,539808,2074931
7992,888,cifar10,86.79,81.92,200,225904,755381
7825,888,cifar10,75.44,16.65,200,273552,998197
7307,888,cifar10,89.24,42.28,200,472112,1863654
7629,888,cifar10,90.21,82.75,200,706336,2730605
8026,888,cifar10,91.41,91.61,200,456720,1628853
7182,888,cifar10,88.46,84.42,200,473888,1839214
7285,888,cifar10,88.12,80.9,200,446672,1839086
7359,888,cifar10,89.79,70.12,200,469264,1863590
6326,888,cifar10,87.1,68.08,200,456544,1862462
7338,888,cifar10,90.62,87.89,200,368400,1446837
6645,888,cifar10,92.52,59.11,200,525344,2074675
7317,888,cifar10,91.24,90.03,200,526112,2094118
7193,888,cifar10,88.86,82.24,200,292000,1034917
7804,888,cifar10,92.64,92.58,200,1236320,4887477
7240,888,cifar10,91.7,32.67,200,751600,2961261
6922,888,cifar10,89.7,88.24,200,548432,2099469
8014,888,cifar10,91.33,90.84,200,590816,2307061
7619,888,cifar10,93.55,93.5,200,1280768,5093245
7262,888,cifar10,80.9,65.19,200,228672,804517
6933,888,cifar10,91.75,91.2,200,542256,2298292
7099,888,cifar10,88.31,19.52,200,506304,1876269
7500,888,cifar10,93.25,92.85,200,747568,3135542
7794,888,cifar10,91.37,89.82,200,508512,2094374
6943,888,cifar10,88.95,85.4,200,233616,803671
7762,888,cifar10,55.11,10.55,200,143760,542563
7912,888,cifar10,93.44,80.35,200,810112,3149245
7004,888,cifar10,89.7,85.94,200,290368,990187
7394,888,cifar10,82.93,23.0,200,498112,1895013
7126,888,cifar10,10.0,10.0,200,168160,569514
7946,888,cifar10,90.71,89.91,200,511952,1870637
7172,888,cifar10,85.69,52.04,200,215792,797470
7111,888,cifar10,91.37,91.09,200,582576,2306933
7253,888,cifar10,89.92,79.96,200,470064,1863654
8095,888,cifar10,87.96,86.16,200,443600,1615605
6654,888,cifar10,91.32,90.34,200,552960,2322958
7772,888,cifar10,92.12,92.04,200,680528,2681533
7876,888,cifar10,89.88,9.54,200,368448,1446901
7214,888,cifar10,74.89,10.0,200,435936,1657822
7146,888,cifar10,92.22,91.46,200,506128,1845941
7959,888,cifar10,84.72,41.58,200,715216,2755237
7555,888,cifar10,93.29,93.13,200,1014000,4027317
7349,888,cifar10,92.54,92.38,200,521104,2275382
7016,888,cifar10,91.99,91.62,200,767696,2940659
7729,888,cifar10,90.87,89.11,200,463184,1640045
7383,888,cifar10,92.59,92.48,200,503328,1846005
7691,888,cifar10,90.12,88.16,200,280976,992565
7068,888,cifar10,89.84,86.62,200,284400,1209198
7545,888,cifar10,82.76,51.12,200,461696,1888158
7274,888,cifar10,87.17,34.9,200,442496,1664357
7296,888,cifar10,88.5,85.22,200,502096,1870381
7158,888,cifar10,91.57,91.11,200,582080,2306805
8074,888,cifar10,92.76,92.23,200,776064,3184806
7865,888,cifar10,92.01,91.59,200,789536,2943285
7836,888,cifar10,86.87,72.71,200,225152,779885
8052,888,cifar10,92.77,92.17,200,1012928,4002877
7489,888,cifar10,93.17,93.13,200,515376,2069358
7740,888,cifar10,92.37,92.23,200,528784,2051709
6690,888,cifar10,86.93,77.77,200,441792,1638205
8085,888,cifar10,92.95,92.8,200,778448,3366198
7712,888,cifar10,92.54,92.25,200,740272,2936373
6747,888,cifar10,93.72,93.53,200,732448,2910617
8039,888,cifar10,10.0,10.0,200,441440,1628917
7044,888,cifar10,91.58,20.6,200,979088,3779005
7599,888,cifar10,89.53,89.07,200,338192,1415222
7670,888,cifar10,91.67,90.92,200,751728,2961389
7971,888,cifar10,89.87,88.07,200,290112,1233958
7204,888,cifar10,89.12,88.9,200,260304,973629
8151,888,cifar10,91.0,90.2,200,532832,2076277
7816,888,cifar10,86.69,26.31,200,459648,1863590
7924,888,cifar10,90.06,89.38,200,472752,1846005
7891,888,cifar10,90.46,90.16,200,290016,1209198
7225,888,cifar10,91.01,90.66,200,764672,2942965
7577,888,cifar10,91.32,89.27,200,488656,1852789
7650,888,cifar10,80.62,30.77,200,457248,1689245
6981,888,cifar10,79.71,61.85,200,452864,1663831
7640,888,cifar10,89.69,41.03,200,715936,2730861
6710,888,cifar10,75.96,67.45,200,454000,1621347
6699,888,cifar10,91.4,41.82,200,769984,2934835
7630,888,cifar10,88.4,84.31,200,469632,1839278
8129,888,cifar10,92.22,91.78,200,798288,3167157
7413,888,cifar10,89.31,83.09,200,519424,2118878
7137,888,cifar10,90.26,82.94,200,489104,1870445
6768,888,cifar10,91.35,91.29,200,499696,1844907
7477,888,cifar10,89.87,89.1,200,467504,1814454
7457,888,cifar10,87.12,65.77,200,432640,1639277
7024,888,cifar10,91.05,89.2,200,478688,1870637
7565,888,cifar10,93.29,92.92,200,783856,3142653
8163,888,cifar10,92.56,91.99,200,543840,2075253
7308,888,cifar10,85.64,82.99,200,512224,2058557
7589,888,cifar10,92.06,91.57,200,737360,2929518
6721,888,cifar10,92.64,91.7,200,758832,2934643
7318,888,cifar10,91.59,91.16,200,481104,1846005
8187,888,cifar10,69.85,12.42,200,464192,1671205
7433,888,cifar10,82.64,57.04,200,674672,2748318
8015,888,cifar10,84.46,68.29,200,252320,804325
7372,888,cifar10,92.86,92.32,200,815504,3390766
7845,888,cifar10,92.35,91.93,200,1008368,4027381
7423,888,cifar10,88.17,27.04,200,514832,1859253
7183,888,cifar10,88.91,88.76,200,204672,736317
7173,888,cifar10,73.63,14.98,200,247728,779885
6758,888,cifar10,88.81,88.5,200,801408,3147681
7445,888,cifar10,88.31,74.51,200,436736,1615605
7339,888,cifar10,88.62,88.32,200,504960,1859381
8027,888,cifar10,91.32,88.75,200,519200,1870701
7521,888,cifar10,85.78,54.55,200,255920,1027998
7090,888,cifar10,79.62,44.87,200,183008,538290
8175,888,cifar10,92.41,91.51,200,599824,2530606
7511,888,cifar10,84.42,83.08,200,163664,507066
7286,888,cifar10,90.25,88.86,200,338112,1464486
8105,888,cifar10,92.78,92.15,200,722112,2929518
7216,888,cifar10,86.47,84.47,200,227440,768693
7784,888,cifar10,92.05,91.8,200,700512,2706165
7078,888,cifar10,75.48,10.47,200,708944,2712885
7194,888,cifar10,91.82,91.72,200,713984,2719477
7620,888,cifar10,91.51,58.49,200,562656,2076277
7056,888,cifar10,92.48,81.09,200,1017552,4008509
8004,888,cifar10,93.42,93.14,200,978400,3796469
7035,888,cifar10,90.65,90.68,200,512000,1859189
7329,888,cifar10,90.22,87.65,200,292208,1209198
7936,888,cifar10,77.79,34.97,200,424640,1657758
8199,888,cifar10,78.98,48.39,200,229184,804581
7531,888,cifar10,93.31,69.37,200,543392,2076277
7913,888,cifar10,92.22,90.57,200,732416,2929646
7350,888,cifar10,61.37,10.0,200,182656,549482
7795,888,cifar10,92.41,91.34,200,524048,2094118
6679,888,cifar10,93.03,92.84,200,1013728,4024443
7112,888,cifar10,92.42,17.3,200,589264,2282621
7100,888,cifar10,70.26,19.9,200,180112,580706
6735,888,cifar10,91.14,89.59,200,484240,2067884
8117,888,cifar10,92.64,92.29,200,757344,3160174
7773,888,cifar10,90.03,85.5,200,694672,2723750
7994,888,cifar10,53.2,10.0,200,155760,567195
7681,888,cifar10,91.47,90.98,200,508272,1852725
7763,888,cifar10,91.38,66.95,200,775840,2943285
8064,888,cifar10,90.56,90.48,200,486432,1827965
8075,888,cifar10,90.18,88.23,200,291088,992373
8141,888,cifar10,92.12,13.62,200,763712,2943285
8278,888,cifar10,92.21,92.0,200,725216,2712821
7254,888,cifar10,93.17,92.89,200,794880,3366134
7805,888,cifar10,88.13,87.96,200,686480,2699310
7703,888,cifar10,92.06,91.75,200,745664,2936437
7297,888,cifar10,90.24,54.09,200,277968,1010541
7226,888,cifar10,90.18,89.5,200,256656,978862
7147,888,cifar10,87.14,77.33,200,230288,978926
7948,888,cifar10,92.37,31.28,200,1220176,4863165
7384,888,cifar10,93.41,93.23,200,713920,2929518
7275,888,cifar10,91.77,90.81,200,698544,2712821
7741,888,cifar10,90.67,87.74,200,502288,2069486
7982,888,cifar10,87.19,63.25,200,671520,2723686
7360,888,cifar10,92.65,91.64,200,713696,2929518
7671,888,cifar10,91.72,91.68,200,708480,2694973
7501,888,cifar10,10.0,10.0,200,441728,1653421
7205,888,cifar10,85.47,23.27,200,245216,804581
8288,888,cifar10,93.89,93.75,200,712384,2712821
7960,888,cifar10,92.68,73.99,200,764064,2961389
8096,888,cifar10,79.85,46.62,200,488016,1846005
7138,888,cifar10,80.43,74.02,200,233264,786733
7892,888,cifar10,89.97,88.43,200,281040,991669
7395,888,cifar10,89.31,86.83,200,485344,1870445
7631,888,cifar10,92.5,92.2,200,483920,1821373
8152,888,cifar10,88.91,10.0,200,487936,1840637
8268,888,cifar10,87.09,84.84,200,268640,1017005
7837,888,cifar10,88.5,87.99,200,234704,762037
7405,888,cifar10,93.21,92.89,200,752160,2917821
7490,888,cifar10,78.44,11.53,200,209200,773030
7752,888,cifar10,77.32,28.74,200,209184,773030
7578,888,cifar10,89.99,89.0,200,318048,1215989
8234,888,cifar10,91.54,90.81,200,552032,2300078
8256,888,cifar10,91.36,88.74,200,711808,2730861
7651,888,cifar10,73.07,10.0,200,427568,1682454
8040,888,cifar10,83.28,77.92,200,225984,804517
7826,888,cifar10,92.55,92.1,200,814992,3390638
8130,888,cifar10,88.61,10.0,200,554624,2064893
7925,888,cifar10,90.29,89.56,200,321792,1240749
8086,888,cifar10,92.98,92.61,200,773376,3167093
8053,888,cifar10,91.9,91.83,200,474928,1828029
7856,888,cifar10,90.45,89.9,200,319936,1191741
8028,888,cifar10,88.85,88.33,200,312016,992373
7127,888,cifar10,92.02,92.02,200,778544,3142589
7373,888,cifar10,92.12,91.99,200,404752,1590717
7641,888,cifar10,92.12,91.71,200,724208,2929518
7046,888,cifar10,87.06,84.96,200,260192,779885
8244,888,cifar10,89.2,83.15,200,489904,1894949
8311,888,cifar10,88.56,76.24,200,495024,1845941
8300,888,cifar10,92.46,91.28,200,555248,2101165
7069,888,cifar10,92.3,92.09,200,521152,2275382
7903,888,cifar10,91.77,91.71,200,818496,3372925
8223,888,cifar10,90.53,87.09,200,756000,3184870
6655,888,cifar10,93.07,93.09,200,975200,3777561
7546,888,cifar10,91.59,91.05,200,733344,2712693
7319,888,cifar10,75.56,63.22,200,511504,1859381
7893,888,cifar10,84.17,83.71,200,136240,500410
7467,888,cifar10,87.77,67.16,200,484288,1888286
7414,888,cifar10,79.51,21.53,200,193520,574114
8176,888,cifar10,92.44,92.32,200,557136,2058621
8106,888,cifar10,84.39,46.78,200,258560,1027998
7590,888,cifar10,92.14,61.21,200,740416,2936437
7937,888,cifar10,88.61,87.62,200,252928,775349
8164,888,cifar10,10.0,10.0,200,432064,1628853
7556,888,cifar10,93.79,93.59,200,798656,3142653
7600,888,cifar10,93.54,93.24,200,533952,2275382
7340,888,cifar10,92.14,91.31,200,541856,2082933
7351,888,cifar10,75.65,61.19,200,179664,587490
7159,888,cifar10,89.96,84.09,200,706320,2730541
7478,888,cifar10,89.32,88.95,200,330928,1191549
7846,888,cifar10,85.72,42.65,200,227408,779885
7566,888,cifar10,90.56,90.56,200,508592,1834749
6770,888,cifar10,86.21,50.03,200,257680,1002238
7522,888,cifar10,91.93,91.65,200,460832,1821373
8189,888,cifar10,89.31,88.75,200,325024,1415222
7621,888,cifar10,92.15,92.14,200,536464,2076213
7683,888,cifar10,92.58,30.37,200,496672,1833917
7287,888,cifar10,90.9,90.34,200,578352,2306933
6749,888,cifar10,92.62,92.24,200,747840,2934707
7972,888,cifar10,91.92,90.81,200,938544,3789806
6700,888,cifar10,90.78,89.33,200,502832,1869509
7704,888,cifar10,89.58,88.83,200,235856,786541
7764,888,cifar10,92.65,92.51,200,487920,1852597
7914,888,cifar10,88.96,11.1,200,718416,2954342
8005,888,cifar10,89.4,89.01,200,218400,762101
7817,888,cifar10,89.92,28.91,200,731008,2730541
7878,888,cifar10,88.36,10.21,200,548592,2083125
7025,888,cifar10,79.11,16.15,200,450848,1664805
8321,888,cifar10,92.31,91.54,200,803744,3166965
7309,888,cifar10,10.0,10.0,200,504576,1859253
8118,888,cifar10,89.5,78.77,200,510864,2094246
7458,888,cifar10,89.33,87.27,200,517024,1870381
7217,888,cifar10,77.85,18.93,200,426912,1657694
7386,888,cifar10,86.75,82.55,200,316816,1017005
7962,888,cifar10,86.63,10.0,200,355120,1198589
6711,888,cifar10,92.67,92.39,200,761568,3158388
7255,888,cifar10,91.47,90.96,200,751024,2918781
7424,888,cifar10,90.63,90.41,200,713744,2700669
7298,888,cifar10,88.67,8.75,200,551472,2083253
7983,888,cifar10,75.94,13.2,200,488544,1858357
8368,888,cifar10,88.95,88.26,200,284224,967869
8289,888,cifar10,88.81,10.01,200,506064,1852725
7406,888,cifar10,90.41,90.4,200,489872,1827965
7264,888,cifar10,88.15,84.68,200,497360,1870509
8357,888,cifar10,90.52,89.99,200,500368,1852533
8097,888,cifar10,89.58,88.43,200,335344,1216053
7091,888,cifar10,90.21,89.81,200,595824,2288893
7742,888,cifar10,92.35,91.18,200,724384,2929518
7184,888,cifar10,93.13,93.12,200,963168,3995702
7612,888,cifar10,89.84,89.5,200,238160,762037
8344,888,cifar10,91.27,30.81,200,491008,1870701
7672,888,cifar10,92.54,81.47,200,752896,2917757
7753,888,cifar10,88.88,10.0,200,480960,1863590
6737,888,cifar10,92.43,92.09,200,536512,2050521
7731,888,cifar10,92.49,92.0,200,725808,2712693
7446,888,cifar10,91.49,62.27,200,749200,2943157
8165,888,cifar10,69.79,11.84,200,176848,605338
6759,888,cifar10,92.9,92.71,200,811408,3364194
6722,888,cifar10,92.33,91.91,200,967984,3793843
7361,888,cifar10,92.52,92.27,200,621408,2736182
8054,888,cifar10,91.26,91.18,200,484864,1870573
7785,888,cifar10,92.3,91.43,200,542288,2299886
8388,888,cifar10,91.16,90.09,200,453136,1622261
7579,888,cifar10,92.9,49.08,200,576336,2282621
7330,888,cifar10,10.0,10.0,200,539824,2064893
8279,888,cifar10,91.91,92.02,200,695216,2688125
7838,888,cifar10,92.01,91.69,200,443856,1615605
7101,888,cifar10,92.32,24.18,200,559904,2282557
7502,888,cifar10,92.6,91.95,200,507568,2044854
7079,888,cifar10,92.44,92.14,200,799760,3142589
7341,888,cifar10,86.74,86.43,200,229360,762037
7694,888,cifar10,92.52,92.21,200,495648,2044854
7276,888,cifar10,85.81,39.64,200,248784,1027806
7806,888,cifar10,86.05,76.23,200,265808,811173
8235,888,cifar10,78.24,33.78,200,211264,797534
8378,888,cifar10,91.09,90.45,200,789984,2943221
8018,888,cifar10,89.65,89.42,200,223776,755445
8177,888,cifar10,86.22,85.49,200,211168,743997
7591,888,cifar10,91.75,91.55,200,531552,2051645
8029,888,cifar10,89.86,89.53,200,963600,3796533
7415,888,cifar10,71.75,34.61,200,181968,556138
8269,888,cifar10,92.49,92.2,200,516624,2050941
7705,888,cifar10,89.55,89.15,200,248640,961277
7904,888,cifar10,10.0,10.0,200,225840,775413
7926,888,cifar10,93.17,92.98,200,814880,3390830
8066,888,cifar10,91.1,22.04,200,504544,1846005
7491,888,cifar10,86.99,9.93,200,523616,1852725
7396,888,cifar10,91.89,91.87,200,696512,2706101
7320,888,cifar10,85.98,14.27,200,483600,1912982
7352,888,cifar10,92.2,91.87,200,499088,1859253
8109,888,cifar10,88.56,87.35,200,709616,2730733
7950,888,cifar10,90.56,83.78,200,495408,2094246
7632,888,cifar10,93.68,93.62,200,1481584,6176822
7717,888,cifar10,91.9,91.76,200,679920,2681533
7622,888,cifar10,86.73,18.11,200,276880,992565
7036,888,cifar10,93.48,93.39,200,1028832,4226358
7939,888,cifar10,92.34,13.12,200,970816,3779133
7857,888,cifar10,90.12,88.58,200,448192,1639917
8225,888,cifar10,89.02,88.4,200,341376,1198589
7057,888,cifar10,93.08,93.16,200,1012032,4027253
7468,888,cifar10,89.56,86.22,200,450928,1640045
7765,888,cifar10,92.07,91.69,200,484112,1846005
8398,888,cifar10,91.74,89.51,200,445904,1615605
7534,888,cifar10,93.05,92.77,200,1004736,4251054
7652,888,cifar10,91.22,90.05,200,525312,2076277
8481,888,cifar10,52.66,10.0,200,208960,598682
7894,888,cifar10,91.88,92.01,200,518928,2051645
7880,888,cifar10,81.29,70.24,200,463600,1664741
8258,888,cifar10,86.91,25.67,200,471440,1888158
8041,888,cifar10,92.22,91.5,200,512848,2076341
8334,888,cifar10,91.76,91.11,200,728352,2954406
7684,888,cifar10,90.23,41.5,200,743696,2936437
7070,888,cifar10,89.17,86.15,200,314768,1216181
8119,888,cifar10,91.93,91.47,200,501904,1845941
7776,888,cifar10,87.67,86.62,200,326672,1222389
8369,888,cifar10,89.56,88.93,200,492736,1827965
8006,888,cifar10,91.05,88.83,200,497152,1870381
7601,888,cifar10,92.91,65.32,200,1013584,4027381
8413,888,cifar10,93.64,93.43,200,1201232,4862973
7867,888,cifar10,91.68,88.9,200,484224,2069358
8491,888,cifar10,91.69,89.8,200,520032,1852661
7387,888,cifar10,89.48,19.54,200,471312,1863654
8312,888,cifar10,93.09,93.11,200,967376,3772221
7185,888,cifar10,78.44,32.56,200,230160,804517
7797,888,cifar10,10.0,10.0,200,475360,1834813
7244,888,cifar10,91.97,91.71,200,481328,1845941
7996,888,cifar10,86.04,37.12,200,236032,779949
7480,888,cifar10,82.29,76.65,200,255616,1034917
7047,888,cifar10,91.77,91.07,200,744640,3160238
8245,888,cifar10,91.71,91.52,200,617280,2511805
8178,888,cifar10,86.32,86.11,200,165712,538290
7332,888,cifar10,86.26,29.63,200,260176,779885
7754,888,cifar10,89.31,88.93,200,363664,1222901
8212,888,cifar10,93.37,93.22,200,1029936,4250798
7743,888,cifar10,89.06,88.51,200,504240,1852789
7827,888,cifar10,92.61,92.35,200,827888,3372925
8143,888,cifar10,92.09,89.64,200,564640,2076277
7436,888,cifar10,92.89,92.74,200,729968,2918717
8290,888,cifar10,94.05,93.93,200,799248,3142589
7985,888,cifar10,92.67,92.35,200,801264,3148221
8166,888,cifar10,92.93,92.74,200,730144,2905014
8345,888,cifar10,87.65,82.89,200,287392,1034789
7547,888,cifar10,91.26,91.25,200,778304,3149117
8448,888,cifar10,90.2,85.3,200,323184,1216053
8154,888,cifar10,89.98,84.76,200,684544,2748254
7362,888,cifar10,69.52,13.43,200,459776,1671269
8470,888,cifar10,79.36,46.03,200,426960,1657694
8574,888,cifar10,85.99,85.98,200,180848,562794
8098,888,cifar10,92.03,91.79,200,466192,1821437
7580,888,cifar10,91.85,91.95,200,537216,2058557
7916,888,cifar10,87.17,67.09,200,456544,1863590
7567,888,cifar10,92.32,92.02,200,540768,2083253
7397,888,cifar10,51.89,10.0,200,172976,567195
8502,888,cifar10,91.9,91.32,200,806096,3167221
8513,888,cifar10,88.21,27.14,200,502256,1894949
8389,888,cifar10,91.75,90.87,200,505728,1877357
8088,888,cifar10,73.46,24.18,200,200016,562794
7673,888,cifar10,87.72,86.4,200,440960,1615541
7459,888,cifar10,84.94,15.39,200,507312,1870637
7299,888,cifar10,80.31,37.78,200,486432,1846005
7663,888,cifar10,86.43,86.19,200,280976,992437
7026,888,cifar10,91.85,90.47,200,515872,1870765
8055,888,cifar10,92.16,92.08,200,728880,2737325
8201,888,cifar10,86.7,64.56,200,449600,1640045
7695,888,cifar10,92.29,92.34,200,550016,2300206
8523,888,cifar10,90.76,10.09,200,1028560,4009341
7732,888,cifar10,78.3,20.34,200,423312,1633190
8537,888,cifar10,91.98,18.25,200,981504,3803637
7927,888,cifar10,90.21,89.15,200,268544,992437
7081,888,cifar10,75.39,62.58,200,189216,562794
7643,888,cifar10,10.0,10.0,200,168032,538226
7407,888,cifar10,93.62,93.31,200,516016,2051901
8379,888,cifar10,91.16,10.0,200,765040,2918973
8067,888,cifar10,75.66,19.08,200,493888,1852725
8423,888,cifar10,92.86,92.21,200,955488,3795573
7940,888,cifar10,85.05,64.86,200,251056,804261
7425,888,cifar10,92.41,91.65,200,520960,2069358
7847,888,cifar10,92.35,91.78,200,806384,3167029
8190,888,cifar10,92.36,90.9,200,774688,3185062
7277,888,cifar10,93.44,93.17,200,1006112,4226358
7623,888,cifar10,92.3,92.21,200,540640,2275382
8226,888,cifar10,87.45,85.35,200,211488,730493
8030,888,cifar10,91.89,91.32,200,562032,2081589
7719,888,cifar10,88.27,84.16,200,457248,1912534
7766,888,cifar10,77.05,11.07,200,210816,797534
7524,888,cifar10,92.87,91.4,200,802720,3390766
7503,888,cifar10,86.54,26.08,200,476768,1834749
8335,888,cifar10,87.52,80.69,200,447616,1615605
8303,888,cifar10,88.73,65.18,200,742288,2936437
7342,888,cifar10,86.19,78.39,200,237568,1003430
8492,888,cifar10,89.63,89.51,200,442272,1615605
7557,888,cifar10,93.46,93.16,200,1245136,5111150
7818,888,cifar10,90.04,84.63,200,723184,2978782
7839,888,cifar10,91.87,91.29,200,505728,1870701
7375,888,cifar10,86.76,80.82,200,457264,1863654
7633,888,cifar10,92.73,54.81,200,804528,3142781
7653,888,cifar10,92.04,91.64,200,530528,2076341
8110,888,cifar10,92.31,91.35,200,973904,3795701
7905,888,cifar10,92.03,91.61,200,789504,3390894
8597,888,cifar10,79.23,56.58,200,227792,803685
8270,888,cifar10,89.41,85.88,200,240608,786605
8482,888,cifar10,90.56,89.95,200,268416,961149
7536,888,cifar10,79.64,66.86,200,220976,755445
8370,888,cifar10,86.58,86.3,200,200672,737213
8019,888,cifar10,89.52,82.85,200,310208,1216181
8120,888,cifar10,93.63,93.51,200,740432,2911165
7951,888,cifar10,92.3,91.86,200,827824,3372925
7807,888,cifar10,90.76,88.07,200,460224,1863654
7858,888,cifar10,88.97,85.19,200,263664,985845
8042,888,cifar10,91.18,8.7,200,740496,2936437
7882,888,cifar10,78.91,40.33,200,211200,773030
7416,888,cifar10,91.84,90.88,200,500096,2069358
7998,888,cifar10,90.53,62.26,200,330288,1197629
8323,888,cifar10,90.88,90.59,200,286448,967869
8360,888,cifar10,92.2,91.73,200,708960,2929518
7755,888,cifar10,92.33,91.77,200,498016,2044790
8437,888,cifar10,89.13,10.0,200,497984,1833917
8586,888,cifar10,92.47,44.61,200,804432,3142781
7037,888,cifar10,92.46,92.3,200,517712,2275382
8414,888,cifar10,90.96,87.53,200,512864,2094246
8630,888,cifar10,88.92,88.23,200,572464,2064701
8609,888,cifar10,91.87,58.78,200,597104,2282621
7706,888,cifar10,91.98,91.41,200,511872,2094054
8179,888,cifar10,89.83,89.0,200,277920,1035045
8007,888,cifar10,89.09,27.46,200,716080,2754277
7828,888,cifar10,86.58,85.02,200,206336,748334
8390,888,cifar10,85.89,80.96,200,240128,1003430
7744,888,cifar10,10.0,10.0,200,162576,545010
8236,888,cifar10,91.9,91.95,200,761056,2925117
8144,888,cifar10,89.72,88.11,200,337472,1241005
8460,888,cifar10,86.49,56.89,200,226768,779757
7492,888,cifar10,92.37,92.28,200,600464,2282493
7674,888,cifar10,75.26,17.03,200,449856,1628853
8651,888,cifar10,91.19,89.94,200,521120,2069358
7986,888,cifar10,91.91,90.32,200,497904,1870637
8619,888,cifar10,93.08,92.57,200,955696,3796597
8684,888,cifar10,90.05,89.21,200,274464,984885
8673,888,cifar10,89.02,88.23,200,479440,1827965
8640,888,cifar10,86.32,84.14,200,246784,768693
7481,888,cifar10,88.28,80.73,200,439856,1615605
7974,888,cifar10,91.92,90.84,200,498304,1852725
7058,888,cifar10,91.95,91.77,200,703792,2712757
7614,888,cifar10,92.06,92.02,200,451776,1622197
7469,888,cifar10,90.79,25.2,200,561808,2063997
7798,888,cifar10,73.84,16.51,200,449312,1640045
7896,888,cifar10,92.07,91.9,200,732896,3135542
8168,888,cifar10,91.79,91.28,200,754464,2942453
8068,888,cifar10,62.01,10.0,200,182656,524978
8056,888,cifar10,87.81,39.72,200,448976,1640045
7644,888,cifar10,85.13,63.69,200,217728,797534
8133,888,cifar10,10.0,10.0,200,194432,757565
7787,888,cifar10,89.63,86.08,200,509968,2094246
8550,888,cifar10,91.92,76.29,200,497840,1821373
8347,888,cifar10,85.03,25.8,200,964592,3821485
7733,888,cifar10,75.86,31.2,200,520176,1859253
8575,888,cifar10,91.65,90.54,200,502304,1895077
8514,888,cifar10,92.65,92.7,200,972336,3995766
8291,888,cifar10,93.07,92.86,200,817072,3167221
8155,888,cifar10,91.64,89.96,200,587712,2530542
8707,888,cifar10,85.24,79.36,200,449600,1664613
8099,888,cifar10,86.91,74.37,200,437392,1615605
7048,888,cifar10,92.58,92.16,200,483424,1845941
8259,888,cifar10,91.57,91.08,200,747824,2936437
7696,888,cifar10,92.51,92.16,200,578704,2083061
8079,888,cifar10,91.69,54.07,200,548336,2082933
7928,888,cifar10,92.54,92.01,200,535152,2076213
8525,888,cifar10,89.3,87.91,200,337568,1222837
7363,888,cifar10,92.89,92.78,200,981360,4020462
7634,888,cifar10,86.5,66.81,200,227616,779885
8400,888,cifar10,92.03,90.79,200,936560,3814438
7964,888,cifar10,92.89,92.73,200,780192,2925181
7593,888,cifar10,91.4,90.95,200,492928,1845941
7071,888,cifar10,90.26,88.26,200,531952,2118878
8247,888,cifar10,89.24,10.07,200,755776,2918845
7448,888,cifar10,88.21,87.92,200,501456,1852725
7654,888,cifar10,89.31,88.12,200,304768,992373
8380,888,cifar10,92.29,91.54,200,744688,3160366
7624,888,cifar10,86.8,12.75,200,373584,1428797
7664,888,cifar10,91.39,91.18,200,1241536,4869437
8538,888,cifar10,92.5,91.97,200,774656,3160110
8730,888,cifar10,92.18,92.0,200,530432,2057597
7941,888,cifar10,87.47,75.66,200,429008,1615541
8337,888,cifar10,89.35,85.49,200,235296,762037
8089,888,cifar10,92.24,92.07,200,485888,1846005
7438,888,cifar10,89.3,85.42,200,284720,1016109
8031,888,cifar10,91.98,91.56,200,505296,1895013
8424,888,cifar10,91.4,90.13,200,949232,3814438
7767,888,cifar10,93.02,92.61,200,603536,2512701
8281,888,cifar10,83.69,80.8,200,292256,1017133
8304,888,cifar10,88.09,86.94,200,447776,1814454
8741,888,cifar10,86.29,85.89,200,200624,737213
8439,888,cifar10,84.02,67.86,200,440992,1615605
8663,888,cifar10,92.53,92.41,200,729648,2911037
8494,888,cifar10,92.17,91.25,200,565232,2300142
8314,888,cifar10,63.8,10.82,200,183872,605338
8202,888,cifar10,89.82,89.29,200,458064,1646893
8587,888,cifar10,91.01,89.62,200,444320,1622197
7868,888,cifar10,92.05,91.36,200,768304,3184806
7426,888,cifar10,79.65,56.7,200,228064,828253
7558,888,cifar10,87.0,68.61,200,426400,1633254
8021,888,cifar10,92.42,92.34,200,748848,2911805
8111,888,cifar10,89.16,53.46,200,690432,2723814
7504,888,cifar10,87.95,87.31,200,453872,1628853
7582,888,cifar10,75.76,63.25,200,223408,811045
7568,888,cifar10,84.99,81.91,200,502640,2118686
8631,888,cifar10,88.0,82.03,200,470320,1839086
8008,888,cifar10,93.48,93.38,200,499936,1827965
8227,888,cifar10,87.11,81.87,200,243584,786541
7686,888,cifar10,92.8,92.6,200,550720,2076149
7952,888,cifar10,75.2,17.39,200,708432,2737453
8598,888,cifar10,92.58,92.32,200,764944,3160366
7720,888,cifar10,93.42,93.33,200,1239792,5086518
8361,888,cifar10,80.25,40.04,200,179280,556138
8191,888,cifar10,90.21,88.88,200,297840,1216181
8271,888,cifar10,90.9,89.21,200,756400,2936373
8610,888,cifar10,93.72,93.35,200,743920,2911869
8043,888,cifar10,90.78,56.32,200,708688,2730925
8391,888,cifar10,88.96,88.4,200,487840,1834813
8652,888,cifar10,80.28,68.17,200,174192,524914
7999,888,cifar10,90.98,90.27,200,514880,2118814
8169,888,cifar10,80.86,72.05,200,228800,779949
8326,888,cifar10,88.41,87.72,200,447776,1814454
8121,888,cifar10,91.28,89.45,200,784768,3167093
7906,888,cifar10,94.08,93.56,200,986448,4020590
8685,888,cifar10,88.45,49.84,200,278144,992501
7082,888,cifar10,91.09,89.06,200,718048,2954470
8720,888,cifar10,89.46,89.14,200,216768,730493
7548,888,cifar10,94.12,93.85,200,987152,4020590
8551,888,cifar10,89.63,89.3,200,221600,761845
7859,888,cifar10,88.62,88.27,200,232608,767733
8576,888,cifar10,80.69,74.57,200,238864,768757
7538,888,cifar10,90.47,87.21,200,498528,1846005
8415,888,cifar10,92.92,44.18,200,802464,3148349
7746,888,cifar10,92.0,91.03,200,506176,1877165
7514,888,cifar10,92.45,92.16,200,598160,2505974
7756,888,cifar10,87.96,84.53,200,446816,1839086
7897,888,cifar10,93.81,93.66,200,729536,2905014
7417,888,cifar10,92.1,91.96,200,681216,2681533
8752,888,cifar10,92.99,41.53,200,1017552,4008509
7734,888,cifar10,88.88,86.27,200,240672,786669
7799,888,cifar10,92.46,92.19,200,499552,2069358
8145,888,cifar10,91.7,91.43,200,555168,2101165
8237,888,cifar10,10.0,10.0,200,177568,587490
7675,888,cifar10,88.73,9.27,200,520768,1877229
8402,888,cifar10,78.75,29.33,200,241536,804581
8180,888,cifar10,92.27,91.54,200,781280,3184870
8731,888,cifar10,59.61,11.73,200,183376,574114
7788,888,cifar10,88.93,79.56,200,295888,1234214
8100,888,cifar10,88.48,82.31,200,242848,793261
7615,888,cifar10,92.91,92.87,200,769584,3142589
7976,888,cifar10,91.6,87.21,200,802048,3142653
7987,888,cifar10,93.03,92.85,200,775488,3160238
7848,888,cifar10,92.54,91.79,200,770224,2961325
7808,888,cifar10,90.98,89.3,200,483440,1870381
8156,888,cifar10,87.23,35.91,200,472944,1888286
7930,888,cifar10,88.97,73.87,200,496928,1851701
7493,888,cifar10,78.03,33.61,200,442064,1621365
7778,888,cifar10,89.01,80.52,200,502224,1894885
7645,888,cifar10,88.64,10.0,200,801088,3149245
8504,888,cifar10,91.18,90.5,200,524944,2118878
7966,888,cifar10,92.0,91.81,200,921600,3765110
8786,888,cifar10,89.65,89.26,200,465376,1888158
8620,888,cifar10,88.59,76.1,200,461824,1839022
8697,888,cifar10,88.99,88.71,200,498960,1859317
8776,888,cifar10,91.07,18.12,200,783536,2924285
8472,888,cifar10,89.01,67.75,200,720720,2730605
7829,888,cifar10,76.61,11.41,200,224896,846862
8090,888,cifar10,90.99,88.8,200,451072,1622197
8134,888,cifar10,93.39,93.19,200,1002800,4002877
8708,888,cifar10,94.08,74.34,200,755568,2936501
8293,888,cifar10,88.89,84.37,200,223840,762037
8338,888,cifar10,86.25,84.15,200,237696,811173
8033,888,cifar10,76.12,55.96,200,438160,1646637
7525,888,cifar10,93.05,92.75,200,1224352,5086518
8563,888,cifar10,85.39,41.6,200,722768,2730861
8664,888,cifar10,86.52,86.35,200,437872,1622197
8515,888,cifar10,91.56,90.78,200,1004400,3803317
8539,888,cifar10,85.9,82.75,200,497136,1895077
8057,888,cifar10,88.75,88.48,200,482128,1833853
7427,888,cifar10,66.94,15.77,200,169376,524978
8070,888,cifar10,10.0,10.0,200,488352,1841533
7819,888,cifar10,92.19,91.27,200,1021168,4027445
8010,888,cifar10,88.96,88.09,200,242064,768693
8829,888,cifar10,74.26,31.54,200,244320,786541
7625,888,cifar10,92.31,91.17,200,452320,1814454
7482,888,cifar10,93.76,93.38,200,731760,2911101
8588,888,cifar10,88.8,15.38,200,326720,1197565
8495,888,cifar10,88.01,82.04,200,469936,1863590
7708,888,cifar10,91.9,91.68,200,426624,1622261
8282,888,cifar10,92.15,90.84,200,543760,2075317
8362,888,cifar10,88.99,88.78,200,342944,1198461
7942,888,cifar10,92.75,92.57,200,791008,3366198
8260,888,cifar10,92.97,92.53,200,485264,1845941
8372,888,cifar10,91.06,90.93,200,703536,2688125
8000,888,cifar10,89.52,89.06,200,474304,1827901
8763,888,cifar10,92.31,92.13,200,778448,3142589
7470,888,cifar10,91.54,18.4,200,525456,2076341
8305,888,cifar10,88.6,85.94,200,236272,779885
7655,888,cifar10,92.56,91.82,200,798480,3167157
8632,888,cifar10,81.79,76.92,200,286144,1034853
8327,888,cifar10,87.24,63.84,200,350816,1198397
8721,888,cifar10,79.44,10.11,200,210208,797598
8348,888,cifar10,76.1,59.69,200,703728,2712885
8839,888,cifar10,85.96,10.0,200,498688,1870637
8080,888,cifar10,92.75,91.39,200,525360,2076277
8272,888,cifar10,92.1,91.46,200,543920,2076213
8044,888,cifar10,74.36,60.94,200,189936,556138
8796,888,cifar10,91.76,89.4,200,509872,2094118
7988,888,cifar10,75.14,57.39,200,180784,562794
7697,888,cifar10,90.05,86.94,200,495472,2094054
8171,888,cifar10,89.16,21.47,200,491552,1870701
8611,888,cifar10,93.37,93.13,200,780336,3142653
8425,888,cifar10,91.66,91.31,200,522112,1852661
7569,888,cifar10,91.89,91.84,200,449104,1628853
8686,888,cifar10,85.46,81.47,200,213136,797598
8819,888,cifar10,92.18,91.2,200,806256,3167093
8599,888,cifar10,90.89,90.5,200,722320,2737453
7918,888,cifar10,93.38,93.26,200,713744,2904950
8527,888,cifar10,87.84,87.28,200,471408,1635573
8853,888,cifar10,93.26,92.88,200,579088,2505974
8403,888,cifar10,89.96,66.76,200,479712,1828029
8653,888,cifar10,10.0,10.0,200,225904,774517
8888,888,cifar10,88.3,12.08,200,252496,978926
7449,888,cifar10,88.97,86.47,200,311136,1258654
7757,888,cifar10,90.1,11.74,200,311728,1216181
8577,888,cifar10,90.25,89.28,200,373744,1446709
8643,888,cifar10,83.1,16.7,200,535168,2101165
8552,888,cifar10,10.0,10.0,200,178832,569514
8416,888,cifar10,85.94,83.29,200,213136,797598
7898,888,cifar10,90.91,90.14,200,921968,3765110
8146,888,cifar10,86.17,15.53,200,703104,2712885
8381,888,cifar10,10.0,10.0,200,719552,2719413
7439,888,cifar10,90.93,33.15,200,762976,2925181
8294,888,cifar10,89.36,86.63,200,275488,961213
7665,888,cifar10,92.85,92.5,200,753280,2936373
7789,888,cifar10,84.95,81.96,200,705600,2712885
7908,888,cifar10,91.01,89.83,200,776128,3185062
7515,888,cifar10,79.47,48.21,200,190496,556138
7747,888,cifar10,77.69,10.41,200,208336,773030
8874,888,cifar10,90.07,88.44,200,559664,2101165
7869,888,cifar10,87.11,59.69,200,671680,2723750
8181,888,cifar10,89.35,88.85,200,249136,961213
8022,888,cifar10,91.38,90.08,200,699280,2929518
7779,888,cifar10,75.69,66.41,200,454528,1646701
8899,888,cifar10,56.82,10.02,200,182864,574114
8733,888,cifar10,93.93,93.87,200,959344,3771965
7953,888,cifar10,93.18,92.91,200,698832,2706101
8192,888,cifar10,93.27,93.07,200,504288,1851701
7549,888,cifar10,92.34,91.72,200,463424,1863718
8722,888,cifar10,73.34,13.5,200,167216,562794
8473,888,cifar10,89.1,10.92,200,522576,2057725
8339,888,cifar10,89.55,33.48,200,314816,1198397
7977,888,cifar10,88.57,83.85,200,228784,762101
8505,888,cifar10,90.04,88.79,200,326720,1222517
8753,888,cifar10,92.29,91.89,200,789552,3390894
8864,888,cifar10,87.93,81.94,200,446032,1839086
8698,888,cifar10,85.75,10.0,200,551552,2082933
8203,888,cifar10,92.28,91.43,200,760768,2960429
8316,888,cifar10,86.7,14.96,200,424576,1609917
8035,888,cifar10,91.53,90.94,200,510544,1852661
8777,888,cifar10,91.79,22.9,200,773008,2925181
7931,888,cifar10,85.64,31.38,200,482768,1912662
8248,888,cifar10,92.89,92.23,200,966928,3821357
7461,888,cifar10,90.89,89.35,200,556832,2101165
8764,888,cifar10,86.7,33.58,200,225680,768693
8238,888,cifar10,92.21,92.23,200,716256,2688189
7967,888,cifar10,86.95,64.11,200,233904,779885
7721,888,cifar10,91.48,89.48,200,693408,2730669
8158,888,cifar10,92.58,92.46,200,502688,1827965
8101,888,cifar10,93.36,93.41,200,1229168,4863037
8123,888,cifar10,93.53,93.2,200,712976,2929518
8621,888,cifar10,93.92,93.92,200,981296,3995766
8071,888,cifar10,86.69,79.86,200,222288,755317
8001,888,cifar10,89.5,81.78,200,449136,1646701
8393,888,cifar10,86.93,34.54,200,719152,2712885
8936,888,cifar10,92.48,92.23,200,731856,2912125
7539,888,cifar10,88.43,10.05,200,559936,2282493
8709,888,cifar10,90.31,82.25,200,723280,2954214
8516,888,cifar10,89.78,88.65,200,582096,2306869
8665,888,cifar10,91.51,91.06,200,765824,3160174
8011,888,cifar10,90.6,90.33,200,555856,2282429
8948,888,cifar10,91.16,89.35,200,440864,1627893
8350,888,cifar10,73.0,21.51,200,245744,785709
8589,888,cifar10,89.38,88.39,200,270592,961213
8496,888,cifar10,92.23,90.84,200,504704,1858229
7841,888,cifar10,85.78,26.87,200,453488,1688029
8633,888,cifar10,90.25,89.83,200,315888,1216117
8048,888,cifar10,86.28,86.16,200,434912,1610685
8306,888,cifar10,92.46,92.33,200,744592,2912061
7418,888,cifar10,90.74,89.41,200,716704,2712821
8363,888,cifar10,88.97,86.49,200,722032,2730733
7830,888,cifar10,91.69,91.49,200,514432,2050877
8959,888,cifar10,89.93,88.02,200,496592,1870701
8172,888,cifar10,89.26,88.78,200,227584,768693
7886,888,cifar10,92.21,91.73,200,500016,1870637
8059,888,cifar10,93.2,92.98,200,817024,3167221
8841,888,cifar10,92.39,92.13,200,554608,2058813
8283,888,cifar10,91.39,90.35,200,727296,2954278
7800,888,cifar10,92.57,92.5,200,785840,3142589
8578,888,cifar10,75.21,23.96,200,209888,773158
8228,888,cifar10,92.88,92.56,200,1017856,4250862
8373,888,cifar10,84.93,80.01,200,749568,2961261
8830,888,cifar10,85.57,79.84,200,965936,3821421
8924,888,cifar10,92.27,91.79,200,806384,3167029
8688,888,cifar10,90.15,87.96,200,441136,1639917
7471,888,cifar10,86.77,79.3,200,443056,1615605
8566,888,cifar10,93.37,93.29,200,709280,2905014
7860,888,cifar10,92.34,92.07,200,798784,3166133
8612,888,cifar10,91.04,89.38,200,474832,1863654
7919,888,cifar10,90.69,90.89,200,482656,1846005
8091,888,cifar10,91.37,89.57,200,525312,2075381
8743,888,cifar10,88.89,84.96,200,251520,1003558
8797,888,cifar10,88.08,81.26,200,294832,1034917
8540,888,cifar10,92.0,91.97,200,686272,2706165
8601,888,cifar10,93.11,92.84,200,742464,2911869
7943,888,cifar10,87.02,78.9,200,440192,1639917
8261,888,cifar10,88.95,86.55,200,287616,991541
8452,888,cifar10,93.52,93.18,200,1189104,4880622
8485,888,cifar10,93.03,92.83,200,1029936,4250798
8081,888,cifar10,90.3,25.54,200,714672,2737325
8855,888,cifar10,93.89,93.72,200,739120,2911805
8865,888,cifar10,82.24,78.64,200,236688,762037
8113,888,cifar10,92.69,92.35,200,556432,2058621
7428,888,cifar10,90.85,90.68,200,753216,2918781
8464,888,cifar10,92.73,92.51,200,785440,3166133
8528,888,cifar10,92.44,92.26,200,596800,2505974
8405,888,cifar10,91.99,91.87,200,555376,2082933
8273,888,cifar10,91.61,90.62,200,768592,3184998
8655,888,cifar10,54.93,10.29,200,194160,598682
8295,888,cifar10,90.03,86.77,200,314624,1439918
8913,888,cifar10,90.74,90.18,200,494848,1870701
7506,888,cifar10,79.64,46.75,200,187008,549482
7570,888,cifar10,93.8,93.94,200,1182800,4855926
7483,888,cifar10,91.58,91.0,200,487248,1877165
8810,888,cifar10,87.46,73.07,200,456448,1863526
7780,888,cifar10,89.77,87.3,200,305568,1010541
7494,888,cifar10,92.85,92.53,200,768064,3184806
8474,888,cifar10,89.08,88.94,200,369520,1422333
7820,888,cifar10,92.52,91.85,200,753280,2936309
8889,888,cifar10,88.38,80.58,200,258016,1003558
8382,888,cifar10,91.31,56.84,200,560720,2083189
7909,888,cifar10,92.91,92.9,200,769600,2918909
8183,888,cifar10,10.0,10.0,200,162560,544946
7450,888,cifar10,92.21,92.18,200,500032,1828029
7516,888,cifar10,75.77,58.51,200,187968,562794
8553,888,cifar10,92.08,91.76,200,566336,2324710
7790,888,cifar10,91.9,23.93,200,766416,2943413
7722,888,cifar10,92.06,74.64,200,485248,1821437
8876,888,cifar10,88.89,88.1,200,745488,2918653
8970,888,cifar10,89.24,85.53,200,527632,1877229
8723,888,cifar10,92.65,92.6,200,769008,3135542
9002,888,cifar10,92.42,92.07,200,504432,2044854
8036,888,cifar10,75.06,60.74,200,495936,1852725
8193,888,cifar10,87.42,80.69,200,231648,979118
8788,888,cifar10,87.96,79.83,200,497280,1870381
7989,888,cifar10,92.96,92.9,200,714896,2929646
8676,888,cifar10,87.88,87.58,200,971792,3802869
8778,888,cifar10,86.93,82.63,200,221536,755445
8023,888,cifar10,88.63,34.59,200,717184,2755365
8204,888,cifar10,83.66,67.44,200,438160,1596605
8755,888,cifar10,89.91,89.75,200,456672,1622261
8666,888,cifar10,91.08,90.29,200,285904,1209198
7440,888,cifar10,86.14,82.32,200,457984,1863526
9024,888,cifar10,75.53,24.54,200,443056,1627957
8820,888,cifar10,87.09,50.26,200,672400,2723686
8351,888,cifar10,87.33,83.46,200,278176,1010413
8072,888,cifar10,84.52,74.28,200,245312,811109
8901,888,cifar10,93.15,93.12,200,815488,3390766
7932,888,cifar10,91.94,91.4,200,541808,2082677
7870,888,cifar10,92.78,92.48,200,482816,1827965
8340,888,cifar10,91.19,89.81,200,763456,2961325
8394,888,cifar10,92.83,92.01,200,518064,2094374
8580,888,cifar10,73.38,19.69,200,237632,804517
7810,888,cifar10,10.0,10.0,200,441296,1635573
8831,888,cifar10,91.23,88.46,200,459344,1839086
7527,888,cifar10,91.72,91.4,200,458592,1863718
8215,888,cifar10,88.77,18.92,200,736592,2718517
8765,888,cifar10,10.0,10.0,200,289136,999157
7462,888,cifar10,89.01,88.48,200,472192,1827965
7954,888,cifar10,89.47,88.69,200,357760,1422333
9013,888,cifar10,92.4,92.18,200,781648,2918781
8060,888,cifar10,88.94,8.5,200,296400,998197
8689,888,cifar10,88.53,85.51,200,288688,992565
8699,888,cifar10,10.0,10.0,200,448192,1634549
8541,888,cifar10,80.8,57.08,200,459024,1622197
8092,888,cifar10,92.72,92.34,200,504512,2044854
8364,888,cifar10,90.62,90.29,200,511632,1858229
8307,888,cifar10,92.43,92.24,200,713840,2730733
8634,888,cifar10,91.17,90.92,200,574496,2083125
8645,888,cifar10,75.64,20.64,200,424608,1633318
8317,888,cifar10,10.0,10.0,200,495168,1840573
8374,888,cifar10,88.81,88.47,200,535872,2058493
8239,888,cifar10,91.63,90.84,200,511360,1845941
7920,888,cifar10,75.52,61.11,200,457072,1628853
8622,888,cifar10,92.69,29.06,200,1048032,4232957
8443,888,cifar10,86.93,19.19,200,302688,1010413
8249,888,cifar10,90.87,88.87,200,496400,1846005
8002,888,cifar10,93.95,93.42,200,985760,4020398
8613,888,cifar10,59.71,12.94,200,188288,549482
8992,888,cifar10,92.54,92.39,200,987600,4020462
7887,888,cifar10,89.49,10.85,200,531008,2118814
8102,888,cifar10,93.59,93.38,200,1266496,5316662
7550,888,cifar10,92.87,92.67,200,540672,2083253
8657,888,cifar10,87.47,66.07,200,450208,1615605
8843,888,cifar10,91.28,90.76,200,536928,2100909
8506,888,cifar10,92.08,92.08,200,944512,3772221
8284,888,cifar10,92.88,92.21,200,574528,2530670
8856,888,cifar10,75.44,9.51,200,324256,1223157
8137,888,cifar10,92.1,91.94,200,488768,1852725
8744,888,cifar10,90.23,80.74,200,531824,1877357
8486,888,cifar10,92.15,90.53,200,507152,2069358
9037,888,cifar10,92.16,91.81,200,696208,2681533
8049,888,cifar10,92.78,92.31,200,781360,3184742
8082,888,cifar10,92.47,92.2,200,491072,1851637
7540,888,cifar10,84.94,79.23,200,458640,1645677
8329,888,cifar10,54.25,10.72,200,194144,598682
9085,888,cifar10,87.55,71.27,200,463424,1639917
8383,888,cifar10,88.74,88.2,200,253600,985845
7571,888,cifar10,88.54,77.38,200,268896,793261
8465,888,cifar10,90.96,88.42,200,501056,1852725
7472,888,cifar10,88.51,87.32,200,254864,1003558
8274,888,cifar10,10.0,10.0,200,154032,538290
8798,888,cifar10,91.61,91.04,200,559120,2300014
8925,888,cifar10,87.06,83.67,200,260144,786605
9131,888,cifar10,73.11,16.64,200,236464,786669
8159,888,cifar10,93.85,93.61,200,748192,3135542
8173,888,cifar10,88.1,79.8,200,662448,2699246
8529,888,cifar10,93.64,93.38,200,930704,3765110
7944,888,cifar10,92.01,91.24,200,773216,2961325
8735,888,cifar10,91.92,91.77,200,712160,2706101
8297,888,cifar10,88.95,84.89,200,544864,2076213
8406,888,cifar10,93.63,93.51,200,733888,2929518
8517,888,cifar10,10.0,10.0,200,505088,1859381
8811,888,cifar10,75.26,60.25,200,181008,580770
7861,888,cifar10,88.86,88.35,200,470144,1846005
9062,888,cifar10,91.2,87.89,200,516240,1870381
9109,888,cifar10,91.62,91.43,200,515616,1859253
7831,888,cifar10,90.19,64.15,200,707728,2929518
8475,888,cifar10,74.77,27.94,200,179776,556138
8114,888,cifar10,93.72,93.35,200,974144,4020462
8418,888,cifar10,88.83,84.39,200,223968,762037
8938,888,cifar10,91.89,90.94,200,936496,3814694
8229,888,cifar10,91.03,62.45,200,714608,2706165
7850,888,cifar10,92.84,92.5,200,769616,3142589
7842,888,cifar10,91.87,91.64,200,993632,4002429
9072,888,cifar10,92.14,92.14,200,484672,1821437
8453,888,cifar10,87.58,65.9,200,474768,1888094
8866,888,cifar10,88.54,78.49,200,472448,1863590
8038,888,cifar10,79.67,20.23,200,208368,748334
8395,888,cifar10,91.33,89.25,200,453760,1622261
9098,888,cifar10,92.54,92.32,200,797216,3142653
7979,888,cifar10,88.17,83.72,200,436704,1615605
8756,888,cifar10,89.11,27.58,200,323360,1216117
8877,888,cifar10,93.51,93.38,200,746928,3160174
8554,888,cifar10,91.27,90.28,200,553536,2324838
8262,888,cifar10,85.01,79.65,200,562240,2083189
7910,888,cifar10,90.01,89.37,200,266576,985781
9120,888,cifar10,92.29,44.99,200,980240,3796661
9142,888,cifar10,89.53,87.13,200,335264,1216053
8779,888,cifar10,91.14,28.74,200,550208,2076341
8184,888,cifar10,91.81,91.75,200,454208,1839214
8902,888,cifar10,91.22,91.08,200,481728,1888094
8677,888,cifar10,89.91,76.36,200,693968,2723750
8603,888,cifar10,88.93,86.04,200,233392,762037
8821,888,cifar10,91.71,90.75,200,722096,2929518
8073,888,cifar10,88.09,10.21,200,499728,1877101
7990,888,cifar10,92.85,92.27,200,935824,3789678
8341,888,cifar10,92.49,92.18,200,734080,2936437
8832,888,cifar10,92.21,91.94,200,537168,2058557
7801,888,cifar10,93.52,93.03,200,972528,4020398
8951,888,cifar10,87.25,79.11,200,232368,978926
9049,888,cifar10,93.53,93.33,200,1460144,5971118
9188,888,cifar10,91.86,63.05,200,697456,2706229
8352,888,cifar10,93.23,93.25,200,984704,4002813
8635,888,cifar10,84.79,65.23,200,689792,2723878
8746,888,cifar10,89.69,87.98,200,487840,1821373
7812,888,cifar10,78.9,32.14,200,413280,1608622
9200,888,cifar10,86.59,86.34,200,289152,992629
8013,888,cifar10,89.32,10.04,200,311664,1198525
8205,888,cifar10,89.68,88.08,200,294816,1209326
8700,888,cifar10,87.78,85.86,200,503888,1895077
9177,888,cifar10,10.0,10.0,200,179408,569514
8591,888,cifar10,91.04,89.6,200,508176,2094246
9132,888,cifar10,87.35,51.3,200,446944,1639981
8623,888,cifar10,92.03,90.21,200,526064,2101037
8174,888,cifar10,88.17,10.37,200,255312,978926
7969,888,cifar10,79.58,49.97,200,444128,1640045
8024,888,cifar10,86.88,71.0,200,456544,1863526
8846,888,cifar10,90.88,89.97,200,505072,2094118
8061,888,cifar10,88.4,80.7,200,260192,786477
8582,888,cifar10,10.0,10.0,200,242400,793197
8138,888,cifar10,73.47,13.82,200,444000,1664613
8240,888,cifar10,86.95,51.51,200,449088,1615605
9063,888,cifar10,80.5,75.23,200,241200,786733
7871,888,cifar10,91.47,90.0,200,695056,2706165
8285,888,cifar10,93.83,89.69,200,758800,2917949
9165,888,cifar10,91.34,89.36,200,480112,1846005
8667,888,cifar10,92.44,92.13,200,572688,2282493
8444,888,cifar10,87.02,62.53,200,244336,1003430
8982,888,cifar10,91.99,58.21,200,1013568,4027445
8365,888,cifar10,91.64,90.51,200,1018528,4009341
8917,888,cifar10,88.93,29.28,200,275888,1010413
8507,888,cifar10,89.25,85.36,200,226624,762037
8409,888,cifar10,90.98,90.91,200,451424,1640045
7821,888,cifar10,92.88,92.18,200,817120,3167093
8766,888,cifar10,87.18,43.29,200,456576,1863526
8275,888,cifar10,92.37,39.04,200,752096,2917949
7921,888,cifar10,92.22,91.68,200,966816,3820397
8736,888,cifar10,93.73,93.5,200,739664,2911805
7561,888,cifar10,91.42,89.59,200,488704,1851637
8569,888,cifar10,92.02,91.81,200,535872,2058493
8384,888,cifar10,89.88,56.24,200,706048,2729709
9211,888,cifar10,92.37,92.02,200,986752,3821485
9014,888,cifar10,69.97,17.52,200,458496,1689245
8971,888,cifar10,90.7,41.66,200,717232,2755237
8093,888,cifar10,93.35,92.81,200,1228960,4887541
8556,888,cifar10,86.77,78.26,200,245168,779885
8375,888,cifar10,91.89,91.77,200,687088,2688125
9245,888,cifar10,89.44,88.59,200,359392,1222133
8298,888,cifar10,84.88,37.22,200,507344,1877229
8867,888,cifar10,90.31,89.34,200,302256,1184694
9234,888,cifar10,88.83,88.26,200,273312,967805
9110,888,cifar10,86.93,82.81,200,282256,1010413
8127,888,cifar10,86.28,75.68,200,285712,974653
8115,888,cifar10,91.91,41.81,200,522320,2051965
8194,888,cifar10,92.76,92.31,200,739648,2954278
9003,888,cifar10,91.3,89.06,200,933040,3814630
8926,888,cifar10,92.44,91.98,200,738176,2961261
8498,888,cifar10,92.5,92.3,200,1228496,4887541
8419,888,cifar10,89.13,27.56,200,287648,991669
7551,888,cifar10,90.76,90.29,200,340096,1198461
9282,888,cifar10,86.46,86.05,200,159696,556138
8487,888,cifar10,88.7,85.82,200,274416,1010477
8812,888,cifar10,90.09,88.16,200,271328,961213
8216,888,cifar10,93.97,93.65,200,752672,3135542
9221,888,cifar10,91.81,90.8,200,738512,2979038
7955,888,cifar10,91.91,91.77,200,738208,2918717
8857,888,cifar10,93.0,92.95,200,707952,2905014
8518,888,cifar10,91.55,91.14,200,764816,2936309
8103,888,cifar10,91.67,91.07,200,501504,1870701
8604,888,cifar10,83.91,83.6,200,154144,507066
9073,888,cifar10,88.78,86.05,200,313072,1017069
8939,888,cifar10,91.39,89.79,200,722224,2730861
8454,888,cifar10,90.18,74.32,200,493840,1852661
8780,888,cifar10,88.64,81.65,200,234128,786477
9086,888,cifar10,91.99,88.71,200,996464,4045222
8250,888,cifar10,91.75,89.2,200,542096,2076213
8466,888,cifar10,91.11,91.1,200,482432,1845941
8150,888,cifar10,90.48,87.73,200,566304,2324838
8476,888,cifar10,91.97,91.98,200,570320,2305973
8799,888,cifar10,78.79,10.0,200,435920,1682262
8747,888,cifar10,57.81,12.39,200,193264,574114
9099,888,cifar10,93.95,93.78,200,729904,2918717
8952,888,cifar10,90.0,89.31,200,259104,985845
8342,888,cifar10,85.29,12.06,200,246656,804581
9143,888,cifar10,89.81,85.04,200,490336,1870381
8330,888,cifar10,91.92,91.76,200,717120,2706101
8757,888,cifar10,88.69,9.98,200,752032,2918909
8903,888,cifar10,75.9,62.85,200,179968,556138
9178,888,cifar10,88.93,84.57,200,240896,762101
8678,888,cifar10,92.34,16.35,200,762576,2918845
8083,888,cifar10,88.69,85.86,200,491232,1870573
8186,888,cifar10,84.77,30.71,200,517328,1877165
9258,888,cifar10,91.66,90.65,200,730592,2978974
9190,888,cifar10,92.26,92.03,200,530256,2051837
9038,888,cifar10,92.32,92.18,200,753136,2936309
9121,888,cifar10,93.63,92.71,200,930272,3789678
8319,888,cifar10,91.94,62.24,200,752032,2918077
8530,888,cifar10,92.54,92.25,200,747360,2911997
8139,888,cifar10,89.23,88.1,200,214000,744061
7541,888,cifar10,92.28,91.59,200,752048,2936501
9051,888,cifar10,10.0,10.0,200,162704,545010
8445,888,cifar10,69.43,15.08,200,193376,556138
8160,888,cifar10,92.21,90.86,200,542288,2300206
8725,888,cifar10,92.85,92.52,200,970080,3995638
8062,888,cifar10,86.28,85.84,200,424336,1604221
8833,888,cifar10,91.72,91.0,200,528656,2082869
9201,888,cifar10,89.16,76.83,200,390176,1652541
9331,888,cifar10,86.14,59.49,200,257920,1027870
7862,888,cifar10,90.98,90.84,200,533824,2076213
9167,888,cifar10,77.94,10.42,200,219792,797534
9309,888,cifar10,85.93,45.78,200,452800,1689181
9064,888,cifar10,89.9,89.63,200,275056,985781
8592,888,cifar10,93.76,93.59,200,552784,2275382
8737,888,cifar10,86.57,14.11,200,278912,967869
8963,888,cifar10,85.0,80.83,200,971488,3803381
8878,888,cifar10,88.7,88.4,200,488672,1852725
7851,888,cifar10,91.51,90.01,200,533856,2076213
9027,888,cifar10,91.64,87.64,200,947840,3814566
8822,888,cifar10,91.37,90.41,200,983728,4045222
9319,888,cifar10,88.44,83.61,200,543504,2076213
9133,888,cifar10,92.57,92.18,200,763232,2936309
8467,888,cifar10,73.41,17.03,200,164272,580770
8430,888,cifar10,80.33,59.41,200,251504,779885
8354,888,cifar10,10.0,10.0,200,432560,1628853
7832,888,cifar10,92.58,91.85,200,941312,3789678
9270,888,cifar10,92.16,91.91,200,572848,2282493
8790,888,cifar10,10.0,10.0,200,458112,1653421
8116,888,cifar10,89.21,62.86,200,491168,1827965
8276,888,cifar10,93.32,93.19,200,500704,1845941
8767,888,cifar10,91.21,91.23,200,508384,1852533
8636,888,cifar10,92.28,92.11,200,533760,2051709
8206,888,cifar10,88.9,85.18,200,473072,1863590
8309,888,cifar10,91.48,90.25,200,499360,2069358
9342,888,cifar10,89.95,87.03,200,346672,1439918
8583,888,cifar10,92.39,92.39,200,484144,1821309
8953,888,cifar10,79.81,27.39,200,189024,549482
8701,888,cifar10,91.36,91.27,200,472016,1846005
9222,888,cifar10,84.17,77.32,200,263728,793133
8410,888,cifar10,91.37,34.02,200,743760,2936501
8625,888,cifar10,93.34,93.27,200,836496,3596342
9075,888,cifar10,86.39,82.43,200,285744,974589
8094,888,cifar10,92.24,91.87,200,524368,2069358
7991,888,cifar10,91.85,91.37,200,713280,2712885
8659,888,cifar10,92.22,90.8,200,507248,1877293
7957,888,cifar10,89.03,88.75,200,289152,992629
9365,888,cifar10,91.22,91.23,200,689456,2706165
8128,888,cifar10,84.49,82.5,200,478304,1877293
8570,888,cifar10,84.88,73.49,200,294912,1034917
7872,888,cifar10,76.22,64.67,200,232944,768693
8715,888,cifar10,90.78,90.16,200,341696,1415222
8499,888,cifar10,86.84,84.16,200,706336,2730861
9246,888,cifar10,91.99,91.82,200,421184,1596541
9283,888,cifar10,90.09,87.43,200,680128,2723814
8477,888,cifar10,73.33,27.79,200,450304,1646893
9235,888,cifar10,92.74,92.5,200,558240,2306933
8488,888,cifar10,88.39,44.9,200,508080,1870509
8051,888,cifar10,79.8,51.88,200,458304,1640045
8905,888,cifar10,89.46,87.87,200,286160,985781
7843,888,cifar10,93.03,93.06,200,1031984,4027445
8286,888,cifar10,92.58,91.93,200,1004608,4251054
9212,888,cifar10,91.8,90.73,200,759792,3160174
9354,888,cifar10,92.51,92.3,200,993216,4226294
9259,888,cifar10,74.89,18.39,200,245424,793389
8648,888,cifar10,75.3,26.68,200,513136,1852661
9111,888,cifar10,92.47,91.57,200,540864,2324518
8972,888,cifar10,87.8,78.04,200,445936,1839086
8084,888,cifar10,89.33,10.32,200,520992,2051965
8813,888,cifar10,91.96,91.84,200,770368,2943093
8195,888,cifar10,89.34,85.37,200,307008,992501
9399,888,cifar10,92.17,92.24,200,441120,1635573
8397,888,cifar10,91.58,91.17,200,781264,3184870
9039,888,cifar10,85.28,83.66,200,452656,1646893
9388,888,cifar10,90.95,89.34,200,712000,2730733
9144,888,cifar10,91.61,90.38,200,518672,2076341
8679,888,cifar10,92.08,91.95,200,552320,2057597
8605,888,cifar10,87.01,16.48,200,690064,2773014
8104,888,cifar10,93.4,93.1,200,773408,3160174
9154,888,cifar10,92.06,92.02,200,472080,1827965
8927,888,cifar10,10.0,10.0,200,457072,1653485
9422,888,cifar10,90.0,87.86,200,461520,1664677
8781,888,cifar10,88.77,88.28,200,244176,786669
8420,888,cifar10,91.37,91.31,200,1233648,4869501
8455,888,cifar10,92.36,92.11,200,751824,2961197
9122,888,cifar10,90.79,90.61,200,530480,2058557
9100,888,cifar10,91.25,90.25,200,555088,2101101
8748,888,cifar10,87.37,66.35,200,449008,1640045
9434,888,cifar10,88.58,75.16,200,282304,1010221
8331,888,cifar10,91.4,90.87,200,553184,2324646
9004,888,cifar10,92.44,92.44,200,748688,2911869
8367,888,cifar10,88.37,83.93,200,243808,755445
9065,888,cifar10,92.05,91.87,200,484768,1845941
9297,888,cifar10,91.16,89.15,200,511360,2118814
8800,888,cifar10,84.67,27.01,200,238864,804645
8738,888,cifar10,88.53,10.0,200,254864,1003494
9191,888,cifar10,91.43,90.2,200,569728,2306933
9180,888,cifar10,91.62,90.33,200,755920,3184678
8954,888,cifar10,86.57,86.08,200,165744,531634
8310,888,cifar10,80.94,54.83,200,194272,797662
8593,888,cifar10,92.45,65.05,200,702672,2688125
9134,888,cifar10,75.77,61.36,200,242016,775413
8343,888,cifar10,93.13,92.51,200,1035296,4233085
9410,888,cifar10,91.29,88.22,200,558352,2324902
8858,888,cifar10,92.02,90.63,200,509216,2094374
9168,888,cifar10,91.83,91.68,200,746736,2911805
8509,888,cifar10,86.71,76.35,200,244336,779757
8557,888,cifar10,93.06,92.88,200,962512,3995766
8251,888,cifar10,91.19,91.02,200,715776,2694973
8693,888,cifar10,92.33,91.78,200,777120,2941685
8834,888,cifar10,92.3,91.75,200,758768,2935477
8660,888,cifar10,87.25,63.77,200,235136,755445
8940,888,cifar10,91.22,88.33,200,704512,2730861
9378,888,cifar10,87.29,64.7,200,667584,2723814
8964,888,cifar10,89.63,89.14,200,258688,961213
8355,888,cifar10,91.56,91.35,200,538608,2064893
8217,888,cifar10,91.76,53.72,200,534240,2082933
9457,888,cifar10,87.63,10.0,200,299312,1010285
8161,888,cifar10,90.14,83.17,200,723232,2755237
8716,888,cifar10,75.92,64.07,200,173072,538290
8879,888,cifar10,84.16,81.73,200,511600,1858485
7822,888,cifar10,88.36,84.87,200,763504,2961261
9052,888,cifar10,93.51,92.95,200,987168,4020398
8432,888,cifar10,92.05,92.03,200,529024,2076277
9028,888,cifar10,90.99,89.55,200,550752,2100333
8545,888,cifar10,89.01,10.29,200,310304,1216117
8892,888,cifar10,89.98,87.85,200,449568,1639917
8533,888,cifar10,92.05,91.87,200,494608,1845941
8265,888,cifar10,91.02,90.91,200,476656,1646701
9320,888,cifar10,92.23,90.84,200,508336,2094118
8616,888,cifar10,92.96,92.73,200,988304,4045030
7852,888,cifar10,84.6,80.75,200,467552,1628725
9510,888,cifar10,86.87,31.05,200,486096,1828029
8994,888,cifar10,79.03,30.8,200,449408,1622261
8791,888,cifar10,91.95,91.73,200,755184,2936373
9486,888,cifar10,89.26,9.61,200,505984,1852725
9445,888,cifar10,90.01,88.63,200,548608,2101037
8869,888,cifar10,92.2,11.78,200,725840,2719477
9310,888,cifar10,92.31,91.83,200,1008368,4027381
8231,888,cifar10,87.64,80.91,200,431808,1615541
9236,888,cifar10,87.35,10.25,200,285840,1010541
8637,888,cifar10,86.59,82.5,200,505680,1877165
8768,888,cifar10,92.77,92.62,200,580000,2505974
9260,888,cifar10,91.72,91.79,200,434608,1622197
9040,888,cifar10,86.63,86.45,200,209360,744061
9520,888,cifar10,10.0,10.0,200,154144,544562
9472,888,cifar10,89.6,81.35,200,498656,1870381
8500,888,cifar10,91.82,91.18,200,520640,1852533
8571,888,cifar10,85.41,73.43,200,471024,1888158
8277,888,cifar10,92.81,92.4,200,965968,3796533
9223,888,cifar10,89.17,13.89,200,741072,2936501
8919,888,cifar10,92.19,91.87,200,827824,3372925
9534,888,cifar10,90.07,65.38,200,494288,1845941
8702,888,cifar10,91.92,91.35,200,574576,2082165
9090,888,cifar10,87.37,83.56,200,283904,1034917
9423,888,cifar10,83.9,83.29,200,228320,755445
9145,888,cifar10,84.72,80.35,200,229984,811109
9355,888,cifar10,86.99,12.31,200,302208,1017069
8332,888,cifar10,86.31,85.83,200,184144,556138
8649,888,cifar10,93.85,93.58,200,697888,2687165
8411,888,cifar10,92.86,92.53,200,771104,3160238
8287,888,cifar10,88.29,80.73,200,256576,1027806
8823,888,cifar10,91.02,89.1,200,465536,1863718
8584,888,cifar10,89.62,89.13,200,469072,1821373
9333,888,cifar10,91.75,90.27,200,525216,2075253
9284,888,cifar10,81.11,74.67,200,246800,768693
9567,888,cifar10,91.09,34.32,200,493904,1852533
8377,888,cifar10,92.03,91.72,200,533120,2076213
8814,888,cifar10,89.42,75.9,200,382112,1422461
7863,888,cifar10,83.87,40.9,200,476688,1912662
9544,888,cifar10,10.0,10.0,200,217136,768693
9499,888,cifar10,92.58,92.11,200,774816,3160238
8489,888,cifar10,92.0,91.56,200,758096,2936373
8479,888,cifar10,90.83,86.31,200,722112,2730605
9581,888,cifar10,79.09,10.0,200,435408,1657758
8848,888,cifar10,92.88,92.86,200,769616,3142589
8456,888,cifar10,80.12,28.48,200,226720,779885
8928,888,cifar10,82.13,71.74,200,474384,1646893
9076,888,cifar10,89.43,85.72,200,276656,1010477
7873,888,cifar10,89.96,26.3,200,284272,985845
9155,888,cifar10,76.07,66.35,200,249472,793197
7833,888,cifar10,91.77,90.61,200,500912,1870445
9638,888,cifar10,75.27,65.87,200,173760,538290
9555,888,cifar10,89.38,85.1,200,723504,2755301
9123,888,cifar10,89.93,72.65,200,495104,1845941
9650,888,cifar10,86.61,32.88,200,212848,750781
9135,888,cifar10,88.68,85.57,200,288672,967805
9298,888,cifar10,91.52,89.65,200,459328,1839086
8759,888,cifar10,88.51,87.58,200,446448,1814454
9247,888,cifar10,77.39,10.01,200,434096,1657694
8801,888,cifar10,91.99,91.83,200,467920,1635509
9366,888,cifar10,92.48,92.39,200,545040,2057661
8421,888,cifar10,10.0,10.0,200,416656,1617597
9112,888,cifar10,92.62,92.33,200,1039008,4008253
8607,888,cifar10,91.14,89.94,200,544304,2101037
8749,888,cifar10,91.81,64.68,200,745440,2918717
8661,888,cifar10,88.73,10.16,200,496768,1833853
8520,888,cifar10,89.61,60.96,200,482656,1827133
8242,888,cifar10,91.9,91.73,200,682240,2723878
8196,888,cifar10,80.55,66.92,200,244000,1027998
9411,888,cifar10,92.25,91.67,200,496000,1852725
9005,888,cifar10,73.41,31.94,200,189248,556138
9101,888,cifar10,92.77,91.64,200,743728,2943029
8955,888,cifar10,91.85,91.85,200,428032,1597373
9627,888,cifar10,89.76,77.34,200,491056,1870381
9192,888,cifar10,90.42,82.97,200,934288,3789678
8252,888,cifar10,88.77,88.21,200,426528,1590781
8594,888,cifar10,91.82,89.43,200,563168,2101165
8232,888,cifar10,10.0,10.0,200,129472,520378
8638,888,cifar10,86.76,86.37,200,257280,967805
9662,888,cifar10,86.91,83.65,200,228544,755445
8501,888,cifar10,75.32,59.71,200,177248,562794
8728,888,cifar10,87.91,83.53,200,459312,1671077
8973,888,cifar10,92.49,92.53,200,736832,3135542
9446,888,cifar10,91.74,91.8,200,442512,1622197
9345,888,cifar10,92.05,91.75,200,495664,1870701
9357,888,cifar10,90.18,89.42,200,262720,961213
9458,888,cifar10,90.49,39.27,200,333984,1240941
8941,888,cifar10,90.82,90.36,200,993616,3778877
8447,888,cifar10,91.76,91.6,200,696576,2706165
9017,888,cifar10,88.12,83.87,200,464560,1839022
9591,888,cifar10,89.34,78.61,200,491264,1870381
9224,888,cifar10,88.12,86.55,200,442144,1615605
9425,888,cifar10,86.39,13.55,200,421792,1622261
9436,888,cifar10,93.26,93.17,200,1423456,5946678
9262,888,cifar10,79.26,27.78,200,248112,786413
8717,888,cifar10,86.53,51.68,200,239744,779885
8870,888,cifar10,86.91,10.05,200,266912,1027806
8694,888,cifar10,88.92,85.84,200,242672,779885
9041,888,cifar10,92.0,92.01,200,704016,2688125
9379,888,cifar10,91.89,91.54,200,462272,1820477
9053,888,cifar10,91.97,91.17,200,744672,2936437
8739,888,cifar10,91.41,91.36,200,472016,1846005
8546,888,cifar10,88.81,86.03,200,527680,1877229
9321,888,cifar10,89.55,81.81,200,321824,1241005
8965,888,cifar10,89.51,88.81,200,302384,1191485
9311,888,cifar10,10.0,10.0,200,168176,544946
8558,888,cifar10,88.32,83.83,200,446784,1839086
9535,888,cifar10,85.04,76.68,200,490592,1852725
9181,888,cifar10,90.95,89.77,200,499232,1870637
9237,888,cifar10,88.26,87.84,200,242304,755445
8792,888,cifar10,10.0,10.0,200,208240,757501
9401,888,cifar10,88.91,85.67,200,250336,779885
8469,888,cifar10,88.16,87.47,200,228080,804517
9487,888,cifar10,92.85,92.66,200,936944,3789806
9511,888,cifar10,91.67,91.13,200,588752,2306869
8356,888,cifar10,91.6,80.91,200,979008,3821485
9697,888,cifar10,92.61,92.32,200,510640,1845941
9334,888,cifar10,90.14,88.75,200,328800,1216053
9214,888,cifar10,80.29,35.81,200,228752,804645
8572,888,cifar10,93.66,93.47,200,770320,3135542
8893,888,cifar10,88.2,81.17,200,463840,1839022
8703,888,cifar10,90.54,90.43,200,736576,2719093
8412,888,cifar10,89.3,88.4,200,359520,1221941
9675,888,cifar10,92.55,92.48,200,599792,2282493
9733,888,cifar10,88.38,87.86,200,233056,804581
8650,888,cifar10,90.96,90.37,200,540576,2076277
8769,888,cifar10,78.02,13.28,200,211280,797534
8585,888,cifar10,90.67,90.6,200,716112,2719477
9708,888,cifar10,89.25,82.25,200,291232,1017069
8824,888,cifar10,93.34,93.22,200,769536,2918909
9473,888,cifar10,88.99,88.52,200,267808,967869
9066,888,cifar10,91.72,90.3,200,914240,3789806
9285,888,cifar10,91.92,91.74,200,533024,2076213
9203,888,cifar10,91.86,91.41,200,496048,1851893
8783,888,cifar10,92.4,92.17,200,483376,1845813
9194,888,cifar10,79.29,56.18,200,174080,524978
8670,888,cifar10,92.4,92.3,200,531024,2051645
8920,888,cifar10,92.38,91.88,200,771616,3160238
8617,888,cifar10,92.39,92.22,200,718128,2905014
8387,888,cifar10,93.19,92.96,200,1248688,5093245
8859,888,cifar10,92.24,91.9,200,753184,2936373
7853,888,cifar10,86.49,54.09,200,462368,1863526
9639,888,cifar10,91.35,33.12,200,711952,2706165
9146,888,cifar10,92.21,92.29,200,968656,3796533
8984,888,cifar10,88.22,86.95,200,527680,1876397
8534,888,cifar10,92.28,92.13,200,545184,2058813
9582,888,cifar10,91.92,90.43,200,793872,2942773
9556,888,cifar10,91.62,90.5,200,518048,2069486
8490,888,cifar10,92.08,91.72,200,801312,3142653
9125,888,cifar10,79.93,74.27,200,495984,1852725
9077,888,cifar10,92.03,91.83,200,968768,3785277
8219,888,cifar10,91.58,91.57,200,802048,3142653
8480,888,cifar10,92.4,17.6,200,832992,3373053
9299,888,cifar10,89.78,11.63,200,356032,1446837
8995,888,cifar10,91.85,90.73,200,495216,1870701
9113,888,cifar10,88.42,9.79,200,497056,1877229
9272,888,cifar10,92.81,92.32,200,757424,3160238
9521,888,cifar10,91.98,91.8,200,737136,2706101
9156,888,cifar10,93.39,93.05,200,771984,3160238
8682,888,cifar10,87.26,83.61,200,712112,2755301
9546,888,cifar10,73.78,30.55,200,449296,1664805
9249,888,cifar10,10.0,10.0,200,415968,1604221
8929,888,cifar10,92.71,92.15,200,751968,2961197
8627,888,cifar10,92.79,92.72,200,818512,3372925
9607,888,cifar10,72.61,10.16,200,246848,786541
9720,888,cifar10,92.36,18.87,200,1204992,4863101
9412,888,cifar10,82.02,77.13,200,212992,762101
8956,888,cifar10,87.52,10.0,200,267584,1027934
9380,888,cifar10,89.72,89.08,200,219872,744061
8457,888,cifar10,92.86,92.6,200,1000816,4027317
8802,888,cifar10,91.2,90.36,200,748176,2961325
9136,888,cifar10,91.85,91.53,200,455040,1839214
9030,888,cifar10,88.71,12.08,200,738592,2712885
8750,888,cifar10,91.5,90.68,200,753232,2936437
9628,888,cifar10,85.36,61.66,200,260608,1028126
9651,888,cifar10,91.75,89.38,200,781200,3184998
9368,888,cifar10,92.11,91.68,200,738752,2961197
8434,888,cifar10,92.36,92.17,200,554544,2057597
9447,888,cifar10,83.65,79.92,200,458784,1646701
9743,888,cifar10,93.88,93.66,200,743712,2911869
9358,888,cifar10,89.01,12.29,200,494208,2069358
9323,888,cifar10,89.85,10.0,200,470416,1839086
9170,888,cifar10,91.42,90.86,200,525184,2075381
8639,888,cifar10,91.26,46.96,200,727424,2712821
8422,888,cifar10,91.92,91.89,200,707792,2688125
9459,888,cifar10,91.99,91.86,200,550224,2076277
9570,888,cifar10,10.0,10.0,200,707760,2719477
9312,888,cifar10,68.73,14.66,200,259744,792621
8966,888,cifar10,89.23,87.25,200,281936,1010413
9018,888,cifar10,89.38,84.29,200,309552,1234214
9402,888,cifar10,86.71,84.79,200,303392,999157
8209,888,cifar10,92.51,91.91,200,522400,2275382
8740,888,cifar10,10.0,10.0,200,162544,545010
9287,888,cifar10,73.5,11.97,200,189328,574114
8895,888,cifar10,89.64,88.91,200,243168,762037
8881,888,cifar10,82.52,30.89,200,507280,1876205
9754,888,cifar10,87.01,78.68,200,235120,779885
9426,888,cifar10,90.8,33.82,200,717568,2711925
8871,888,cifar10,88.78,69.61,200,397760,1652541
9676,888,cifar10,80.79,74.84,200,275584,992565
8521,888,cifar10,75.94,64.62,200,447616,1628853
8729,888,cifar10,92.71,92.36,200,553104,2324646
8718,888,cifar10,92.67,92.0,200,758864,2936309
8547,888,cifar10,93.22,49.9,200,790544,3142781
9536,888,cifar10,89.7,88.88,200,343472,1464550
9182,888,cifar10,85.59,46.36,200,474320,1888286
9238,888,cifar10,88.21,87.88,200,750944,2918653
8907,888,cifar10,92.45,91.98,200,1215024,4887413
9734,888,cifar10,75.5,64.91,200,453424,1628917
9501,888,cifar10,92.02,91.59,200,509264,2069358
8849,888,cifar10,93.39,93.39,200,972368,4020462
8793,888,cifar10,91.13,90.56,200,562128,2081525
8560,888,cifar10,91.76,91.22,200,713808,2730605
9512,888,cifar10,90.99,90.29,200,562112,2082293
9225,888,cifar10,92.4,92.19,200,1004544,3802485
8836,888,cifar10,92.24,92.08,200,505152,1852597
8233,888,cifar10,92.41,92.21,200,532368,2058557
9263,888,cifar10,92.42,91.69,200,966864,3821357
8921,888,cifar10,82.83,36.88,200,445856,1664677
9799,888,cifar10,89.04,86.43,200,239536,762101
9147,888,cifar10,86.78,79.09,200,432720,1657694
9103,888,cifar10,91.45,90.18,200,497856,1845941
9776,888,cifar10,91.78,90.69,200,569792,2306933
9437,888,cifar10,10.0,10.0,200,681696,2694717
8267,888,cifar10,76.37,61.44,200,188576,556138
9474,888,cifar10,93.34,93.1,200,762000,3135542
9092,888,cifar10,90.06,89.14,200,252464,961213
8671,888,cifar10,86.36,86.28,200,496000,1852597
9788,888,cifar10,92.65,92.51,200,792576,3141629
9810,888,cifar10,91.78,91.21,200,512240,2094374
9557,888,cifar10,89.23,89.11,200,324512,1198397
8197,888,cifar10,91.66,91.75,200,726560,2719477
9195,888,cifar10,86.75,82.56,200,295792,1258590
9824,888,cifar10,91.91,91.7,200,436880,1604221
9488,888,cifar10,92.75,92.45,200,798688,3167093
8618,888,cifar10,92.95,92.82,200,764512,2911869
9709,888,cifar10,92.49,85.44,200,770064,2936437
8573,888,cifar10,89.89,89.6,200,464800,1821373
8253,888,cifar10,93.63,93.41,200,770976,3142589
9126,888,cifar10,79.44,44.71,200,198288,748462
8825,888,cifar10,92.11,91.77,200,746496,2936373
8930,888,cifar10,88.62,85.76,200,281472,985845
9055,888,cifar10,90.95,87.6,200,484176,2069358
9547,888,cifar10,86.71,84.36,200,258944,811109
9857,888,cifar10,88.09,87.7,200,426608,1590781
9078,888,cifar10,90.25,89.65,200,284368,1010285
9687,888,cifar10,87.68,76.55,200,437328,1614773
9205,888,cifar10,91.1,89.32,200,949104,3814438
9115,888,cifar10,90.4,83.89,200,460560,1664741
9390,888,cifar10,92.14,92.09,200,530992,2051837
8784,888,cifar10,92.63,92.31,200,803824,3167029
8974,888,cifar10,85.12,17.08,200,732352,2737389
8535,888,cifar10,92.43,91.98,200,563328,2300014
9846,888,cifar10,92.35,53.12,200,804720,3149309
8683,888,cifar10,92.56,92.35,200,554560,2058813
9835,888,cifar10,92.46,92.32,200,1004336,4002813
8761,888,cifar10,93.18,92.9,200,981424,4020334
9593,888,cifar10,89.62,89.77,200,435936,1622197
9652,888,cifar10,92.13,91.94,200,450976,1839086
9522,888,cifar10,91.36,90.95,200,511616,1858229
9413,888,cifar10,89.77,88.58,200,204640,737213
8803,888,cifar10,89.9,88.64,200,310176,1216117
8772,888,cifar10,92.54,92.53,200,533600,2051709
9629,888,cifar10,70.1,24.69,200,250544,811109
9721,888,cifar10,91.57,89.03,200,543920,2075381
8957,888,cifar10,89.25,71.25,200,460864,1664485
9019,888,cifar10,71.38,10.0,200,224048,762101
8943,888,cifar10,75.76,62.76,200,175808,531634
9347,888,cifar10,79.95,37.9,200,505008,1846005
8816,888,cifar10,92.26,92.07,200,513200,2051645
8458,888,cifar10,92.27,91.8,200,704032,2730605
9744,888,cifar10,91.78,91.77,200,726624,2694909
9313,888,cifar10,92.99,92.81,200,498592,2044790
9273,888,cifar10,93.18,92.75,200,785456,3166005
9250,888,cifar10,90.67,58.37,200,775680,2943349
9906,888,cifar10,90.93,89.94,200,504208,1852661
9300,888,cifar10,91.24,86.26,200,734448,2978974
9324,888,cifar10,92.1,91.77,200,499248,2069486
9765,888,cifar10,92.81,91.99,200,757328,3160174
9381,888,cifar10,91.84,71.49,200,775920,2943285
9608,888,cifar10,92.91,92.88,200,836496,3596342
9215,888,cifar10,93.08,92.93,200,774736,3141757
8985,888,cifar10,92.85,92.37,200,500896,2069358
8896,888,cifar10,89.55,26.06,200,481264,1863590
9883,888,cifar10,92.5,84.44,200,979152,3821613
8220,888,cifar10,92.56,91.88,200,507152,2069358
9460,888,cifar10,92.53,92.42,200,724144,2929518
9448,888,cifar10,92.7,92.62,200,985376,3995766
8794,888,cifar10,90.95,89.3,200,443280,1615605
9226,888,cifar10,81.98,76.75,200,228688,785709
9359,888,cifar10,92.98,92.86,200,969824,3821549
9571,888,cifar10,93.16,92.81,200,797120,3142653
9962,888,cifar10,85.85,48.15,200,235072,755381
9502,888,cifar10,91.82,91.69,200,493264,2069358
10014,888,cifar10,91.9,91.58,200,431712,1591355
9812,888,cifar10,90.32,63.07,200,270352,967869
8872,888,cifar10,88.77,9.68,200,555136,2083125
8883,888,cifar10,92.13,91.28,200,766048,2936309
8860,888,cifar10,94.43,94.16,200,988224,3995766
10036,888,cifar10,92.73,92.51,200,524720,2053151
8629,888,cifar10,90.84,90.68,200,449472,1622197
9699,888,cifar10,85.47,72.34,200,714096,2755301
9415,888,cifar10,84.69,84.19,200,136208,507066
9975,888,cifar10,92.1,57.85,200,560880,2083189
9800,888,cifar10,88.96,11.07,200,321952,1197629
9403,888,cifar10,90.61,17.1,200,798352,3167093
9987,888,cifar10,92.45,57.52,200,792080,3142781
8967,888,cifar10,90.95,90.29,200,764192,2961325
10083,888,cifar10,88.88,88.56,200,313824,1192991
8522,888,cifar10,91.94,91.52,200,789616,2942261
9264,888,cifar10,92.45,92.05,200,508464,2069358
9183,888,cifar10,90.17,87.97,200,517760,2094118
9619,888,cifar10,75.6,14.21,200,436224,1682262
9056,888,cifar10,90.29,89.93,200,286176,985845
10025,888,cifar10,89.09,12.08,200,742432,2938037
9735,888,cifar10,89.32,88.93,200,226352,762037
9159,888,cifar10,92.15,91.8,200,482016,1821373
9664,888,cifar10,91.07,90.95,200,737712,2925053
9104,888,cifar10,90.09,88.44,200,502864,2069486
9513,888,cifar10,92.21,92.12,200,716192,2737517
9710,888,cifar10,92.04,91.88,200,703360,2688125
9584,888,cifar10,69.53,20.23,200,199424,598682
9789,888,cifar10,88.92,19.59,200,528144,2076341
9917,888,cifar10,92.75,92.6,200,749504,2912061
8837,888,cifar10,89.61,85.56,200,569808,2306933
10070,888,cifar10,86.79,83.03,200,531776,1878393
9848,888,cifar10,88.66,10.25,200,264672,992565
10046,888,cifar10,93.23,92.97,200,762640,2938229
9116,888,cifar10,92.35,12.82,200,559840,2058685
10093,888,cifar10,56.48,10.0,200,181168,574568
9239,888,cifar10,90.13,88.26,200,287776,1010541
8672,888,cifar10,89.16,88.16,200,265072,967805
9068,888,cifar10,87.51,10.0,200,516384,1895077
9777,888,cifar10,91.47,90.46,200,730768,2954278
9079,888,cifar10,92.38,69.41,200,557072,2058813
10002,888,cifar10,92.25,91.88,200,518176,2053343
8762,888,cifar10,10.0,10.0,200,154176,544946
9688,888,cifar10,92.08,91.94,200,554528,2282429
9148,888,cifar10,91.21,90.53,200,759312,2961261
9558,888,cifar10,92.43,92.46,200,621424,2736182
9336,888,cifar10,92.55,92.49,200,797072,3167029
9348,888,cifar10,58.25,18.83,200,181744,598682
9172,888,cifar10,92.07,91.91,200,947904,3995766
9677,888,cifar10,92.18,92.16,200,572752,2282493
9642,888,cifar10,92.03,22.93,200,520704,1877229
8706,888,cifar10,75.68,68.75,200,447680,1628853
8908,888,cifar10,92.57,92.47,200,523264,2058749
9438,888,cifar10,10.0,10.0,200,280144,980413
9427,888,cifar10,92.66,92.65,200,748144,3135542
9391,888,cifar10,92.4,92.11,200,744112,2936437
9206,888,cifar10,89.89,88.91,200,743088,2737389
9490,888,cifar10,91.82,89.02,200,751920,2960237
9523,888,cifar10,76.65,30.28,200,209536,773158
9896,888,cifar10,89.81,88.97,200,490496,1827965
9382,888,cifar10,86.71,82.74,200,240720,779885
8785,888,cifar10,91.81,76.93,200,549088,2101165
9858,888,cifar10,91.97,56.33,200,764016,2961325
9630,888,cifar10,87.99,13.07,200,517216,1877229
10115,888,cifar10,91.1,90.6,200,591232,2308807
9722,888,cifar10,93.53,93.54,200,706560,2694013
9303,888,cifar10,89.35,23.87,200,469696,1839086
8975,888,cifar10,86.26,62.69,200,244416,1003494
8850,888,cifar10,90.56,88.67,200,705216,2730029
9836,888,cifar10,93.41,93.04,200,774768,3160238
9907,888,cifar10,91.45,90.58,200,514768,1870701
8958,888,cifar10,10.0,10.0,200,264160,974717
9755,888,cifar10,92.21,91.99,200,959808,3796533
9288,888,cifar10,92.85,92.6,200,1006096,4226358
9044,888,cifar10,92.06,91.85,200,466080,1821373
8922,888,cifar10,91.12,89.86,200,699312,2706101
8817,888,cifar10,91.95,91.79,200,735232,2712821
9548,888,cifar10,93.23,93.04,200,1029888,4250990
9007,888,cifar10,92.12,92.06,200,966528,3778877
9314,888,cifar10,90.86,89.96,200,295184,1234086
9952,888,cifar10,79.88,43.78,200,230208,804581
9475,888,cifar10,88.08,84.48,200,491312,1870573
8873,888,cifar10,89.02,88.59,200,218672,750717
10104,888,cifar10,93.0,92.84,200,1245072,5113553
9449,888,cifar10,88.85,83.4,200,245136,1003430
9020,888,cifar10,92.03,90.54,200,583776,2305845
9653,888,cifar10,91.36,90.5,200,984224,3803445
9976,888,cifar10,75.37,62.69,200,178864,569514
9139,888,cifar10,89.72,89.46,200,438048,1622197
8773,888,cifar10,91.28,90.0,200,784912,3167093
8931,888,cifar10,92.04,91.92,200,731712,2911805
9325,888,cifar10,93.23,93.06,200,721504,2929518
9609,888,cifar10,92.08,21.55,200,771792,2911677
10139,888,cifar10,91.03,27.18,200,958096,3798261
9585,888,cifar10,10.0,10.0,200,122896,527098
9274,888,cifar10,93.12,93.06,200,811120,3366198
9503,888,cifar10,89.68,89.15,200,231920,786605
8944,888,cifar10,91.94,91.57,200,459072,1628917
8986,888,cifar10,88.41,87.76,200,463792,1814390
9128,888,cifar10,75.42,63.3,200,454080,1653421
9370,888,cifar10,91.81,47.35,200,760064,2912125
9057,888,cifar10,67.25,18.49,200,200496,580770
10161,888,cifar10,88.54,82.18,200,488720,1853667
10015,888,cifar10,89.01,85.96,200,508752,1896335
9572,888,cifar10,93.31,93.17,200,939248,3789678
8861,888,cifar10,92.34,92.08,200,755760,3135542
9265,888,cifar10,88.28,78.87,200,283792,1034917
9940,888,cifar10,92.83,92.9,200,481280,1821309
9665,888,cifar10,80.0,26.78,200,235952,804645
8884,888,cifar10,93.75,93.66,200,719392,2711989
9463,888,cifar10,92.56,92.28,200,820128,3372925
9227,888,cifar10,90.5,10.0,200,803552,3149117
9560,888,cifar10,72.4,30.04,200,209552,773158
8795,888,cifar10,86.8,10.0,200,265504,1003494
9404,888,cifar10,92.31,91.94,200,543840,2076213
10026,888,cifar10,90.95,88.31,200,502272,2071085
9538,888,cifar10,92.12,91.94,200,524592,2051645
9837,888,cifar10,87.71,86.91,200,398432,1583734
9081,888,cifar10,90.0,89.74,200,296928,992565
9620,888,cifar10,93.18,92.93,200,767472,2917757
9700,888,cifar10,92.34,91.75,200,776848,3160174
9827,888,cifar10,91.92,91.81,200,431200,1603965
10172,888,cifar10,92.71,92.67,200,757312,3162367
10150,888,cifar10,93.01,92.69,200,770672,3162431
9240,888,cifar10,90.85,49.52,200,327824,1198653
9711,888,cifar10,91.82,91.19,200,493760,1877165
8997,888,cifar10,87.88,15.58,200,280704,985077
10094,888,cifar10,72.25,15.97,200,479088,1871737
10207,888,cifar10,91.22,89.13,200,443568,1622993
9094,888,cifar10,93.14,93.01,200,1005248,4002877
8909,888,cifar10,77.83,23.47,200,220848,822102
9790,888,cifar10,91.71,91.68,200,723248,2730797
8827,888,cifar10,93.07,92.79,200,811888,3366198
10183,888,cifar10,87.52,62.91,200,687232,2749511
9173,888,cifar10,92.47,92.4,200,486032,1834749
9337,888,cifar10,92.45,92.03,200,485504,1846005
9643,888,cifar10,75.82,62.3,200,286448,992565
9689,888,cifar10,93.36,93.41,200,496288,1852597
10003,888,cifar10,93.19,92.7,200,530304,2077941
9929,888,cifar10,10.0,10.0,200,696480,2694973
8222,888,cifar10,86.33,10.0,200,551648,2083061
9160,888,cifar10,91.66,91.49,200,797616,3167221
10240,888,cifar10,86.48,85.87,200,189216,563218
9631,888,cifar10,92.2,91.84,200,463456,1839022
9439,888,cifar10,91.07,89.35,200,507040,2069358
9393,888,cifar10,90.2,88.78,200,481808,1870381
10106,888,cifar10,79.49,56.24,200,186432,556562
9033,888,cifar10,91.31,89.6,200,448208,1646701
9106,888,cifar10,93.07,92.6,200,802832,3390702
10140,888,cifar10,72.91,28.74,200,191552,556562
9416,888,cifar10,10.0,10.0,200,492048,1859253
9491,888,cifar10,91.82,91.26,200,496000,1851765
8838,888,cifar10,93.0,92.82,200,1003824,4002877
9349,888,cifar10,89.88,86.92,200,527632,1877229
9766,888,cifar10,92.23,23.5,200,735808,2737389
8898,888,cifar10,84.76,84.18,200,205200,737213
9849,888,cifar10,87.65,78.63,200,724992,2755237
9678,888,cifar10,90.9,90.62,200,541776,2082549
9611,888,cifar10,91.37,91.17,200,410992,1640045
9514,888,cifar10,91.17,89.84,200,482960,1844981
9978,888,cifar10,89.07,88.22,200,272896,974653
10253,888,cifar10,89.2,86.45,200,276656,1011769
10194,888,cifar10,92.4,91.57,200,785824,3169095
10047,888,cifar10,91.96,92.09,200,714864,2682637
9327,888,cifar10,88.62,85.9,200,279168,985909
9140,888,cifar10,92.15,91.52,200,451744,1839086
9859,888,cifar10,75.39,60.47,200,511584,1859381
10229,888,cifar10,91.13,90.64,200,520224,1853475
9918,888,cifar10,88.13,85.33,200,677488,2699182
10116,888,cifar10,76.12,58.52,200,711008,2713699
9746,888,cifar10,88.88,10.07,200,298592,992501
10057,888,cifar10,88.55,87.21,200,477968,1853987
9596,888,cifar10,93.58,93.12,200,1051504,4456246
9149,888,cifar10,94.17,94.14,200,986272,4020398
9305,888,cifar10,90.05,83.18,200,526000,2094374
10071,888,cifar10,92.34,92.29,200,545040,2059679
9207,888,cifar10,92.82,84.24,200,1027200,4003005
9217,888,cifar10,90.77,89.78,200,451680,1628853
9953,888,cifar10,90.79,90.43,200,308208,1233958
9197,888,cifar10,89.51,88.69,200,228592,762037
9290,888,cifar10,91.16,90.97,200,506288,1877229
9058,888,cifar10,89.84,89.05,200,276960,967805
10218,888,cifar10,91.21,40.87,200,764064,2962827
9908,888,cifar10,92.91,92.42,200,794384,3366198
9779,888,cifar10,92.5,92.47,200,729664,2911805
9008,888,cifar10,88.72,85.75,200,228464,762037
9505,888,cifar10,79.1,57.23,200,196944,748334
8775,888,cifar10,93.44,93.22,200,751424,2936437
8886,888,cifar10,92.64,92.42,200,484944,1821373
8923,888,cifar10,88.64,85.51,200,232064,786477
9021,888,cifar10,92.69,92.29,200,583792,2306933
9756,888,cifar10,92.51,92.29,200,457744,1839214
9253,888,cifar10,89.4,10.0,200,471264,1863590
9450,888,cifar10,91.3,52.22,200,549104,2101229
9656,888,cifar10,93.5,93.41,200,945344,3796597
8851,888,cifar10,92.79,92.45,200,1013824,4027381
9701,888,cifar10,54.81,10.06,200,181472,598682
9428,888,cifar10,93.14,92.96,200,698256,2706101
9885,888,cifar10,88.22,87.92,200,500800,1870509
9361,888,cifar10,91.21,90.61,200,498544,2069486
9993,888,cifar10,89.58,87.6,200,303392,1010541
9045,888,cifar10,92.33,91.96,200,1021280,4027317
10016,888,cifar10,92.02,30.99,200,526976,2060191
8945,888,cifar10,91.89,90.78,200,744560,3160302
10173,888,cifar10,88.83,85.81,200,272576,986915
8934,888,cifar10,92.51,91.87,200,806256,3167093
9266,888,cifar10,90.42,86.07,200,484080,1653421
8969,888,cifar10,88.06,84.49,200,509184,1895141
9562,888,cifar10,82.43,55.07,200,445952,1664741
8976,888,cifar10,92.24,92.05,200,498912,2069358
9874,888,cifar10,92.18,91.83,200,467552,1821373
9275,888,cifar10,91.83,10.05,200,1016192,4009469
9838,888,cifar10,89.28,14.16,200,312976,1216117
8806,888,cifar10,90.05,23.37,200,321584,1240749
10038,888,cifar10,92.05,91.96,200,504144,1853667
9129,888,cifar10,92.89,92.9,200,778304,3149245
9667,888,cifar10,89.99,87.91,200,523312,2094118
9118,888,cifar10,91.97,91.71,200,442432,1628789
9477,888,cifar10,92.65,92.04,200,996528,4045094
9241,888,cifar10,86.58,18.4,200,447840,1646637
9815,888,cifar10,92.02,92.07,200,720768,2737517
9941,888,cifar10,93.8,93.69,200,960400,3772029
9405,888,cifar10,75.23,60.08,200,169360,562794
8828,888,cifar10,90.75,89.18,200,451616,1622197
9174,888,cifar10,89.4,89.06,200,327712,1415222
10095,888,cifar10,92.42,92.25,200,526656,2053215
8862,888,cifar10,92.22,91.85,200,720304,2954406
9371,888,cifar10,90.67,90.39,200,302288,1190717
8987,888,cifar10,91.97,91.9,200,510176,1834749
9828,888,cifar10,90.96,90.66,200,527200,2076277
9464,888,cifar10,10.0,10.0,200,414656,1604221
9712,888,cifar10,86.37,83.45,200,224512,755381
9644,888,cifar10,89.02,72.14,200,335344,1216117
9802,888,cifar10,92.33,92.2,200,768256,3142589
9394,888,cifar10,86.55,86.32,200,432576,1622197
9791,888,cifar10,91.09,90.02,200,708032,2706165
9440,888,cifar10,85.93,29.3,200,244608,1003366
9539,888,cifar10,91.76,91.2,200,739648,2979038
9095,888,cifar10,92.89,92.68,200,755824,3135542
10107,888,cifar10,92.22,91.91,200,680560,2682893
10265,888,cifar10,91.95,91.75,200,827696,3375299
10027,888,cifar10,92.58,45.96,200,798384,3169159
9162,888,cifar10,88.63,85.47,200,493344,1870573
10129,888,cifar10,92.34,91.45,200,990464,4022655
9575,888,cifar10,91.55,90.5,200,503600,1845941
10288,888,cifar10,88.68,66.51,200,276432,1011641
9493,888,cifar10,93.8,93.63,200,722592,2905014
9185,888,cifar10,92.42,91.57,200,789504,2943285
9328,888,cifar10,86.77,85.56,200,288176,992501
9621,888,cifar10,92.28,92.21,200,1016320,4002877
10277,888,cifar10,92.65,92.79,200,550288,2077877
8910,888,cifar10,88.57,10.0,200,531152,2118814
10085,888,cifar10,92.52,92.26,200,559712,2283953
10162,888,cifar10,91.97,91.68,200,684944,2706915
9964,888,cifar10,88.63,88.34,200,520944,1877357
9338,888,cifar10,88.64,88.12,200,730304,2737197
10058,888,cifar10,78.98,61.36,200,174128,525372
8998,888,cifar10,71.95,21.21,200,462752,1640109
9860,888,cifar10,69.0,25.25,200,238208,811173
10141,888,cifar10,90.97,89.09,200,712960,2731577
10300,888,cifar10,89.62,88.26,200,498736,1871673
9315,888,cifar10,93.0,92.4,200,972480,4020590
9724,888,cifar10,86.74,36.4,200,235536,779949
10219,888,cifar10,91.85,91.83,200,451824,1623057
10313,888,cifar10,90.97,90.2,200,342416,1442111
9107,888,cifar10,90.53,89.46,200,514352,2094246
10241,888,cifar10,93.3,93.07,200,968224,3798389
9612,888,cifar10,93.61,92.3,200,714544,2929518
9198,888,cifar10,79.68,28.32,200,440320,1640109
9979,888,cifar10,92.08,91.77,200,548992,2076149
10072,888,cifar10,89.56,88.88,200,706944,2906455
9919,888,cifar10,92.22,91.34,200,500784,1870637
9350,888,cifar10,93.27,93.11,200,1012496,4002877
10357,888,cifar10,80.47,40.48,200,191488,556562
10208,888,cifar10,90.1,88.39,200,293744,1036303
9034,888,cifar10,92.73,79.6,200,985056,3796597
10254,888,cifar10,80.31,15.44,200,413328,1609417
9850,888,cifar10,10.0,10.0,200,260688,974653
10367,888,cifar10,75.67,63.3,200,189904,556562
9899,888,cifar10,93.02,92.91,200,714368,2929518
9550,888,cifar10,88.32,85.13,200,457264,1912534
9150,888,cifar10,89.14,16.14,200,539056,2076277
9218,888,cifar10,93.04,92.67,200,574512,2282493
9208,888,cifar10,92.56,92.29,200,579968,2505974
10230,888,cifar10,92.83,92.64,200,774192,3162367
9702,888,cifar10,92.4,91.56,200,498624,2044790
9515,888,cifar10,92.12,91.36,200,768224,3184806
9228,888,cifar10,91.14,89.86,200,914240,3789678
9780,888,cifar10,91.05,88.94,200,529904,2076213
9839,888,cifar10,88.5,88.22,200,220224,762037
9525,888,cifar10,90.84,89.04,200,549232,2101165
9255,888,cifar10,92.39,91.91,200,506224,2069486
10048,888,cifar10,88.16,82.71,200,463216,1840219
9306,888,cifar10,92.58,92.18,200,760208,3160238
9277,888,cifar10,87.0,72.44,200,234576,779757
10184,888,cifar10,86.55,81.03,200,333344,1242443
9047,888,cifar10,89.31,85.85,200,302816,992373
9429,888,cifar10,92.69,92.44,200,508512,2069358
10197,888,cifar10,93.06,92.77,200,1004704,4253521
9909,888,cifar10,91.73,91.59,200,612736,2512637
9506,888,cifar10,93.45,93.24,200,532384,2299886
9747,888,cifar10,92.24,92.06,200,1042832,4233085
9267,888,cifar10,92.21,92.04,200,510608,1845941
10346,888,cifar10,91.92,91.59,200,738896,2938101
9242,888,cifar10,92.21,91.15,200,453152,1839086
9291,888,cifar10,92.33,84.32,200,764080,2961453
9130,888,cifar10,88.8,86.53,200,275456,1010541
8863,888,cifar10,76.21,19.31,200,276640,992565
10266,888,cifar10,10.0,10.0,200,215088,744699
10039,888,cifar10,80.09,10.69,200,457600,1665597
9886,888,cifar10,87.55,43.73,200,499744,1877229
9452,888,cifar10,91.37,89.5,200,508144,2094310
9084,888,cifar10,88.66,84.22,200,257040,1003558
9816,888,cifar10,79.79,25.88,200,441136,1640109
9362,888,cifar10,84.71,81.02,200,428736,1622261
10335,888,cifar10,93.48,93.3,200,966560,3798261
8935,888,cifar10,88.75,10.0,200,491152,1869485
9417,888,cifar10,92.84,92.77,200,966000,3772029
9994,888,cifar10,91.75,36.84,200,765264,2936501
9632,888,cifar10,92.3,91.49,200,744192,3160238
9563,888,cifar10,88.67,88.25,200,539408,2082549
9406,888,cifar10,75.75,11.92,200,296272,998133
9942,888,cifar10,92.17,91.85,200,696176,2706165
9657,888,cifar10,92.28,92.16,200,770064,2961325
9479,888,cifar10,90.01,88.83,200,478656,1870509
9713,888,cifar10,92.29,91.98,200,755584,2918717
9668,888,cifar10,92.77,92.58,200,962496,3771965
10174,888,cifar10,69.56,13.94,200,185120,605822
9680,888,cifar10,89.6,60.06,200,266880,966909
8946,888,cifar10,93.45,93.16,200,952672,3814694
9587,888,cifar10,92.37,91.67,200,714704,2736557
10152,888,cifar10,92.56,57.41,200,742640,2920351
9395,888,cifar10,90.88,90.12,200,326464,1215093
9804,888,cifar10,85.77,73.24,200,452416,1664741
9829,888,cifar10,91.6,55.06,200,777760,2936437
10391,888,cifar10,90.76,90.37,200,500688,1835789
9757,888,cifar10,90.53,89.52,200,685440,2699246
9540,888,cifar10,91.5,88.89,200,493744,1870701
9022,888,cifar10,90.69,90.24,200,524864,2058621
9372,888,cifar10,93.58,93.15,200,785344,3166773
9441,888,cifar10,92.58,92.35,200,563296,2289085
10096,888,cifar10,92.21,58.94,200,833008,3375107
9725,888,cifar10,54.26,10.0,200,200416,623250
10380,888,cifar10,91.01,90.53,200,993344,4011505
9622,888,cifar10,90.41,88.33,200,526944,2076277
9009,888,cifar10,92.16,92.2,200,750848,2918653
9792,888,cifar10,91.9,91.93,200,756864,3160238
10358,888,cifar10,88.99,88.66,200,312880,1193055
10279,888,cifar10,93.67,93.45,200,724272,2931117
9930,888,cifar10,94.47,94.24,200,1440080,5946678
10289,888,cifar10,90.01,88.79,200,531872,2102603
10130,888,cifar10,89.12,80.42,200,304352,1260313
10028,888,cifar10,93.15,93.03,200,953120,3791213
9186,888,cifar10,90.63,87.99,200,372736,1670382
9351,888,cifar10,92.1,91.99,200,492112,1846005
9307,888,cifar10,51.59,10.0,200,153616,591763
10210,888,cifar10,92.31,92.29,200,681792,2689357
9199,888,cifar10,90.06,88.3,200,332672,1216053
9141,888,cifar10,92.83,92.71,200,1187424,4880558
10086,888,cifar10,93.74,93.57,200,755056,2938101
10314,888,cifar10,92.62,51.55,200,525376,2077941
9840,888,cifar10,86.73,17.15,200,444096,1622197
8852,888,cifar10,93.65,93.51,200,929344,3789806
9955,888,cifar10,91.58,91.08,200,507744,1852789
9645,888,cifar10,10.0,10.0,200,439600,1653357
9061,888,cifar10,79.97,29.39,200,183664,538290
9692,888,cifar10,93.35,93.11,200,1004400,4002813
9861,888,cifar10,92.25,67.53,200,812032,3142781
9316,888,cifar10,91.48,90.9,200,740976,2936437
8989,888,cifar10,91.39,90.51,200,518992,2076277
9231,888,cifar10,67.83,49.25,200,228864,786541
9219,888,cifar10,92.06,92.05,200,713584,2688189
9339,888,cifar10,89.7,87.54,200,307056,992501
9256,888,cifar10,88.87,88.43,200,285840,992437
10059,888,cifar10,92.52,91.42,200,1004560,3804981
9465,888,cifar10,10.0,10.0,200,703664,2701565
10303,888,cifar10,91.06,90.45,200,771776,2962827
10370,888,cifar10,93.72,93.56,200,936368,3773663
10118,888,cifar10,92.72,92.43,200,535856,2277353
9613,888,cifar10,88.97,84.72,200,249872,1003430
9781,888,cifar10,91.26,90.51,200,722832,2712949
10402,888,cifar10,89.93,88.26,200,540928,2326421
9551,888,cifar10,80.62,10.0,200,413360,1608622
9900,888,cifar10,89.79,81.75,200,489904,1895077
9851,888,cifar10,93.23,93.02,200,984704,3995766
10447,888,cifar10,88.88,10.0,200,498032,1835917
9888,888,cifar10,85.87,84.1,200,269008,793261
9430,888,cifar10,90.96,36.03,200,509424,1852789
10185,888,cifar10,92.36,91.99,200,546864,2078069
9980,888,cifar10,10.0,10.0,200,446976,1628917
9048,888,cifar10,92.94,92.54,200,731136,2929518
10073,888,cifar10,93.51,93.35,200,1029920,4253201
10255,888,cifar10,92.09,75.48,200,539136,2053407
10163,888,cifar10,84.25,80.11,200,730592,2738489
10175,888,cifar10,91.95,91.76,200,481296,1822733
10231,888,cifar10,92.9,92.78,200,1022128,4228603
9633,888,cifar10,90.36,76.75,200,488016,1844981
10458,888,cifar10,88.37,14.53,200,528736,2077877
10198,888,cifar10,92.44,92.18,200,740640,2938165
10220,888,cifar10,92.11,11.63,200,763760,2944757
9681,888,cifar10,56.67,18.98,200,162032,542563
9363,888,cifar10,92.1,91.64,200,719808,2929582
10336,888,cifar10,90.07,89.2,200,284576,1017657
10018,888,cifar10,92.5,91.76,200,983136,4046997
9507,888,cifar10,92.22,66.13,200,769968,2936437
9943,888,cifar10,79.55,32.22,200,463168,1646701
10242,888,cifar10,90.88,90.75,200,723776,2695885
9704,888,cifar10,89.02,85.63,200,271776,1209198
8999,888,cifar10,92.27,92.09,200,728432,2712885
10347,888,cifar10,91.52,90.36,200,549184,2102667
10325,888,cifar10,90.87,10.06,200,598480,2291313
9749,888,cifar10,93.11,92.82,200,775456,3160174
9023,888,cifar10,79.67,25.13,200,444048,1615605
9480,888,cifar10,91.31,64.46,200,490352,1852469
9768,888,cifar10,88.82,88.28,200,234864,768693
10479,888,cifar10,92.59,92.33,200,495568,1822605
9418,888,cifar10,88.63,88.17,200,716416,2719477
9658,888,cifar10,91.06,48.1,200,495040,1851829
9910,888,cifar10,91.64,91.07,200,763472,2961261
10049,888,cifar10,92.44,92.29,200,535872,2053215
10280,888,cifar10,89.58,88.99,200,227472,780583
10097,888,cifar10,89.89,62.35,200,272192,987043
9407,888,cifar10,91.16,89.78,200,557504,2101165
10040,888,cifar10,91.94,91.5,200,970144,3798261
9243,888,cifar10,91.82,91.55,200,432768,1622261
9669,888,cifar10,89.95,88.57,200,292352,1017069
9269,888,cifar10,91.18,88.92,200,442800,1646637
9995,888,cifar10,91.39,91.13,200,548480,2101101
10424,888,cifar10,92.08,45.42,200,978416,3805301
9373,888,cifar10,80.11,75.22,200,315712,999093
9396,888,cifar10,87.28,77.67,200,292704,1034917
10502,888,cifar10,88.54,88.01,200,258304,969037
9453,888,cifar10,91.99,90.34,200,940960,3814438
9279,888,cifar10,91.86,91.5,200,545104,2058813
10469,888,cifar10,86.67,17.98,200,287072,1036239
9817,888,cifar10,93.46,93.32,200,716960,2688125
10267,888,cifar10,92.16,91.61,200,708112,2931117
10555,888,cifar10,75.78,61.22,200,188128,581224
9352,888,cifar10,91.62,91.42,200,478368,1846005
9541,888,cifar10,91.53,91.47,200,545840,2064957
9292,888,cifar10,91.04,89.35,200,510736,1852661
10436,888,cifar10,93.79,93.44,200,1266608,5319885
10392,888,cifar10,91.11,58.72,200,708784,2731769
10006,888,cifar10,88.33,78.42,200,245168,787367
9623,888,cifar10,91.71,17.53,200,730064,2712821
9830,888,cifar10,92.22,91.79,200,729936,2954534
10490,888,cifar10,79.91,42.31,200,237776,829971
9220,888,cifar10,91.47,91.43,200,450064,1615605
9646,888,cifar10,81.27,75.66,200,250160,793261
9564,888,cifar10,90.77,85.13,200,949472,3839198
9862,888,cifar10,91.21,88.34,200,451456,1646829
9442,888,cifar10,92.81,92.58,200,765104,3160174
9876,888,cifar10,92.26,91.85,200,953632,3821293
10403,888,cifar10,86.15,85.75,200,168432,563218
9317,888,cifar10,86.38,86.15,200,242240,786477
9176,888,cifar10,89.96,34.41,200,727888,2730605
9842,888,cifar10,90.44,82.61,200,712336,2706165
10131,888,cifar10,93.35,93.22,200,959280,3772959
10371,888,cifar10,75.62,14.42,200,452576,1629329
10524,888,cifar10,90.73,14.04,200,564176,2084725
9308,888,cifar10,92.72,84.74,200,768992,2918781
10315,888,cifar10,93.19,93.12,200,736144,3137577
10513,888,cifar10,90.37,87.71,200,685696,2749575
9682,888,cifar10,87.97,87.08,200,224432,730493
9011,888,cifar10,10.0,10.0,200,479216,1834877
9739,888,cifar10,88.69,86.72,200,237664,779885
9210,888,cifar10,86.35,86.01,200,225616,768693
9793,888,cifar10,92.32,43.88,200,968608,3796661
9693,888,cifar10,88.79,86.84,200,528128,1877229
10381,888,cifar10,90.98,86.5,200,947840,3816067
9758,888,cifar10,92.43,92.31,200,478480,1845941
9340,888,cifar10,91.78,91.23,200,531968,1877357
9577,888,cifar10,87.03,63.73,200,234000,779757
9330,888,cifar10,90.55,88.39,200,528368,2118814
9931,888,cifar10,91.26,90.86,200,768608,3184998
9889,888,cifar10,88.41,12.43,200,279728,1209198
8978,888,cifar10,85.63,62.13,200,248608,1003366
9588,888,cifar10,10.0,10.0,200,710192,2700733
10576,888,cifar10,10.0,10.0,200,233120,775697
10304,888,cifar10,10.0,10.0,200,505136,1860515
9956,888,cifar10,89.99,88.27,200,294704,992501
9981,888,cifar10,76.16,68.2,200,242432,793133
10359,888,cifar10,92.56,91.87,200,996464,4046677
9233,888,cifar10,93.25,87.5,200,755616,2936437
10257,888,cifar10,88.61,10.66,200,506528,1835789
9614,888,cifar10,89.04,88.77,200,229840,762101
9552,888,cifar10,89.95,36.55,200,319136,1222837
9852,888,cifar10,10.0,10.0,200,162416,538290
9469,888,cifar10,91.17,89.37,200,522624,2094118
9922,888,cifar10,86.45,85.97,200,710944,2712757
9901,888,cifar10,79.91,74.12,200,292240,1017133
10087,888,cifar10,93.31,92.83,200,1013632,4029511
10109,888,cifar10,91.99,25.4,200,732000,2913567
10437,888,cifar10,79.39,48.73,200,144944,525372
10211,888,cifar10,10.0,10.0,200,504112,1860387
10176,888,cifar10,88.2,10.0,200,512928,1853475
10448,888,cifar10,10.0,10.0,200,201056,751419
9782,888,cifar10,93.26,92.96,200,749536,2936501
10232,888,cifar10,88.98,86.8,200,486848,1871545
10566,888,cifar10,80.95,31.12,200,454864,1690131
10120,888,cifar10,10.0,10.0,200,432800,1636305
9705,888,cifar10,80.32,74.86,200,296512,998389
9495,888,cifar10,93.47,93.49,200,832320,3371965
10221,888,cifar10,85.91,75.26,200,675104,2724785
10164,888,cifar10,91.5,90.14,200,491008,1871865
9727,888,cifar10,92.01,91.95,200,953296,3779069
10076,888,cifar10,90.76,89.85,200,507200,1878265
10199,888,cifar10,92.14,91.61,200,547440,2078069
9454,888,cifar10,86.55,80.0,200,442096,1615605
9508,888,cifar10,91.55,91.06,200,779360,2918717
9280,888,cifar10,84.81,80.76,200,448704,1622197
9911,888,cifar10,88.23,87.96,200,468112,1653293
9671,888,cifar10,73.01,15.12,200,192448,549482
8990,888,cifar10,89.41,87.88,200,313664,1222709
9257,888,cifar10,89.74,87.85,200,310160,1216117
10610,888,cifar10,88.33,57.99,200,472048,1864625
10186,888,cifar10,92.65,92.6,200,1033600,4235587
10337,888,cifar10,94.03,93.84,200,986832,3997737
9294,888,cifar10,87.27,78.69,200,242384,779757
9715,888,cifar10,92.83,92.64,200,495168,1852661
10404,888,cifar10,79.9,70.14,200,193600,822923
10326,888,cifar10,92.64,92.19,200,759008,2937461
9364,888,cifar10,92.1,89.51,200,789600,2943285
10098,888,cifar10,90.96,90.77,200,727152,2920287
9634,888,cifar10,88.63,85.04,200,265072,985845
10480,888,cifar10,91.82,90.7,200,730416,2738681
10348,888,cifar10,91.42,89.36,200,738880,2955843
10030,888,cifar10,92.16,92.06,200,443040,1629649
9996,888,cifar10,91.49,68.34,200,554928,2076277
10642,888,cifar10,80.21,29.25,200,212528,822923
10503,888,cifar10,89.73,89.14,200,203328,738171
9933,888,cifar10,84.08,83.63,200,136192,507066
9944,888,cifar10,80.42,52.69,200,446944,1639917
10019,888,cifar10,91.09,87.46,200,770208,2962827
10143,888,cifar10,78.95,11.09,200,289872,1011385
10243,888,cifar10,92.02,92.01,200,460784,1822733
10268,888,cifar10,92.18,91.97,200,530448,2060127
10621,888,cifar10,92.18,91.82,200,692128,2707235
9600,888,cifar10,93.08,92.94,200,989888,4003005
10597,888,cifar10,91.84,91.43,200,744224,3162303
9578,888,cifar10,78.05,42.83,200,198368,748334
10491,888,cifar10,86.26,22.14,200,453504,1647591
9374,888,cifar10,90.72,90.52,200,760944,2924221
9517,888,cifar10,91.53,90.54,200,736368,2954534
10132,888,cifar10,86.38,86.18,200,227440,769489
9843,888,cifar10,84.61,79.53,200,460576,1628853
10414,888,cifar10,92.5,92.06,200,753280,2938229
10631,888,cifar10,92.74,92.44,200,736944,3137577
10154,888,cifar10,94.16,94.18,200,797024,3144497
10425,888,cifar10,92.59,92.27,200,583696,2309127
9397,888,cifar10,92.73,91.94,200,744512,3160366
9542,888,cifar10,90.57,90.15,200,487616,1870573
10316,888,cifar10,87.41,75.49,200,456112,1640743
9819,888,cifar10,93.57,93.63,200,947696,3778877
10393,888,cifar10,91.21,89.21,200,706656,2707363
9740,888,cifar10,89.06,88.55,200,277136,985845
10514,888,cifar10,92.05,91.95,200,440400,1623057
10655,888,cifar10,89.25,88.99,200,342448,1417193
9408,888,cifar10,92.01,16.59,200,985328,3803573
10281,888,cifar10,93.38,93.27,200,1221056,5088763
10697,888,cifar10,73.4,12.8,200,186800,581224
10372,888,cifar10,90.9,89.26,200,687440,2724849
10050,888,cifar10,90.26,87.78,200,468640,1889415
10525,888,cifar10,91.08,90.52,200,536256,2077941
10382,888,cifar10,90.56,90.26,200,287808,993251
10061,888,cifar10,89.53,87.65,200,300240,1018361
9528,888,cifar10,92.73,92.67,200,971776,4020462
9615,888,cifar10,68.85,14.72,200,188304,580770
9589,888,cifar10,83.17,52.63,200,220128,822102
10291,888,cifar10,90.9,88.92,200,710496,2955715
9341,888,cifar10,91.99,91.31,200,483600,1852725
9769,888,cifar10,89.34,86.46,200,301392,1233958
9624,888,cifar10,92.86,92.7,200,976624,4020590
9012,888,cifar10,75.93,15.19,200,236784,762037
9863,888,cifar10,92.15,91.94,200,777200,2943157
10110,888,cifar10,87.97,85.58,200,457696,1840347
9443,888,cifar10,93.22,92.66,200,749136,2942133
9750,888,cifar10,89.5,62.87,200,368464,1446965
9648,888,cifar10,93.45,93.25,200,1024144,4226358
9891,888,cifar10,84.64,13.75,200,501264,1859317
10665,888,cifar10,91.15,63.69,200,708112,2731897
9957,888,cifar10,89.39,86.88,200,282176,1010541
10686,888,cifar10,91.43,90.59,200,501088,2095555
10535,888,cifar10,88.59,10.99,200,489808,1835789
10007,888,cifar10,93.89,93.61,200,1029904,4253201
9706,888,cifar10,89.21,87.59,200,294000,985781
9877,888,cifar10,92.06,24.61,200,713568,2688189
10676,888,cifar10,94.13,93.94,200,1012064,4228603
10258,888,cifar10,92.14,22.97,200,769664,2926751
9553,888,cifar10,87.29,17.87,200,321472,1240941
10460,888,cifar10,92.96,92.75,200,765776,3162239
10088,888,cifar10,91.52,91.28,200,543856,2078005
10360,888,cifar10,93.66,93.49,200,967744,3997737
10200,888,cifar10,93.55,93.53,200,717824,2682637
10567,888,cifar10,89.0,16.69,200,293008,1011577
10438,888,cifar10,86.53,56.81,200,260592,1029191
10622,888,cifar10,74.25,19.75,200,187808,556562
9934,888,cifar10,88.82,88.46,200,227920,755445
10222,888,cifar10,86.22,85.95,200,530432,2060127
9945,888,cifar10,87.38,76.42,200,231136,755445
9421,888,cifar10,90.62,85.64,200,588656,2288893
10349,888,cifar10,87.0,79.12,200,229424,980187
10099,888,cifar10,80.23,18.8,200,448864,1616273
10177,888,cifar10,90.4,84.26,200,713744,2731705
10577,888,cifar10,91.57,91.73,200,498624,2046295
9794,888,cifar10,91.97,91.87,200,688592,2687421
9602,888,cifar10,75.67,64.63,200,194960,562794
9496,888,cifar10,90.7,90.32,200,521552,2076213
10588,888,cifar10,92.34,91.57,200,773328,3169479
10449,888,cifar10,10.0,10.0,200,231696,776209
9716,888,cifar10,88.22,61.63,200,281920,991797
10327,888,cifar10,80.14,10.1,200,299824,999523
10643,888,cifar10,86.75,19.65,200,442128,1629585
9820,888,cifar10,86.52,86.45,200,183808,545010
9923,888,cifar10,93.55,93.25,200,1026192,4226358
9470,888,cifar10,87.9,83.39,200,448160,1839086
9902,888,cifar10,92.99,92.8,200,814960,3390830
9912,888,cifar10,92.7,92.4,200,712896,2929646
10269,888,cifar10,90.02,89.83,200,284720,987043
10144,888,cifar10,92.32,92.12,200,502016,2046295
10558,888,cifar10,73.57,29.35,200,180960,581224
9579,888,cifar10,89.61,89.14,200,478336,1821373
10339,888,cifar10,87.55,32.87,200,300880,1011449
10405,888,cifar10,90.31,88.3,200,347088,1224245
10187,888,cifar10,75.2,62.3,200,511424,1860387
10482,888,cifar10,88.8,11.69,200,488272,1853475
10734,888,cifar10,91.92,91.3,200,733568,2720611
10133,888,cifar10,88.73,86.29,200,226256,787431
10546,888,cifar10,92.5,92.37,200,761712,2913375
9673,888,cifar10,92.69,92.27,200,756976,3160110
8979,888,cifar10,91.82,91.64,200,546016,2064829
9636,888,cifar10,92.32,91.95,200,722512,2730733
10020,888,cifar10,91.39,90.2,200,505536,1853091
9387,888,cifar10,92.95,92.99,200,1033584,4233085
9844,888,cifar10,90.88,90.83,200,480672,1846005
10492,888,cifar10,89.31,85.19,200,488720,1853667
9518,888,cifar10,85.4,77.38,200,438608,1663909
10611,888,cifar10,93.12,93.0,200,983248,4004657
10042,888,cifar10,89.48,88.77,200,231520,762833
10031,888,cifar10,92.34,91.51,200,518544,2095619
10317,888,cifar10,75.4,23.68,200,287552,993379
10051,888,cifar10,91.88,91.9,200,494240,1822605
10155,888,cifar10,93.2,92.96,200,521728,2277417
10698,888,cifar10,88.55,85.84,200,473872,1864753
9566,888,cifar10,90.93,90.73,200,518752,2069486
10526,888,cifar10,87.87,83.36,200,446048,1840347
9377,888,cifar10,75.44,64.49,200,720064,2719477
9456,888,cifar10,87.1,82.07,200,248784,786605
9997,888,cifar10,93.59,93.37,200,749520,2936501
9728,888,cifar10,93.51,92.87,200,1206928,4880558
9807,888,cifar10,91.33,89.92,200,499920,1845941
9759,888,cifar10,91.14,88.99,200,732096,2954406
10747,888,cifar10,93.57,93.11,200,731072,2913567
9398,888,cifar10,88.87,87.83,200,698672,2737325
10212,888,cifar10,92.4,91.66,200,757456,3162431
10632,888,cifar10,93.07,92.96,200,970848,3997801
9983,888,cifar10,92.69,92.06,200,936576,3789678
10111,888,cifar10,92.35,92.01,200,492864,2046295
8991,888,cifar10,89.95,89.7,200,445008,1645805
9741,888,cifar10,91.65,90.29,200,793680,2942773
9865,888,cifar10,73.86,15.55,200,233184,785773
9660,888,cifar10,87.46,43.55,200,675376,2723750
10656,888,cifar10,92.2,92.01,200,609072,2291313
9616,888,cifar10,89.64,47.24,200,697744,2723814
10394,888,cifar10,90.64,84.64,200,706160,2731897
10245,888,cifar10,91.99,91.67,200,519936,1847139
9590,888,cifar10,91.1,10.01,200,595024,2288829
10089,888,cifar10,89.41,83.94,200,236080,762769
10146,888,cifar10,86.39,86.02,200,151616,514086
10415,888,cifar10,86.59,58.42,200,239600,780583
9878,888,cifar10,88.0,87.92,200,229616,767797
10121,888,cifar10,92.23,91.62,200,995872,4029511
10270,888,cifar10,10.0,10.0,200,138144,527462
10758,888,cifar10,90.69,88.98,200,574240,2084597
10064,888,cifar10,91.6,90.79,200,744528,3162367
10100,888,cifar10,86.62,76.33,200,214768,756113
9281,888,cifar10,92.95,93.01,200,787888,3142653
9649,888,cifar10,89.57,87.64,200,749760,2911805
10677,888,cifar10,10.0,10.0,200,486400,1835789
9554,888,cifar10,92.28,29.03,200,489856,1834877
10666,888,cifar10,91.73,91.61,200,533056,2078005
9543,888,cifar10,93.19,92.99,200,518944,2051709
9958,888,cifar10,89.09,80.59,200,507728,1895077
9625,888,cifar10,10.0,10.0,200,260368,981437
10009,888,cifar10,88.66,85.01,200,233680,756049
9529,888,cifar10,88.2,87.17,200,461888,1628853
10472,888,cifar10,92.09,92.0,200,716432,2713699
10687,888,cifar10,92.75,92.58,200,785792,3144433
9913,888,cifar10,79.98,48.52,200,185728,556138
10515,888,cifar10,90.24,88.41,200,329120,1442047
9695,888,cifar10,91.69,90.48,200,500656,1845877
10589,888,cifar10,85.51,73.75,200,240720,780583
10781,888,cifar10,92.55,92.33,200,778944,3162431
10282,888,cifar10,78.14,17.29,200,220832,798389
10223,888,cifar10,79.9,25.5,200,691152,2707299
9444,888,cifar10,92.04,91.51,200,475536,2044790
9795,888,cifar10,87.72,10.0,200,284544,1010477
10328,888,cifar10,92.62,92.48,200,514640,2053151
9892,888,cifar10,75.64,60.21,200,437664,1622197
10373,888,cifar10,87.71,58.7,200,686960,2724913
10770,888,cifar10,93.49,93.21,200,1029936,4253393
10292,888,cifar10,78.52,10.0,200,219728,798517
9924,888,cifar10,92.77,92.59,200,500128,1870573
10361,888,cifar10,88.8,10.62,200,766656,2944565
9845,888,cifar10,87.78,76.48,200,447616,1615605
9854,888,cifar10,92.15,91.6,200,698544,2712821
9519,888,cifar10,70.98,18.74,200,190752,605338
10646,888,cifar10,91.17,19.71,200,525424,2077941
9784,888,cifar10,92.98,92.75,200,570320,2306613
10179,888,cifar10,93.06,93.02,200,745568,2919903
10568,888,cifar10,92.84,44.13,200,795968,3151281
9935,888,cifar10,87.9,81.91,200,429584,1615541
10052,888,cifar10,81.73,77.37,200,256464,787303
9580,888,cifar10,92.52,92.25,200,745232,2911805
10613,888,cifar10,90.09,88.87,200,298288,1210733
9497,888,cifar10,92.17,64.43,200,777744,2936373
10869,888,cifar10,79.08,39.83,200,212592,798581
9970,888,cifar10,84.62,81.69,200,494160,1895141
10814,888,cifar10,87.86,76.59,200,661744,2700443
10079,888,cifar10,91.9,16.64,200,965456,3786399
10735,888,cifar10,92.53,92.43,200,729680,2913375
10021,888,cifar10,92.08,92.1,200,497952,1847139
10792,888,cifar10,92.93,92.78,200,832224,3374787
10440,888,cifar10,88.95,88.43,200,312864,1199967
10043,888,cifar10,75.08,19.15,200,221920,823115
10166,888,cifar10,88.32,88.12,200,528016,2060127
10188,888,cifar10,93.57,83.94,200,541280,2078005
10506,888,cifar10,88.86,88.42,200,273744,992867
9674,888,cifar10,91.9,90.57,200,498672,1870573
10307,888,cifar10,84.89,74.97,200,219392,822923
10406,888,cifar10,91.09,89.26,200,744624,3162431
10578,888,cifar10,93.0,92.89,200,1186944,4882815
9771,888,cifar10,91.6,56.35,200,546528,2082293
9946,888,cifar10,91.39,88.86,200,480064,1846005
10623,888,cifar10,89.25,82.89,200,511552,2095683
10135,888,cifar10,91.38,90.93,200,507424,1878457
9903,888,cifar10,92.84,92.55,200,1009296,4226358
9471,888,cifar10,91.34,88.67,200,465952,1839214
10803,888,cifar10,92.22,91.98,200,1042864,4235459
9821,888,cifar10,91.95,91.49,200,1012096,4027189
10858,888,cifar10,89.83,88.25,200,291264,1018169
10032,888,cifar10,81.07,22.56,200,415520,1609353
10759,888,cifar10,76.24,36.51,200,229920,762897
9719,888,cifar10,10.0,10.0,200,690368,2694973
10657,888,cifar10,85.51,47.6,200,453792,1640871
10483,888,cifar10,73.93,58.53,200,222224,811901
10847,888,cifar10,92.03,91.28,200,766000,2938101
10090,888,cifar10,72.91,16.64,200,272416,1011641
10881,888,cifar10,85.02,34.59,200,265456,1029255
10923,888,cifar10,86.5,72.12,200,237456,1004593
9742,888,cifar10,86.86,54.17,200,270336,1052438
9484,888,cifar10,91.9,91.71,200,503648,1846005
10384,888,cifar10,88.86,86.98,200,359872,1224373
10836,888,cifar10,91.97,69.05,200,763376,2945077
10903,888,cifar10,89.35,80.02,200,237808,812029
10156,888,cifar10,92.64,26.07,200,618000,2514883
9729,888,cifar10,92.99,92.87,200,759952,2936373
10416,888,cifar10,91.27,90.01,200,501456,1847139
10953,888,cifar10,82.72,76.34,200,282032,1018169
10261,888,cifar10,86.55,82.02,200,286352,1011385
10494,888,cifar10,79.1,17.49,200,268800,787495
10891,888,cifar10,85.7,84.2,200,777328,2944501
10147,888,cifar10,89.77,89.43,200,216720,756049
10122,888,cifar10,91.47,88.97,200,687408,2700379
10723,888,cifar10,90.32,88.29,200,306800,1217717
9637,888,cifar10,91.36,89.35,200,480016,1845941
10966,888,cifar10,92.23,92.04,200,709328,2682637
9998,888,cifar10,91.36,89.46,200,453424,1640045
9984,888,cifar10,93.35,93.05,200,755856,2935413
9533,888,cifar10,89.22,88.54,200,286080,985781
10350,888,cifar10,91.62,88.53,200,734512,2980633
9751,888,cifar10,92.86,92.69,200,781312,3184742
10395,888,cifar10,93.26,93.15,200,792480,3144177
10782,888,cifar10,91.11,88.54,200,450304,1616273
10247,888,cifar10,91.04,88.63,200,717424,2955779
9696,888,cifar10,82.94,77.48,200,226896,810149
10991,888,cifar10,87.91,86.36,200,423520,1633887
10112,888,cifar10,92.07,90.81,200,774144,3162431
10943,888,cifar10,89.1,86.99,200,280448,1235395
10293,888,cifar10,86.42,85.77,200,163792,538620
10462,888,cifar10,84.37,83.7,200,436800,1598267
10516,888,cifar10,75.91,66.86,200,437872,1647463
10667,888,cifar10,91.28,90.77,200,530912,1860515
9001,888,cifar10,91.44,90.95,200,738736,2961133
10633,888,cifar10,92.43,36.22,200,1001184,4029767
10234,888,cifar10,91.11,89.34,200,708800,2731961
9959,888,cifar10,89.54,59.03,200,478256,1863590
10473,888,cifar10,76.03,65.26,200,488704,1853987
9808,888,cifar10,92.05,91.78,200,516768,2051965
9880,888,cifar10,92.53,92.74,200,552656,2082101
9866,888,cifar10,90.69,90.62,200,993232,4009341
10224,888,cifar10,89.86,88.46,200,509104,1847203
10065,888,cifar10,92.25,56.65,200,740400,2938101
10933,888,cifar10,92.26,31.67,200,740368,2938101
9796,888,cifar10,89.23,83.61,200,282256,1009389
9661,888,cifar10,93.02,92.86,200,1018800,4027253
9761,888,cifar10,90.27,88.19,200,297648,1034917
10167,888,cifar10,92.12,92.01,200,407968,1604859
9893,888,cifar10,88.85,88.32,200,315376,1198333
10527,888,cifar10,92.48,17.5,200,752800,2938165
10590,888,cifar10,91.77,91.65,200,719328,2720547
10688,888,cifar10,90.86,87.96,200,708928,2732025
9914,888,cifar10,89.9,87.34,200,386992,1446773
10599,888,cifar10,86.78,79.13,200,220928,756113
10678,888,cifar10,92.31,91.98,200,484800,1829261
9925,888,cifar10,92.06,91.82,200,690640,2904950
10451,888,cifar10,75.65,65.13,200,173760,538620
11004,888,cifar10,78.96,23.57,200,450752,1647527
10362,888,cifar10,87.94,80.2,200,685328,2700507
11017,888,cifar10,89.88,24.78,200,497120,1847139
10614,888,cifar10,90.14,41.07,200,276128,993315
10794,888,cifar10,92.58,92.05,200,493664,2046295
10022,888,cifar10,91.79,91.64,200,509488,1835789
10748,888,cifar10,89.94,12.9,200,711360,2955843
9855,888,cifar10,91.55,91.1,200,496048,1851893
10569,888,cifar10,77.19,12.8,200,486656,1871737
10033,888,cifar10,84.26,83.28,200,262800,962573
9936,888,cifar10,92.21,91.67,200,507776,2069358
10180,888,cifar10,92.31,79.36,200,762944,2913567
11052,888,cifar10,88.76,88.24,200,229184,780711
10080,888,cifar10,91.4,89.26,200,492160,1847139
11038,888,cifar10,92.25,53.82,200,559648,2053407
10647,888,cifar10,90.39,66.79,200,543168,2078005
10408,888,cifar10,87.1,83.75,200,241344,805245
9947,888,cifar10,86.32,20.77,200,431072,1628853
10341,888,cifar10,84.31,67.72,200,221760,738107
10044,888,cifar10,75.79,58.58,200,494496,1853987
10771,888,cifar10,91.85,90.34,200,963040,3816067
10441,888,cifar10,89.61,88.34,200,523776,2077941
10848,888,cifar10,80.82,47.78,200,231936,805437
10272,888,cifar10,92.67,91.49,200,781360,3186773
10136,888,cifar10,91.14,89.8,200,488736,1847203
10101,888,cifar10,92.54,92.26,200,793312,3169159
10579,888,cifar10,75.58,21.38,200,504464,1878393
9971,888,cifar10,91.84,91.55,200,766448,2961389
9785,888,cifar10,93.13,93.11,200,988880,4045030
10053,888,cifar10,90.36,85.7,200,741344,2980569
11112,888,cifar10,92.38,92.09,200,425632,1604923
10189,888,cifar10,93.78,93.68,200,789472,3143921
10954,888,cifar10,85.71,11.75,200,282928,987043
10157,888,cifar10,88.21,83.21,200,445984,1840347
11099,888,cifar10,90.03,43.0,200,504144,2070957
10319,888,cifar10,90.7,90.09,200,933360,3766615
10329,888,cifar10,92.27,91.92,200,769744,3144561
10827,888,cifar10,91.72,91.21,200,692016,2906455
10837,888,cifar10,92.14,41.45,200,557968,2066527
10091,888,cifar10,90.18,87.12,200,545136,2102539
10262,888,cifar10,88.61,10.0,200,535408,2065887
9798,888,cifar10,75.42,22.01,200,234816,768693
10386,888,cifar10,84.67,78.19,200,728400,2738233
10351,888,cifar10,90.45,87.57,200,286672,1017913
9926,888,cifar10,89.39,88.52,200,211008,762101
9731,888,cifar10,88.65,88.42,200,505696,1877357
10882,888,cifar10,89.9,88.04,200,502384,1896463
10429,888,cifar10,89.67,81.72,200,281040,993187
10537,888,cifar10,87.26,32.85,200,480592,1889607
10709,888,cifar10,92.68,92.52,200,947904,3997801
10484,888,cifar10,93.82,93.91,200,952256,3798325
10904,888,cifar10,92.1,91.92,200,793648,2944565
10724,888,cifar10,89.74,80.29,200,495184,1871801
10113,888,cifar10,92.34,92.27,200,704928,2688973
11135,888,cifar10,90.69,90.58,200,715744,2695949
11123,888,cifar10,93.21,92.46,200,520128,2095683
9822,888,cifar10,92.61,92.4,200,815552,3390766
10507,888,cifar10,89.15,10.0,200,503408,1847139
11018,888,cifar10,52.75,10.0,200,162704,567648
9904,888,cifar10,89.22,84.43,200,273024,1009709
10148,888,cifar10,70.27,13.07,200,202160,556562
9834,888,cifar10,89.67,88.44,200,565504,2082357
10760,888,cifar10,91.55,89.51,200,480048,1847267
11087,888,cifar10,91.68,91.33,200,797040,3169159
10397,888,cifar10,90.35,84.95,200,345456,1442111
10560,888,cifar10,92.47,92.06,200,773408,3162431
9809,888,cifar10,92.08,90.99,200,497920,1846005
11064,888,cifar10,92.33,92.34,200,1210944,4889671
10689,888,cifar10,90.77,90.52,200,267104,968909
10248,888,cifar10,89.41,13.98,200,732544,2955843
10203,888,cifar10,91.61,91.62,200,803728,3151345
10967,888,cifar10,92.49,91.68,200,941264,3791277
10658,888,cifar10,92.69,92.72,200,521632,2053215
11054,888,cifar10,87.37,81.55,200,422160,1609353
9881,888,cifar10,90.33,85.22,200,508512,1870445
10625,888,cifar10,62.07,10.0,200,182656,549906
10363,888,cifar10,89.82,89.03,200,255472,986915
9772,888,cifar10,92.62,92.58,200,578784,2282493
10035,888,cifar10,89.25,85.65,200,242912,980187
9867,888,cifar10,90.97,90.62,200,686240,2748190
10066,888,cifar10,93.05,92.74,200,575056,2283761
10023,888,cifar10,88.73,19.21,200,299392,987043
10615,888,cifar10,92.37,92.08,200,489248,1829261
10548,888,cifar10,92.14,20.82,200,789408,3144561
10850,888,cifar10,85.9,77.36,200,192240,798325
10570,888,cifar10,86.1,24.42,200,227520,804669
10235,888,cifar10,91.89,87.87,200,536880,2101963
10700,888,cifar10,89.0,14.92,200,530240,2095683
9999,888,cifar10,90.16,47.42,200,487104,1845941
10181,888,cifar10,88.83,88.43,200,249104,811901
10417,888,cifar10,88.71,77.42,200,570736,2284273
10648,888,cifar10,92.11,92.08,200,491296,1829261
11078,888,cifar10,88.47,86.47,200,269168,1210925
10992,888,cifar10,93.52,93.29,200,1029904,4253201
10225,888,cifar10,91.56,91.28,200,763328,2962827
11005,888,cifar10,92.27,49.22,200,737696,2919967
10517,888,cifar10,91.4,90.47,200,509664,1853603
10452,888,cifar10,80.5,73.47,200,227552,787367
10679,888,cifar10,88.99,88.41,200,208176,751355
10011,888,cifar10,92.14,91.88,200,721840,2714147
10214,888,cifar10,89.75,89.57,200,220704,762769
9950,888,cifar10,93.84,93.99,200,717040,2688125
10442,888,cifar10,91.98,92.1,200,457056,1629649
10772,888,cifar10,92.09,92.16,200,701184,2689485
10284,888,cifar10,10.0,10.0,200,154736,552060
10081,888,cifar10,84.71,80.02,200,448224,1672189
10375,888,cifar10,93.06,92.36,200,1017840,4253329
10137,888,cifar10,91.78,91.8,200,453456,1629649
9762,888,cifar10,90.71,90.44,200,308928,1191485
10924,888,cifar10,92.71,92.01,200,1178176,4882687
10330,888,cifar10,74.22,30.25,200,196192,556562
10320,888,cifar10,79.97,20.78,200,180464,556562
10474,888,cifar10,92.02,91.0,200,523808,2077941
10738,888,cifar10,76.91,70.02,200,197776,724339
11208,888,cifar10,89.57,88.04,200,235840,955461
10190,888,cifar10,88.41,81.73,200,234208,787303
10944,888,cifar10,88.27,84.74,200,740704,2720547
11039,888,cifar10,91.41,90.68,200,583648,2308999
10600,888,cifar10,90.21,33.88,200,339888,1217717
10045,888,cifar10,92.19,91.91,200,755696,2938165
10893,888,cifar10,88.96,88.24,200,282064,962317
9752,888,cifar10,91.9,13.32,200,801200,3149245
10342,888,cifar10,90.86,90.64,200,743760,2944629
11028,888,cifar10,86.83,56.96,200,453200,1864753
10508,888,cifar10,10.0,10.0,200,417312,1604987
9786,888,cifar10,88.6,75.9,200,499552,1895077
10580,888,cifar10,90.79,17.38,200,740512,2938101
11125,888,cifar10,78.05,22.27,200,193072,847713
11138,888,cifar10,76.98,11.59,200,210160,798581
10125,888,cifar10,91.62,91.05,200,539424,2077877
11113,888,cifar10,88.72,87.45,200,425184,1591355
9916,888,cifar10,93.71,93.59,200,734080,2911869
9882,888,cifar10,84.35,71.73,200,223488,737213
10934,888,cifar10,90.02,85.84,200,687072,2724913
10168,888,cifar10,93.13,92.7,200,798768,3168519
9937,888,cifar10,92.75,92.63,200,556464,2058749
10398,888,cifar10,86.45,82.64,200,241456,780711
10749,888,cifar10,93.35,93.39,200,1245040,5113553
10529,888,cifar10,92.3,92.3,200,697072,2707299
10274,888,cifar10,91.82,90.85,200,802752,3393169
10430,888,cifar10,90.66,89.81,200,279632,993187
10497,888,cifar10,89.82,86.33,200,470960,1889351
10806,888,cifar10,89.77,85.01,200,922992,3791277
10054,888,cifar10,92.94,92.67,200,984592,4004785
10387,888,cifar10,81.15,22.49,200,454432,1690003
10725,888,cifar10,91.76,15.91,200,522816,1853603
10561,888,cifar10,85.5,40.64,200,246688,805437
10955,888,cifar10,90.87,88.89,200,769152,2944629
10883,888,cifar10,89.58,88.03,200,480496,1889351
11219,888,cifar10,91.82,91.89,200,694528,2689485
10309,888,cifar10,88.22,12.86,200,263088,1004529
10838,888,cifar10,93.6,93.55,200,961600,3773343
10485,888,cifar10,85.7,20.19,200,483456,1889607
11195,888,cifar10,93.14,93.01,200,770368,3137513
10993,888,cifar10,87.51,86.09,200,211520,731195
10158,888,cifar10,88.99,86.68,200,242608,780711
11019,888,cifar10,92.9,92.56,200,537168,2077941
11229,888,cifar10,86.47,46.89,200,483456,1889607
10353,888,cifar10,92.32,90.56,200,722672,2955843
11088,888,cifar10,92.21,92.18,200,743120,2920287
9986,888,cifar10,92.59,92.4,200,534256,2081909
10828,888,cifar10,91.75,91.54,200,431840,1598331
10635,888,cifar10,92.64,92.32,200,539520,2277353
10236,888,cifar10,86.16,74.41,200,208416,773855
10263,888,cifar10,91.94,90.87,200,713728,2731897
11275,888,cifar10,90.2,89.82,200,268208,986915
10149,888,cifar10,88.67,27.45,200,490800,1871801
10465,888,cifar10,86.56,19.08,200,702528,2689357
10182,888,cifar10,66.38,17.69,200,186544,581224
11185,888,cifar10,89.14,10.57,200,526768,2060255
11289,888,cifar10,90.91,91.01,200,524704,2060127
11264,888,cifar10,90.11,89.25,200,719552,2906455
11239,888,cifar10,93.15,92.74,200,714528,2931117
10204,888,cifar10,75.67,61.37,200,464688,1654055
10861,888,cifar10,93.56,93.28,200,1266544,5319885
10690,888,cifar10,90.48,88.71,200,542080,2077877
10701,888,cifar10,88.05,86.43,200,445248,1840283
11164,888,cifar10,91.9,91.83,200,482880,1835789
11100,888,cifar10,89.95,88.86,200,504400,2095555
10538,888,cifar10,88.98,88.75,200,228016,769489
10915,888,cifar10,79.34,41.64,200,196880,749257
10601,888,cifar10,74.98,58.81,200,175056,538684
10453,888,cifar10,87.54,74.82,200,459312,1864753
10851,888,cifar10,92.33,91.95,200,579168,2284273
11209,888,cifar10,89.53,89.38,200,238944,762897
11316,888,cifar10,87.26,65.85,200,459312,1864753
10773,888,cifar10,89.61,67.95,200,479568,1828749
9773,888,cifar10,86.84,40.76,200,684544,2748318
11174,888,cifar10,93.7,93.66,200,715024,2732089
10626,888,cifar10,10.0,10.0,200,289456,1000227
10249,888,cifar10,91.5,88.48,200,755920,3186837
10571,888,cifar10,56.33,10.0,200,188304,549906
10762,888,cifar10,10.0,10.0,200,486448,1835789
10295,888,cifar10,92.1,68.8,200,751664,2962827
10530,888,cifar10,80.85,22.02,200,174880,532028
10659,888,cifar10,10.0,10.0,200,440800,1636369
10710,888,cifar10,91.53,91.3,200,679104,2700443
11006,888,cifar10,92.17,92.2,200,570768,2284273
10067,888,cifar10,90.99,91.05,200,509424,1829261
10215,888,cifar10,92.51,92.18,200,721904,2913503
10114,888,cifar10,92.46,92.05,200,515440,2071021
10649,888,cifar10,92.3,92.17,200,798912,3144497
9927,888,cifar10,93.08,92.68,200,755760,3135542
10945,888,cifar10,80.51,10.0,200,434784,1658549
10364,888,cifar10,84.06,76.91,200,464000,1889351
10431,888,cifar10,86.98,86.52,200,163904,538684
10549,888,cifar10,88.36,88.34,200,217456,769489
11382,888,cifar10,86.67,86.21,200,217248,762769
10980,888,cifar10,89.85,84.04,200,472352,1647655
10082,888,cifar10,91.94,91.99,200,424912,1604987
10376,888,cifar10,84.81,24.31,200,732384,2738553
10285,888,cifar10,90.07,90.01,200,454656,1622993
10670,888,cifar10,92.49,92.03,200,756832,3162431
10410,888,cifar10,89.18,87.9,200,295568,1235523
11340,888,cifar10,91.74,90.57,200,500720,2070893
10581,888,cifar10,88.82,88.5,200,273856,993379
9973,888,cifar10,91.72,21.35,200,489824,1833981
10126,888,cifar10,92.32,92.35,200,488464,1829261
10740,888,cifar10,75.38,62.65,200,204128,581224
10138,888,cifar10,92.91,92.5,200,779600,3162431
10956,888,cifar10,78.28,10.16,200,209568,798517
10192,888,cifar10,93.53,93.37,200,729664,2938165
11079,888,cifar10,93.17,92.96,200,485552,1847139
10275,888,cifar10,91.05,90.72,200,282016,993315
10616,888,cifar10,92.77,90.81,200,764688,2920287
11371,888,cifar10,88.87,27.22,200,493920,1853539
11403,888,cifar10,76.31,63.46,200,448448,1622929
9938,888,cifar10,80.46,72.07,200,488544,1859253
10013,888,cifar10,90.13,82.58,200,475216,1647527
11126,888,cifar10,88.89,81.54,200,490288,1871545
11350,888,cifar10,92.08,91.24,200,770880,2938101
10498,888,cifar10,89.79,89.47,200,478704,1853539
11196,888,cifar10,89.13,84.91,200,267152,987043
10784,888,cifar10,88.94,86.7,200,315536,1260121
10727,888,cifar10,91.05,90.86,200,488416,1847139
10169,888,cifar10,88.25,87.48,200,464640,1654055
11020,888,cifar10,88.74,85.07,200,230912,780711
10750,888,cifar10,93.64,93.49,200,710144,2707299
11230,888,cifar10,91.78,91.7,200,441984,1622929
10518,888,cifar10,92.48,92.32,200,703856,2713699
11361,888,cifar10,90.98,89.38,200,555072,2102667
10343,888,cifar10,91.56,90.6,200,756672,2944821
10884,888,cifar10,92.18,92.06,200,728176,2913311
11066,888,cifar10,10.0,10.0,200,226240,776209
10055,888,cifar10,86.82,27.02,200,685712,2749767
11265,888,cifar10,90.17,89.32,200,476304,1829197
11220,888,cifar10,88.13,13.31,200,551648,2084725
10399,888,cifar10,84.19,67.82,200,699424,2756495
10562,888,cifar10,91.82,91.96,200,505728,1878521
10969,888,cifar10,87.52,10.13,200,289040,1235587
10807,888,cifar10,87.99,17.54,200,507872,2120281
11277,888,cifar10,88.34,87.59,200,474768,1654183
10228,888,cifar10,91.89,91.6,200,492960,1847075
11392,888,cifar10,92.17,91.75,200,766416,3162303
10636,888,cifar10,93.34,93.07,200,928672,3766615
10509,888,cifar10,88.07,76.12,200,684336,2724913
11114,888,cifar10,91.96,91.45,200,724688,2713763
10205,888,cifar10,88.83,36.52,200,277264,1011449
11242,888,cifar10,90.93,88.95,200,724768,2713827
10894,888,cifar10,83.29,67.19,200,676032,2749575
10264,888,cifar10,84.68,73.95,200,711088,2713699
10486,888,cifar10,93.18,92.98,200,814032,3144497
10691,888,cifar10,91.93,90.73,200,495952,1853155
11414,888,cifar10,92.62,92.29,200,770128,2938101
10444,888,cifar10,90.39,89.04,200,249216,980187
10829,888,cifar10,92.66,92.4,200,609072,2291313
10852,888,cifar10,86.78,81.03,200,243056,787495
11090,888,cifar10,89.86,83.32,200,548448,2102795
10238,888,cifar10,88.46,84.4,200,511584,2120281
10839,888,cifar10,91.06,90.75,200,797568,3169223
11253,888,cifar10,92.94,92.57,200,499616,2070957
9753,888,cifar10,92.71,92.61,200,574416,2281661
11426,888,cifar10,88.53,88.01,200,756960,2945077
10466,888,cifar10,91.14,90.67,200,591392,2308935
10650,888,cifar10,92.28,92.06,200,477296,1822029
11495,888,cifar10,86.36,85.88,200,177040,581224
11463,888,cifar10,90.82,89.82,200,432224,1622929
11007,888,cifar10,91.89,91.87,200,459104,1623057
11210,888,cifar10,79.73,17.06,200,455888,1647143
10925,888,cifar10,90.98,29.65,200,741024,2938037
11290,888,cifar10,93.49,92.49,200,725200,2955843
10906,888,cifar10,92.03,91.3,200,959216,4022527
10419,888,cifar10,85.84,58.71,200,235456,780583
11439,888,cifar10,92.89,92.17,200,959776,4022591
11056,888,cifar10,92.6,76.25,200,761744,2920031
10433,888,cifar10,86.53,26.73,200,468688,1829069
10216,888,cifar10,91.31,88.74,200,464784,1864753
10310,888,cifar10,93.22,47.92,200,1263008,5095427
10774,888,cifar10,92.22,91.84,200,525056,2077429
10935,888,cifar10,93.63,93.48,200,748112,3137513
10296,888,cifar10,86.25,61.12,200,473312,1864625
9774,888,cifar10,91.27,89.45,200,504704,1858357
10681,888,cifar10,89.87,88.5,200,509344,1896271
10981,888,cifar10,89.31,85.07,200,252128,1029191
11505,888,cifar10,92.03,91.87,200,466112,1822733
10250,888,cifar10,91.15,90.61,200,541040,2102155
11153,888,cifar10,92.14,27.53,200,754144,2938037
10702,888,cifar10,88.02,87.27,200,451968,1636305
10711,888,cifar10,91.21,90.77,200,542368,2102667
11484,888,cifar10,90.94,89.37,200,480176,1847139
11044,888,cifar10,89.46,88.88,200,216048,756049
10354,888,cifar10,87.83,83.99,200,470144,1665341
11231,888,cifar10,86.28,85.6,200,164000,545404
11517,888,cifar10,89.91,86.47,200,305984,1210733
10286,888,cifar10,88.36,84.99,200,469568,1647655
10332,888,cifar10,91.97,91.76,200,451200,1640871
11451,888,cifar10,90.72,90.06,200,591040,2308871
11551,888,cifar10,75.83,59.16,200,180800,538684
11165,888,cifar10,90.77,88.84,200,495088,1847267
10916,888,cifar10,92.56,92.5,200,570720,2284273
10742,888,cifar10,92.04,89.74,200,521424,1853475
11021,888,cifar10,88.78,88.38,200,234848,794087
10193,888,cifar10,90.84,88.4,200,472848,1864753
10671,888,cifar10,90.68,81.65,200,505520,1871673
11474,888,cifar10,88.46,85.19,200,502304,1896463
11080,888,cifar10,92.72,92.7,200,554448,2060191
10322,888,cifar10,55.56,10.04,200,181168,599166
10763,888,cifar10,86.61,79.17,200,453712,1640871
10539,888,cifar10,90.27,86.13,200,495552,2095683
11318,888,cifar10,93.19,93.05,200,553936,2277353
10411,888,cifar10,92.91,92.64,200,745312,2938165
10627,888,cifar10,90.87,90.07,200,326336,1217205
11539,888,cifar10,86.02,77.46,200,265904,812029
10170,888,cifar10,91.1,89.47,200,484112,2071085
11383,888,cifar10,91.79,68.97,200,486192,1829325
11030,888,cifar10,89.53,89.28,200,458128,1616209
11562,888,cifar10,88.98,88.88,200,227472,762897
10454,888,cifar10,91.22,90.15,200,498640,1871673
11127,888,cifar10,89.31,32.79,200,483344,1889351
11362,888,cifar10,92.15,91.61,200,483696,1847203
10365,888,cifar10,91.45,90.54,200,768624,3187029
10531,888,cifar10,91.46,91.33,200,746896,2962763
10276,888,cifar10,91.11,89.58,200,561760,2302271
10593,888,cifar10,92.57,92.47,200,836496,3599565
10499,888,cifar10,91.31,90.97,200,589872,2284273
10344,888,cifar10,89.14,80.37,200,344720,1423793
11243,888,cifar10,82.84,77.9,200,248032,787367
10786,888,cifar10,91.98,89.97,200,540928,2102667
10693,888,cifar10,67.28,39.06,200,200000,563218
10617,888,cifar10,92.39,91.69,200,763536,2962827
11394,888,cifar10,83.28,14.97,200,284624,1011641
10819,888,cifar10,84.54,81.23,200,513424,1878009
10572,888,cifar10,92.78,92.26,200,781296,3186645
10885,888,cifar10,92.1,20.37,200,555248,2084213
10752,888,cifar10,93.23,93.06,200,778320,3368507
11092,888,cifar10,89.15,88.58,200,287200,986979
10550,888,cifar10,90.55,88.62,200,693584,2749511
10808,888,cifar10,89.6,62.73,200,472032,1864689
11372,888,cifar10,93.6,93.24,200,985664,4022655
10660,888,cifar10,91.62,90.76,200,772448,2962955
10895,888,cifar10,89.95,86.63,200,318048,1217781
10853,888,cifar10,86.73,82.18,200,257328,787303
11586,888,cifar10,87.71,53.92,200,476960,1889223
11221,888,cifar10,92.1,30.37,200,719168,2720867
11415,888,cifar10,92.2,92.13,200,531552,2053151
11428,888,cifar10,88.86,87.58,200,491856,2046295
10840,888,cifar10,90.58,90.37,200,523504,1853475
11200,888,cifar10,84.94,82.38,200,451952,1635921
10445,888,cifar10,90.92,69.02,200,325488,1217717
11574,888,cifar10,91.64,13.08,200,726464,2720483
11266,888,cifar10,87.88,79.42,200,431824,1616209
10946,888,cifar10,92.44,12.73,200,833088,3375107
10970,888,cifar10,93.29,92.88,200,823952,3151473
11496,888,cifar10,86.61,10.0,200,346624,1206303
11404,888,cifar10,85.52,38.55,200,475104,1889607
11292,888,cifar10,86.65,35.01,200,289760,993379
10476,888,cifar10,93.83,93.53,200,986848,4022655
10252,888,cifar10,83.99,75.36,200,228336,780647
11068,888,cifar10,79.0,24.48,200,427200,1683275
9775,888,cifar10,88.3,83.93,200,469664,1839278
10389,888,cifar10,92.6,92.55,200,827312,3151473
10206,888,cifar10,92.4,92.16,200,984784,4004849
10875,888,cifar10,79.6,65.31,200,247216,805437
10672,888,cifar10,83.88,83.47,200,176400,532028
11166,888,cifar10,56.39,10.19,200,183392,574568
10563,888,cifar10,92.41,90.93,200,802816,3393169
10510,888,cifar10,92.43,91.84,200,967056,3798197
11187,888,cifar10,89.51,88.67,200,402160,1654275
10400,888,cifar10,93.53,93.42,200,1051488,4459725
10995,888,cifar10,92.82,84.99,200,1025232,4011697
10467,888,cifar10,69.18,30.52,200,507440,1896335
10716,888,cifar10,80.68,14.58,200,286096,1000291
11552,888,cifar10,86.35,80.43,200,440144,1616273
10743,888,cifar10,80.09,58.08,200,228752,780583
11211,888,cifar10,90.31,85.6,200,505792,1878457
11057,888,cifar10,89.41,84.04,200,497040,1896335
10682,888,cifar10,88.28,84.06,200,490208,1871737
10519,888,cifar10,86.68,44.11,200,474272,1889223
11452,888,cifar10,80.66,60.36,200,237728,805501
10334,888,cifar10,92.17,92.24,200,499344,1829069
11440,888,cifar10,92.16,92.08,200,727888,2937717
10637,888,cifar10,93.07,93.04,200,1262384,5095171
10298,888,cifar10,90.41,88.9,200,551072,2078069
11154,888,cifar10,85.86,84.5,200,499136,1860515
11177,888,cifar10,89.19,88.61,200,332944,1199967
11141,888,cifar10,85.58,51.43,200,483664,1914013
11518,888,cifar10,88.41,87.58,200,518576,1860515
10287,888,cifar10,91.71,90.77,200,530848,1860451
11129,888,cifar10,87.7,74.6,200,245472,980059
11254,888,cifar10,92.79,92.59,200,1032016,4029255
10703,888,cifar10,92.95,92.85,200,787776,3144433
11475,888,cifar10,89.67,88.89,200,482960,1847139
11232,888,cifar10,93.79,93.85,200,954064,3773471
11103,888,cifar10,92.02,91.3,200,758368,3162431
11045,888,cifar10,92.33,92.05,200,495696,1822605
10863,888,cifar10,88.46,88.05,200,742688,2738297
10603,888,cifar10,93.93,93.79,200,776496,3144561
11008,888,cifar10,87.46,79.65,200,677488,2700379
10355,888,cifar10,91.8,91.28,200,767504,2938101
10730,888,cifar10,88.31,87.28,200,445008,1815621
10366,888,cifar10,89.36,88.92,200,252160,1004593
10412,888,cifar10,93.53,93.32,200,532256,2053151
11464,888,cifar10,86.44,86.3,200,504208,1853667
11620,888,cifar10,90.74,89.09,200,523360,2095747
10775,888,cifar10,86.9,53.6,200,459200,1840347
10379,888,cifar10,90.69,89.63,200,565776,2309127
10854,888,cifar10,10.0,10.0,200,162768,551996
11373,888,cifar10,86.67,86.17,200,219904,744763
10217,888,cifar10,93.37,93.12,200,715696,2906455
11022,888,cifar10,93.64,93.37,200,745248,2938101
10831,888,cifar10,90.99,90.66,200,706160,2714147
10583,888,cifar10,90.75,89.82,200,771808,2962827
10456,888,cifar10,89.12,21.41,200,502640,1853091
10917,888,cifar10,88.99,86.16,200,548352,2102603
11540,888,cifar10,89.5,46.58,200,367104,1448839
10420,888,cifar10,87.34,10.74,200,476480,1889415
10907,888,cifar10,88.55,13.85,200,295888,1000355
11081,888,cifar10,90.1,83.26,200,746960,2738681
11116,888,cifar10,92.03,91.19,200,784960,3169287
10618,888,cifar10,88.9,10.0,200,289056,1000547
10764,888,cifar10,91.42,89.67,200,693696,2731897
11530,888,cifar10,93.36,75.87,200,752368,2919775
11395,888,cifar10,93.53,93.17,200,713712,2906455
10651,888,cifar10,87.45,42.71,200,691424,2749383
10936,888,cifar10,92.41,52.14,200,522544,2060255
10886,888,cifar10,92.46,92.41,200,492096,1847267
10753,888,cifar10,91.43,90.6,200,522112,1847203
11384,888,cifar10,92.11,91.86,200,766448,3162303
11307,888,cifar10,93.83,93.68,200,793680,3368443
10926,888,cifar10,89.63,88.39,200,341840,1242635
11656,888,cifar10,86.61,14.53,200,264960,968909
10477,888,cifar10,75.92,66.84,200,187984,563218
10809,888,cifar10,92.28,91.95,200,484832,1847203
10983,888,cifar10,90.08,89.17,200,384768,1672849
11575,888,cifar10,10.0,10.0,200,276560,1000227
10594,888,cifar10,91.81,91.29,200,608848,2290929
11353,888,cifar10,92.99,69.28,200,755664,2938037
11690,888,cifar10,88.31,87.36,200,445040,1815621
10841,888,cifar10,88.88,86.33,200,288112,993507
10435,888,cifar10,75.38,64.85,200,450208,1647463
11429,888,cifar10,91.17,89.97,200,478672,1847139
11330,888,cifar10,10.0,10.0,200,170672,569938
11704,888,cifar10,76.71,31.53,200,209648,773855
10446,888,cifar10,92.19,92.0,200,526736,2053215
11279,888,cifar10,92.65,92.55,200,1042384,4011697
10500,888,cifar10,92.58,92.23,200,770192,2962891
11668,888,cifar10,88.09,79.56,200,446048,1840347
11497,888,cifar10,89.81,88.4,200,517392,2053151
11587,888,cifar10,92.76,92.27,200,525504,2078005
10947,888,cifar10,92.19,91.96,200,697808,2695949
10488,888,cifar10,88.65,10.0,200,555232,2084213
11319,888,cifar10,91.25,90.84,200,462128,1864753
11293,888,cifar10,89.61,86.8,200,283504,1011577
11416,888,cifar10,88.37,82.0,200,334080,1242443
10390,888,cifar10,89.01,86.29,200,509664,1853667
11563,888,cifar10,90.62,80.62,200,497344,1871545
11679,888,cifar10,90.85,87.87,200,490928,1871801
10638,888,cifar10,10.0,10.0,200,225856,776081
10997,888,cifar10,89.94,87.82,200,296400,1011641
11646,888,cifar10,91.68,91.33,200,757312,3162431
10971,888,cifar10,86.63,11.99,200,517248,1878457
11740,888,cifar10,80.56,38.0,200,441552,1616337
10717,888,cifar10,75.92,14.59,200,305088,1000291
11244,888,cifar10,92.06,91.48,200,996352,4046869
10573,888,cifar10,92.51,92.09,200,802688,3393105
10661,888,cifar10,92.52,80.24,200,764128,2962763
10520,888,cifar10,10.0,10.0,200,475424,1842701
11093,888,cifar10,83.49,69.7,200,241152,787495
10897,888,cifar10,92.02,91.7,200,806304,3169095
11363,888,cifar10,90.9,48.44,200,562784,2078005
10744,888,cifar10,88.83,10.88,200,540720,2060127
11752,888,cifar10,83.91,83.63,200,443360,1616337
11609,888,cifar10,85.38,70.9,200,239104,805245
11167,888,cifar10,93.6,93.48,200,750144,3137513
10540,888,cifar10,92.68,91.55,200,735152,2938293
11059,888,cifar10,89.98,89.71,200,493408,1871801
10312,888,cifar10,78.21,16.91,200,209632,773983
11178,888,cifar10,90.04,89.45,200,271872,1210797
10619,888,cifar10,76.27,68.47,200,195568,724339
11342,888,cifar10,56.57,10.09,200,144480,542986
11519,888,cifar10,88.5,80.69,200,261792,1004529
11155,888,cifar10,93.22,92.9,200,535872,2053215
11031,888,cifar10,92.37,92.0,200,972320,4022655
10345,888,cifar10,88.96,32.23,200,492304,1871929
11405,888,cifar10,92.37,12.34,200,1005040,4004785
11142,888,cifar10,92.81,92.3,200,517440,2053407
10564,888,cifar10,92.75,92.59,200,548336,2084533
10511,888,cifar10,91.68,91.73,200,522592,2095619
11212,888,cifar10,91.89,91.51,200,735184,2713699
10694,888,cifar10,92.91,83.41,200,810080,3151473
11717,888,cifar10,93.02,92.68,200,760176,2920287
10958,888,cifar10,86.2,10.38,200,536528,2102731
11233,888,cifar10,92.09,35.22,200,496624,1835981
11188,888,cifar10,90.74,90.17,200,555184,2102795
10765,888,cifar10,79.35,21.64,200,207792,773791
11268,888,cifar10,92.31,92.06,200,698080,2707299
10799,888,cifar10,88.6,88.39,200,513104,2053151
11621,888,cifar10,78.68,40.83,200,422528,1634143
10629,888,cifar10,89.93,34.86,200,264640,968909
11541,888,cifar10,88.69,84.82,200,233344,762897
11256,888,cifar10,88.65,14.52,200,527344,2077877
11788,888,cifar10,88.99,85.55,200,280752,1011769
10605,888,cifar10,92.62,92.58,200,729632,2913247
10908,888,cifar10,88.94,86.15,200,250080,1029255
11280,888,cifar10,80.79,48.07,200,186304,549906
11764,888,cifar10,73.96,11.64,200,703920,2731961
11070,888,cifar10,92.14,92.04,200,537168,2059551
11531,888,cifar10,86.56,86.22,200,472368,1829325
11453,888,cifar10,90.98,90.44,200,984192,3804853
10356,888,cifar10,92.87,92.43,200,721440,2931117
10984,888,cifar10,89.72,87.79,200,234320,780711
10652,888,cifar10,75.86,66.52,200,443248,1629649
11657,888,cifar10,90.31,89.88,200,452496,1622993
11308,888,cifar10,86.22,22.33,200,440672,1623057
11046,888,cifar10,88.85,78.82,200,508240,1896463
11553,888,cifar10,89.02,85.47,200,331600,1242187
11486,888,cifar10,88.2,86.39,200,217968,762833
11476,888,cifar10,92.22,92.04,200,418448,1598267
11117,888,cifar10,89.29,88.16,200,286384,1018425
10864,888,cifar10,88.93,84.9,200,721984,2756495
11598,888,cifar10,93.31,93.19,200,758432,2938165
10788,888,cifar10,92.97,92.29,200,733120,2955907
11354,888,cifar10,87.02,33.05,200,240848,1004529
10674,888,cifar10,92.03,91.95,200,473552,1829325
11374,888,cifar10,92.96,93.06,200,791136,3368443
10918,888,cifar10,90.9,90.73,200,745408,2920287
11833,888,cifar10,79.88,63.33,200,244624,762833
10821,888,cifar10,87.82,86.57,200,230064,955461
10551,888,cifar10,91.93,91.51,200,966880,3822987
10842,888,cifar10,88.3,71.78,200,274672,992931
10776,888,cifar10,86.81,78.42,200,253872,980123
11082,888,cifar10,90.82,88.14,200,510112,2095555
11396,888,cifar10,92.23,91.91,200,550656,2302143
10584,888,cifar10,91.75,84.77,200,536816,2102795
11589,888,cifar10,88.04,82.95,200,463120,1840219
11104,888,cifar10,93.13,92.78,200,1032080,4029383
11812,888,cifar10,91.89,29.96,200,711712,2695565
11799,888,cifar10,93.02,92.85,200,803760,3169159
10478,888,cifar10,74.65,10.0,200,435488,1707745
10457,888,cifar10,88.01,87.83,200,756832,2945077
11777,888,cifar10,93.64,93.46,200,1065536,4235459
10422,888,cifar10,92.03,89.94,200,566336,2326293
11094,888,cifar10,80.61,38.23,200,229040,762769
11130,888,cifar10,90.61,89.26,200,552432,2084341
11742,888,cifar10,92.01,91.88,200,480176,1829261
11032,888,cifar10,92.2,92.1,200,417744,1598267
10898,888,cifar10,90.97,89.38,200,443776,1622993
11417,888,cifar10,90.05,41.96,200,735584,2913567
11223,888,cifar10,84.53,10.0,200,349088,1224501
11577,888,cifar10,90.89,91.04,200,451760,1622929
10512,888,cifar10,87.29,83.14,200,244208,780711
11844,888,cifar10,86.58,82.82,200,237792,811965
10718,888,cifar10,91.91,91.3,200,486256,1871865
11364,888,cifar10,75.75,65.79,200,455728,1647591
10745,888,cifar10,76.1,65.63,200,466480,1647591
11498,888,cifar10,10.0,10.0,200,432080,1629585
10855,888,cifar10,92.63,92.21,200,798800,3168839
11691,888,cifar10,92.3,92.02,200,692768,2707235
10574,888,cifar10,92.18,91.94,200,552272,2077941
10754,888,cifar10,91.67,90.49,200,497280,2070957
10684,888,cifar10,92.69,92.4,200,771552,2920287
11823,888,cifar10,92.65,91.77,200,994096,4022655
11564,888,cifar10,93.64,86.06,200,973280,3780127
11728,888,cifar10,79.81,61.69,200,162832,532028
11680,888,cifar10,91.76,91.81,200,440288,1604923
11202,888,cifar10,91.11,89.53,200,682128,2707299
11157,888,cifar10,93.69,93.61,200,714736,2707363
11520,888,cifar10,91.92,70.16,200,697424,2707427
10662,888,cifar10,84.48,11.23,200,766688,2944501
11246,888,cifar10,92.56,84.36,200,777712,2938037
10927,888,cifar10,92.42,92.25,200,695184,2689485
11658,888,cifar10,79.13,21.8,200,208560,773855
11670,888,cifar10,87.67,10.0,200,255632,1004593
11854,888,cifar10,89.75,88.32,200,337504,1223413
11011,888,cifar10,92.01,91.85,200,1013456,4029191
11406,888,cifar10,89.1,79.58,200,503632,1896335
10998,888,cifar10,89.87,88.6,200,759488,2962763
10877,888,cifar10,89.06,85.24,200,242704,780711
11294,888,cifar10,93.38,93.02,200,1013760,4029063
11634,888,cifar10,92.14,91.91,200,969344,3805237
11213,888,cifar10,89.91,87.77,200,308480,1242443
11878,888,cifar10,89.34,88.46,200,239568,762769
11647,888,cifar10,93.37,92.7,200,994752,4022591
10565,888,cifar10,92.07,91.69,200,558416,2302207
10937,888,cifar10,92.66,92.57,200,789424,3144561
10961,888,cifar10,86.72,77.99,200,470768,1690195
11508,888,cifar10,88.51,84.3,200,235232,756113
10653,888,cifar10,86.67,63.71,200,217568,780711
11320,888,cifar10,92.08,91.85,200,551792,2060127
10766,888,cifar10,55.74,10.65,200,203408,574568
11047,888,cifar10,80.73,60.32,200,260688,787367
11072,888,cifar10,87.15,20.71,200,450336,1640871
11118,888,cifar10,87.94,86.97,200,661312,2675781
10948,888,cifar10,93.81,93.67,200,941696,3766615
11060,888,cifar10,93.49,93.48,200,814848,3393041
11343,888,cifar10,89.78,88.36,200,340096,1242635
10843,888,cifar10,80.28,33.18,200,233200,762769
11467,888,cifar10,91.91,91.95,200,573680,2284273
11189,888,cifar10,90.9,90.15,200,756736,2944821
11309,888,cifar10,92.89,92.52,200,483472,1847139
10630,888,cifar10,92.17,91.9,200,475920,1822477
11554,888,cifar10,91.77,91.74,200,702672,2689421
11834,888,cifar10,90.84,88.91,200,461376,1840347
11754,888,cifar10,93.49,93.59,200,1280688,5095619
10620,888,cifar10,92.97,92.84,200,765280,2938037
10985,888,cifar10,92.19,91.21,200,716400,2707299
11397,888,cifar10,86.22,22.76,200,232768,787367
11024,888,cifar10,92.05,16.72,200,711776,2696077
11454,888,cifar10,92.65,92.49,200,766608,2920287
11487,888,cifar10,92.87,92.34,200,558112,2277353
11542,888,cifar10,89.15,86.04,200,274416,987043
10695,888,cifar10,91.79,44.03,200,1013488,4029191
11813,888,cifar10,10.0,10.0,200,439504,1629649
10789,888,cifar10,89.15,86.46,200,291120,1011705
11705,888,cifar10,92.67,92.55,200,1463680,5955907
11477,888,cifar10,59.75,17.51,200,181696,549906
11532,888,cifar10,92.13,91.43,200,743728,2944757
11432,888,cifar10,88.68,87.04,200,279056,969165
11224,888,cifar10,48.62,15.48,200,156080,616844
10675,888,cifar10,75.76,67.37,200,290752,1018233
11914,888,cifar10,89.67,10.0,200,470336,1840347
11281,888,cifar10,89.68,88.08,200,325536,1217781
11891,888,cifar10,88.68,88.43,200,290672,1018297
10865,888,cifar10,88.94,85.85,200,542000,2077941
10521,888,cifar10,92.96,92.81,200,767600,2943861
10777,888,cifar10,92.18,24.22,200,728672,2713699
11168,888,cifar10,10.0,10.0,200,719536,2720547
10811,888,cifar10,92.9,92.47,200,583760,2308743
11903,888,cifar10,89.97,86.58,200,492656,1871929
11599,888,cifar10,92.14,90.81,200,557056,2302271
10909,888,cifar10,89.66,87.73,200,307216,1210797
11106,888,cifar10,92.49,91.95,200,705456,2714147
11718,888,cifar10,91.28,88.6,200,538176,2077941
11622,888,cifar10,88.28,87.03,200,507232,1878585
10919,888,cifar10,92.94,92.55,200,756896,3162239
11845,888,cifar10,80.34,13.01,200,424576,1658485
10833,888,cifar10,91.71,90.96,200,757040,2962827
10423,888,cifar10,85.32,82.49,200,541424,2084341
10732,888,cifar10,92.24,91.77,200,498624,2046295
11578,888,cifar10,91.93,91.14,200,498624,2070957
10585,888,cifar10,91.88,91.46,200,940656,3816003
10596,888,cifar10,92.04,91.9,200,436800,1598331
10963,888,cifar10,85.02,57.7,200,214544,773727
10719,888,cifar10,89.61,87.98,200,497184,1871929
11778,888,cifar10,93.36,92.81,200,1003168,4004785
11855,888,cifar10,85.04,48.87,200,243056,780583
11522,888,cifar10,88.74,88.38,200,251456,787367
11203,888,cifar10,90.3,88.03,200,489696,1847075
11158,888,cifar10,92.04,91.96,200,690656,2906455
11635,888,cifar10,89.63,88.47,200,238896,780711
11928,888,cifar10,92.91,92.34,200,991136,4022655
10608,888,cifar10,92.17,91.91,200,708816,2738553
11744,888,cifar10,89.99,9.68,200,785984,3169543
11025,888,cifar10,84.49,71.85,200,225232,731195
10856,888,cifar10,91.97,91.32,200,512896,2077557
10705,888,cifar10,90.55,82.87,200,723232,2955651
11418,888,cifar10,93.0,53.56,200,802592,3151089
10746,888,cifar10,90.02,10.09,200,368496,1448647
11566,888,cifar10,91.06,76.23,200,595664,2291313
11355,888,cifar10,89.83,75.84,200,491376,1896271
10663,888,cifar10,92.29,92.24,200,729536,2913375
11692,888,cifar10,94.13,94.0,200,770912,2920287
11671,888,cifar10,91.29,90.81,200,490336,1853987
11949,888,cifar10,89.72,38.27,200,482992,1847139
11729,888,cifar10,89.82,89.18,200,262736,1186135
11962,888,cifar10,86.12,59.2,200,442384,1640871
11468,888,cifar10,86.4,83.98,200,245584,769489
11938,888,cifar10,92.02,91.3,200,722336,2738617
11215,888,cifar10,89.82,88.99,200,316848,1018297
11365,888,cifar10,91.16,90.57,200,755392,2962507
10889,888,cifar10,92.54,92.24,200,544720,2302271
10999,888,cifar10,86.99,82.46,200,251920,811965
11034,888,cifar10,89.5,76.64,200,695664,2724849
11590,888,cifar10,92.11,91.43,200,765968,2938229
10899,888,cifar10,87.43,68.28,200,452464,1864753
11061,888,cifar10,86.74,74.55,200,243584,1004593
11310,888,cifar10,75.8,10.87,200,220848,823115
10755,888,cifar10,79.18,37.82,200,413312,1609417
10552,888,cifar10,93.42,93.17,200,709328,2707299
11073,888,cifar10,88.84,88.42,200,523232,2060127
11095,888,cifar10,92.25,91.4,200,764608,2938101
11247,888,cifar10,90.77,90.49,200,778240,3151281
10845,888,cifar10,91.93,91.86,200,689872,2689357
11048,888,cifar10,92.36,92.06,200,907104,3766615
11444,888,cifar10,80.39,61.5,200,178480,532028
11282,888,cifar10,91.92,91.79,200,436944,1598267
10790,888,cifar10,91.58,91.28,200,443472,1604859
10575,888,cifar10,93.38,93.17,200,1197104,4882815
11879,888,cifar10,93.37,93.07,200,928704,3791341
10696,888,cifar10,75.69,14.2,200,264864,993379
11824,888,cifar10,89.29,20.62,200,961232,3840537
10949,888,cifar10,88.4,82.63,200,497296,1871737
11892,888,cifar10,47.83,10.0,200,174256,616844
11659,888,cifar10,92.45,92.25,200,545584,2277353
10975,888,cifar10,93.69,93.58,200,729696,2931053
11398,888,cifar10,93.19,93.07,200,771552,2920287
11533,888,cifar10,93.4,93.3,200,485600,1829261
11790,888,cifar10,86.0,80.71,200,240784,1004593
11235,888,cifar10,93.46,93.17,200,1030528,4253329
11866,888,cifar10,92.05,31.86,200,496672,1842701
11835,888,cifar10,89.04,10.7,200,514240,1878393
11648,888,cifar10,89.44,13.11,200,751536,2962891
11012,888,cifar10,92.17,91.0,200,987744,4047189
11977,888,cifar10,89.07,87.96,200,515360,1878393
10812,888,cifar10,87.47,82.55,200,246704,805245
11755,888,cifar10,92.59,92.47,200,752256,2920287
12001,888,cifar10,90.8,89.84,200,443536,1623057
11455,888,cifar10,89.63,86.15,200,686368,2724849
10834,888,cifar10,73.86,10.45,200,201296,574568
11600,888,cifar10,92.02,53.2,200,489232,1847203
11433,888,cifar10,91.73,90.64,200,711232,2731897
11180,888,cifar10,87.23,80.75,200,246656,805245
10910,888,cifar10,88.55,83.48,200,273696,993507
12035,888,cifar10,76.09,67.9,200,233328,762769
11190,888,cifar10,91.9,91.25,200,566272,2326485
11623,888,cifar10,91.98,62.73,200,487952,1829197
11296,888,cifar10,93.21,92.28,200,1232896,5113489
11258,888,cifar10,92.01,91.61,200,978368,3822987
12012,888,cifar10,75.37,64.98,200,450080,1629649
11904,888,cifar10,91.05,91.24,200,699168,2731897
11145,888,cifar10,93.96,93.85,200,954688,3773471
10878,888,cifar10,92.45,92.16,200,731792,2931181
11556,888,cifar10,88.92,82.67,200,280656,986979
11802,888,cifar10,88.76,86.12,200,714624,2756495
10866,888,cifar10,91.76,89.96,200,914336,3791277
12062,888,cifar10,91.68,91.78,200,430256,1591355
11488,888,cifar10,92.83,92.7,200,798752,3169159
11681,888,cifar10,92.09,12.06,200,1234784,4871793
10522,888,cifar10,76.13,62.92,200,720816,2738553
11409,888,cifar10,10.0,10.0,200,201072,750971
10938,888,cifar10,79.07,45.37,200,245616,1053981
11767,888,cifar10,85.37,74.58,200,528976,2102731
11523,888,cifar10,86.7,81.63,200,241744,805245
11321,888,cifar10,93.05,93.16,200,748816,3137513
11814,888,cifar10,87.08,52.75,200,473840,1864753
11929,888,cifar10,91.94,91.96,200,665600,2675781
10767,888,cifar10,93.77,93.71,200,993312,4228667
10609,888,cifar10,79.7,21.54,200,421920,1634015
11119,888,cifar10,87.95,14.93,200,730896,2731769
11988,888,cifar10,92.25,91.16,200,1174832,4882751
11915,888,cifar10,93.23,92.88,200,1017936,4253265
11248,888,cifar10,89.47,89.16,200,204096,738107
11745,888,cifar10,89.27,88.92,200,315456,1199711
12024,888,cifar10,91.51,90.88,200,955904,3798261
11779,888,cifar10,88.77,25.34,200,537696,2078005
11637,888,cifar10,92.66,92.7,200,748848,3137513
10987,888,cifar10,89.88,81.39,200,527712,1878265
10920,888,cifar10,92.32,91.57,200,958800,3804981
11332,888,cifar10,93.12,92.98,200,767584,3137513
10733,888,cifar10,93.4,93.39,200,1029024,4004721
11534,888,cifar10,92.44,92.39,200,441088,1598267
12072,888,cifar10,88.95,85.52,200,280096,987107
11543,888,cifar10,91.82,90.71,200,566480,2326293
12105,888,cifar10,55.07,10.0,200,205280,574568
10706,888,cifar10,91.96,92.04,200,540000,2077941
11344,888,cifar10,92.84,92.46,200,820224,3375171
11672,888,cifar10,89.36,73.55,200,717728,2707299
11567,888,cifar10,92.65,92.29,200,532544,2078005
11026,888,cifar10,92.68,92.29,200,558464,2302271
11356,888,cifar10,90.35,89.69,200,551808,2077941
11169,888,cifar10,88.77,86.37,200,280400,1235523
11693,888,cifar10,93.0,92.94,200,724128,2713827
11159,888,cifar10,87.92,80.59,200,420656,1609353
11591,888,cifar10,91.03,89.16,200,695008,2707427
12093,888,cifar10,90.73,90.45,200,500752,1835405
10890,888,cifar10,90.35,84.96,200,719120,2931117
11271,888,cifar10,93.73,93.62,200,970896,3797941
11000,888,cifar10,93.57,93.26,200,575776,2283633
11445,888,cifar10,91.7,91.11,200,498336,1853219
11660,888,cifar10,88.58,82.53,200,234112,787303
11096,888,cifar10,88.92,84.53,200,529824,2077877
12083,888,cifar10,91.49,89.53,200,507120,2070957
10976,888,cifar10,89.8,89.54,200,472112,1847267
11978,888,cifar10,80.09,61.13,200,244560,1029319
11856,888,cifar10,92.15,92.1,200,530368,2060127
11419,888,cifar10,92.27,91.8,200,953936,3822987
11836,888,cifar10,92.58,92.45,200,522720,1853475
11867,888,cifar10,92.93,92.82,200,528032,2053215
11376,888,cifar10,93.52,93.31,200,516752,2053407
11434,888,cifar10,88.84,86.9,200,240784,805501
10964,888,cifar10,91.76,91.5,200,523936,2095747
11035,888,cifar10,92.28,91.31,200,723280,2955779
10791,888,cifar10,92.46,92.27,200,533136,2078005
11846,888,cifar10,89.09,86.46,200,725744,2980441
10664,888,cifar10,75.28,63.7,200,459104,1629649
11366,888,cifar10,93.38,93.19,200,817008,3169031
11204,888,cifar10,91.95,91.97,200,501472,1853539
11236,888,cifar10,92.4,92.14,200,737088,2713699
11905,888,cifar10,89.57,89.07,200,267856,969037
11719,888,cifar10,92.68,77.49,200,768096,2944501
11706,888,cifar10,90.71,90.72,200,751616,2962763
10857,888,cifar10,91.18,89.9,200,481616,1846947
11893,888,cifar10,92.37,91.97,200,723216,2738041
11074,888,cifar10,80.52,33.4,200,231872,762769
12013,888,cifar10,91.9,91.66,200,493536,2046295
11613,888,cifar10,10.0,10.0,200,754784,2926815
10879,888,cifar10,85.23,29.61,200,246688,805373
11085,888,cifar10,90.03,87.86,200,351424,1466389
11649,888,cifar10,87.4,81.87,200,481280,1913885
10835,888,cifar10,93.74,93.65,200,760320,2913375
11524,888,cifar10,91.71,91.74,200,440288,1616337
11283,888,cifar10,91.04,89.83,200,496464,1847203
11825,888,cifar10,93.32,93.05,200,816976,3168967
10901,888,cifar10,92.06,91.82,200,530912,2053343
11147,888,cifar10,92.33,92.04,200,551520,2053343
10553,888,cifar10,92.55,46.98,200,539008,2053407
12036,888,cifar10,89.62,88.78,200,218832,738171
10846,888,cifar10,79.53,20.33,200,475856,1847267
11746,888,cifar10,78.7,11.65,200,208560,773791
11500,888,cifar10,92.64,92.35,200,970112,3997801
11768,888,cifar10,87.24,81.7,200,258272,787431
11731,888,cifar10,90.71,89.32,200,556784,2102667
11916,888,cifar10,87.9,76.82,200,421360,1633887
11013,888,cifar10,92.58,92.28,200,965968,3798325
11192,888,cifar10,88.89,29.63,200,555088,2077877
11456,888,cifar10,93.57,93.43,200,983312,3997737
11311,888,cifar10,87.37,34.82,200,676128,2749383
11791,888,cifar10,91.81,91.23,200,1012160,4029383
11181,888,cifar10,92.09,66.21,200,967216,3780255
11964,888,cifar10,92.1,92.07,200,1162960,4857961
10721,888,cifar10,93.59,93.42,200,1051456,4459725
11557,888,cifar10,92.76,92.4,200,736032,3137577
11803,888,cifar10,92.33,92.17,200,563264,2508283
12063,888,cifar10,91.98,24.58,200,947040,3773727
11226,888,cifar10,93.68,93.74,200,705488,2713059
10756,888,cifar10,89.79,80.72,200,697008,2774173
12051,888,cifar10,90.55,88.2,200,308304,1235459
11601,888,cifar10,93.08,92.69,200,1000896,4004657
11682,888,cifar10,84.63,81.01,200,687024,2756559
12127,888,cifar10,89.3,9.76,200,750400,2926111
11815,888,cifar10,91.16,89.28,200,706544,2707299
11780,888,cifar10,75.39,61.8,200,223264,787303
11049,888,cifar10,91.91,91.32,200,525328,2077877
11298,888,cifar10,93.74,93.61,200,992208,4004785
12002,888,cifar10,93.41,93.03,200,518816,2053407
11489,888,cifar10,89.09,32.99,200,528736,2095683
12137,888,cifar10,90.98,67.16,200,493200,1853667
10802,888,cifar10,89.74,17.99,200,583440,2308999
12084,888,cifar10,49.62,21.88,200,156080,592246
11544,888,cifar10,86.15,48.1,200,228864,780583
11120,888,cifar10,88.17,10.0,200,503376,2095747
11990,888,cifar10,90.4,90.21,200,713072,2713699
12174,888,cifar10,88.76,85.47,200,264864,986595
11063,888,cifar10,88.6,85.18,200,475168,1647655
12073,888,cifar10,89.5,86.69,200,291312,1235523
11133,888,cifar10,91.71,90.34,200,496208,1871737
10911,888,cifar10,92.98,92.72,200,530448,2060127
11720,888,cifar10,86.39,86.24,200,164384,538684
11357,888,cifar10,87.15,76.25,200,471984,1864753
11249,888,cifar10,87.16,71.09,200,217696,780711
10779,888,cifar10,93.23,92.85,200,1203344,4889799
12106,888,cifar10,91.75,12.11,200,538608,2066527
11470,888,cifar10,90.32,39.22,200,694000,2724849
11940,888,cifar10,91.21,90.91,200,541328,2084213
11388,888,cifar10,91.18,87.12,200,502992,2095619
11757,888,cifar10,92.1,92.12,200,466688,1829069
11979,888,cifar10,92.02,91.98,200,453248,1629585
12164,888,cifar10,93.09,92.84,200,769536,2920287
11322,888,cifar10,86.36,82.05,200,443008,1640807
10951,888,cifar10,89.51,64.12,200,490592,1822541
11626,888,cifar10,87.15,63.7,200,218176,756049
10965,888,cifar10,89.49,87.36,200,490528,2046295
11673,888,cifar10,86.1,27.98,200,690768,2749575
11160,888,cifar10,88.28,75.03,200,497616,1896399
10988,888,cifar10,93.41,93.27,200,1006080,4228603
10939,888,cifar10,91.78,47.7,200,543136,2059935
12185,888,cifar10,87.24,55.25,200,449648,1640743
11650,888,cifar10,77.54,10.08,200,209536,798389
11205,888,cifar10,78.28,20.33,200,435952,1658549
11837,888,cifar10,92.28,91.9,200,677120,2724913
11694,888,cifar10,92.98,92.63,200,737056,2955907
11217,888,cifar10,93.69,93.49,200,737904,2938165
11816,888,cifar10,87.37,86.1,200,218320,731131
11511,888,cifar10,91.75,91.95,200,697184,2695757
11662,888,cifar10,92.05,92.05,200,928736,3791341
11170,888,cifar10,91.62,91.39,200,432528,1598331
10977,888,cifar10,90.06,77.42,200,509408,2095683
11410,888,cifar10,92.09,91.71,200,1012736,4029447
11781,888,cifar10,84.2,83.33,200,186656,549906
11826,888,cifar10,86.55,86.19,200,425904,1611515
11857,888,cifar10,92.04,91.8,200,749504,2938101
11420,888,cifar10,92.31,91.07,200,513824,1878393
11870,888,cifar10,91.76,90.44,200,508144,2095555
11952,888,cifar10,90.89,90.6,200,993296,4011505
11086,888,cifar10,92.38,92.17,200,556432,2053407
11227,888,cifar10,52.23,10.0,200,172816,592246
11535,888,cifar10,91.49,27.98,200,723728,2713827
10921,888,cifar10,92.0,91.82,200,495520,1829261
11333,888,cifar10,87.17,85.88,200,299872,999843
11804,888,cifar10,10.0,10.0,200,217536,769489
11148,888,cifar10,90.18,24.54,200,283456,992675
11075,888,cifar10,91.25,88.81,200,528128,1878393
11436,888,cifar10,90.27,89.67,200,296736,1186135
11847,888,cifar10,88.57,11.58,200,804752,3151409
10880,888,cifar10,91.54,90.86,200,502736,1853347
11367,888,cifar10,91.58,91.2,200,612640,2515075
11501,888,cifar10,10.0,10.0,200,488416,1835789
12064,888,cifar10,77.38,24.67,200,421920,1634143
11906,888,cifar10,92.12,91.17,200,536800,2102603
11894,888,cifar10,90.74,90.01,200,767568,2944309
11446,888,cifar10,89.68,88.78,200,256272,1029255
11770,888,cifar10,91.62,90.61,200,520256,2070957
11480,888,cifar10,93.12,93.03,200,964176,3804597
12239,888,cifar10,91.97,91.79,200,475632,1853027
12229,888,cifar10,92.42,26.17,200,746336,2920351
11014,888,cifar10,92.0,91.7,200,464720,1654247
11302,888,cifar10,71.82,24.89,200,211808,823115
11525,888,cifar10,89.98,89.48,200,235184,762833
11358,888,cifar10,86.98,78.63,200,213920,755729
12025,888,cifar10,92.58,92.4,200,972256,4022655
11109,888,cifar10,92.64,92.41,200,484176,1829261
12052,888,cifar10,88.97,88.28,200,499120,1860451
11966,888,cifar10,75.38,25.4,200,726224,2720547
11345,888,cifar10,92.03,91.53,200,531904,2077941
10902,888,cifar10,93.75,93.24,200,772064,3162367
10929,888,cifar10,92.47,91.48,200,751936,2962507
12328,888,cifar10,86.42,31.23,200,216288,738107
12085,888,cifar10,90.41,90.19,200,444512,1665597
11747,888,cifar10,78.2,42.53,200,424672,1634143
12262,888,cifar10,90.34,13.17,200,528096,2095683
12308,888,cifar10,10.0,10.0,200,225920,776145
11592,888,cifar10,92.73,92.73,200,749120,2944373
12037,888,cifar10,75.96,63.12,200,242512,812029
11638,888,cifar10,93.37,93.01,200,996368,4046997
12218,888,cifar10,92.99,92.28,200,1013744,4028551
11490,888,cifar10,89.72,82.33,200,513488,1896271
11581,888,cifar10,88.61,88.12,200,523152,2060127
12014,888,cifar10,93.25,92.88,200,699776,2707299
11792,888,cifar10,92.57,91.66,200,817152,3169095
11882,888,cifar10,93.2,93.07,200,836576,3599565
12272,888,cifar10,92.9,92.08,200,740272,2937781
11980,888,cifar10,92.03,91.96,200,456960,1840283
11941,888,cifar10,10.0,10.0,200,440848,1629649
10868,888,cifar10,88.3,87.73,200,257040,969165
11051,888,cifar10,52.68,10.0,200,162736,567648
11570,888,cifar10,91.71,91.42,200,487712,1829261
11161,888,cifar10,88.64,85.3,200,246816,769489
11377,888,cifar10,92.8,92.55,200,968272,3798389
12003,888,cifar10,87.92,86.85,200,439568,1616209
11602,888,cifar10,92.28,92.35,200,751824,2962763
11919,888,cifar10,91.67,91.37,200,709008,2931181
12117,888,cifar10,93.22,93.02,200,1051408,4459725
11931,888,cifar10,87.03,83.59,200,280496,1035791
11273,888,cifar10,86.25,59.49,200,244400,1004593
11389,888,cifar10,92.25,92.22,200,729632,2913567
11471,888,cifar10,93.31,93.05,200,924992,3766615
11097,888,cifar10,93.01,92.72,200,1205344,4907093
10554,888,cifar10,92.04,91.9,200,738272,2919967
12352,888,cifar10,87.09,71.77,200,225104,756113
11721,888,cifar10,75.89,64.26,200,728576,2713827
11457,888,cifar10,93.16,92.26,200,1232880,5113489
12318,888,cifar10,88.93,88.43,200,536656,2060127
10952,888,cifar10,90.13,87.68,200,349520,1217909
12107,888,cifar10,92.42,91.66,200,748864,2938101
11839,888,cifar10,85.59,26.52,200,240352,805437
11827,888,cifar10,88.76,85.43,200,233392,762897
11546,888,cifar10,91.82,91.56,200,444784,1640871
11134,888,cifar10,91.74,90.46,200,723072,2955715
11260,888,cifar10,88.96,19.26,200,284640,1018169
11709,888,cifar10,91.69,90.18,200,553008,2326613
11237,888,cifar10,92.94,92.44,200,1000784,4029319
11411,888,cifar10,83.63,72.98,200,226448,805437
11312,888,cifar10,92.57,92.53,200,747520,3137513
12154,888,cifar10,90.33,88.52,200,325648,1217653
11149,888,cifar10,87.67,78.25,200,234448,980187
11817,888,cifar10,86.31,58.89,200,256624,1029063
11218,888,cifar10,93.74,93.66,200,712928,2906455
11758,888,cifar10,90.21,84.09,200,273280,986979
11697,888,cifar10,87.01,82.53,200,292224,1018233
11559,888,cifar10,88.98,10.0,200,492768,2070957
11323,888,cifar10,86.48,30.96,200,486080,1829197
11871,888,cifar10,90.84,88.65,200,520144,2071021
11536,888,cifar10,91.77,91.21,200,523648,2071021
12165,888,cifar10,91.59,88.94,200,781312,3186901
11194,888,cifar10,92.09,91.54,200,690032,2906455
12175,888,cifar10,93.61,93.41,200,773888,3162431
12230,888,cifar10,81.92,76.14,200,207280,830035
11858,888,cifar10,88.06,84.24,200,304336,1260249
11368,888,cifar10,92.58,92.17,200,745008,2913375
11111,888,cifar10,84.62,46.77,200,214336,798453
11735,888,cifar10,91.88,90.89,200,716240,2707299
12026,888,cifar10,92.26,91.97,200,466736,1828749
12074,888,cifar10,92.13,89.96,200,555088,2102667
11491,888,cifar10,73.43,42.04,200,200848,574568
11954,888,cifar10,92.21,91.59,200,757408,2962443
11481,888,cifar10,75.57,19.69,200,511200,1860387
12373,888,cifar10,91.92,92.02,200,488768,1853155
11303,888,cifar10,92.76,92.17,200,483504,1847203
11122,888,cifar10,88.83,85.61,200,316016,1260057
11250,888,cifar10,92.76,92.53,200,803936,3168967
12362,888,cifar10,93.1,92.73,200,757424,3162431
11448,888,cifar10,91.07,90.57,200,532848,2077941
11421,888,cifar10,75.02,61.6,200,982656,3805301
12197,888,cifar10,93.02,92.91,200,763328,2944693
11228,888,cifar10,75.69,18.99,200,464640,1647527
12065,888,cifar10,85.47,66.03,200,226192,780647
11771,888,cifar10,92.76,92.66,200,586944,2284337
11628,888,cifar10,92.18,91.87,200,771856,2962827
11171,888,cifar10,89.56,36.67,200,278608,1011577
11883,888,cifar10,87.3,83.01,200,230960,980123
11183,888,cifar10,90.38,87.08,200,328768,1217077
11895,888,cifar10,92.2,91.46,200,757312,3162367
12039,888,cifar10,91.99,91.69,200,671632,2700507
11664,888,cifar10,89.96,89.12,200,275296,1210797
12129,888,cifar10,86.04,44.47,200,236000,780583
11793,888,cifar10,90.0,89.78,200,268992,987043
12419,888,cifar10,79.66,35.22,200,451696,1616273
11502,888,cifar10,88.42,88.55,200,227920,769489
12298,888,cifar10,88.75,10.64,200,522832,1853603
11651,888,cifar10,92.28,91.36,200,717488,2756623
11206,888,cifar10,90.69,88.94,200,693376,2731577
10922,888,cifar10,89.07,85.13,200,263344,1011577
11437,888,cifar10,92.15,91.77,200,1008320,4029383
11640,888,cifar10,70.15,14.02,200,238944,829971
11547,888,cifar10,88.9,87.94,200,428112,1591355
11076,888,cifar10,91.16,87.92,200,986864,3823115
12219,888,cifar10,92.13,91.83,200,495504,1871801
12086,888,cifar10,91.03,90.32,200,505328,1896335
10940,888,cifar10,91.38,90.21,200,914208,3791277
10989,888,cifar10,90.32,84.01,200,478384,1871737
12263,888,cifar10,87.31,85.04,200,527664,1877945
11684,888,cifar10,92.36,92.2,200,569728,2309191
11992,888,cifar10,90.99,90.42,200,556832,2102795
11571,888,cifar10,87.31,83.03,200,456640,1864753
12140,888,cifar10,93.04,92.96,200,823984,3151473
11920,888,cifar10,86.44,10.66,200,503056,1853667
12396,888,cifar10,92.42,91.72,200,559168,2302271
12407,888,cifar10,84.71,76.79,200,506720,1878137
11238,888,cifar10,92.85,92.64,200,482784,1822733
12319,888,cifar10,89.71,87.15,200,294848,1210797
12096,888,cifar10,79.64,72.43,200,478320,1878521
12187,888,cifar10,89.02,88.45,200,257360,969165
11261,888,cifar10,86.39,85.94,200,227280,769489
12253,888,cifar10,90.14,27.25,200,779232,2944885
12431,888,cifar10,91.94,30.61,200,774688,2913567
11840,888,cifar10,80.4,76.29,200,253088,793639
11359,888,cifar10,88.81,83.98,200,276256,1011385
12016,888,cifar10,93.31,93.25,200,791088,3368443
11859,888,cifar10,84.58,83.9,200,211664,731195
11459,888,cifar10,86.67,80.68,200,279760,1018233
12309,888,cifar10,89.54,84.93,200,304960,1217973
12340,888,cifar10,85.97,79.58,200,479552,1864625
11603,888,cifar10,91.07,89.28,200,529744,2120281
11932,888,cifar10,91.63,74.93,200,777760,2938037
11805,888,cifar10,92.55,91.35,200,781200,3186645
12231,888,cifar10,91.7,91.57,200,431776,1591355
11512,888,cifar10,93.41,93.11,200,1243296,5088763
11819,888,cifar10,90.39,81.89,200,455888,1647463
11872,888,cifar10,87.71,82.84,200,226160,780711
12209,888,cifar10,81.35,72.51,200,497808,1878329
11748,888,cifar10,86.58,12.42,200,298768,1018297
11698,888,cifar10,89.73,30.57,200,485120,1847203
12166,888,cifar10,87.03,68.87,200,449136,1640871
11722,888,cifar10,93.42,93.11,200,755808,2938229
11172,888,cifar10,86.6,27.78,200,206224,738107
12176,888,cifar10,87.83,81.79,200,447712,1616337
11981,888,cifar10,91.4,89.57,200,676832,2700379
12470,888,cifar10,84.24,78.71,200,483424,1896271
11288,888,cifar10,93.48,93.22,200,1011008,4004721
12512,888,cifar10,91.26,89.38,200,451280,1616337
12446,888,cifar10,91.71,59.14,200,770240,2944693
11675,888,cifar10,91.05,48.77,200,495712,1853347
11537,888,cifar10,92.12,92.13,200,556416,2060191
11582,888,cifar10,87.92,79.63,200,256544,1029191
11390,888,cifar10,88.68,88.32,200,226096,776209
12040,888,cifar10,74.81,56.84,200,173056,538684
11369,888,cifar10,90.19,89.89,200,705472,2682893
11378,888,cifar10,91.03,90.76,200,435920,1622993
12502,888,cifar10,89.15,88.42,200,314816,1217845
11492,888,cifar10,90.53,65.97,200,329728,1193247
11449,888,cifar10,80.62,75.58,200,254672,794087
10930,888,cifar10,89.26,86.07,200,308832,1242507
12199,888,cifar10,88.82,12.6,200,253232,980123
12490,888,cifar10,89.76,84.55,200,508880,2120473
11313,888,cifar10,76.62,10.95,200,209616,798453
11736,888,cifar10,92.16,92.27,200,681760,2689165
11908,888,cifar10,10.0,10.0,200,209664,758203
11594,888,cifar10,86.19,84.47,200,238832,769489
12353,888,cifar10,90.15,81.36,200,497632,1896399
11482,888,cifar10,87.0,10.22,200,488816,1853603
11472,888,cifar10,93.97,93.84,200,698544,2689421
12118,888,cifar10,93.2,92.77,200,1447840,5973585
12288,888,cifar10,93.13,92.92,200,699520,2707299
12141,888,cifar10,80.57,51.47,200,174928,532028
11828,888,cifar10,92.46,92.29,200,760224,2920095
11560,888,cifar10,91.91,48.44,200,755776,2944309
12546,888,cifar10,81.53,68.38,200,284816,1036111
11629,888,cifar10,86.28,86.05,200,315504,1199967
11772,888,cifar10,86.25,19.62,200,529376,2060255
11943,888,cifar10,93.25,93.21,200,850864,3375299
11969,888,cifar10,73.02,29.9,200,227376,787495
12578,888,cifar10,91.33,90.96,200,319456,1217781
11527,888,cifar10,89.25,29.81,200,497760,1853219
12386,888,cifar10,91.42,89.81,200,699248,2931245
11849,888,cifar10,90.37,88.5,200,500752,1871737
11955,888,cifar10,90.8,89.8,200,541712,2084661
12524,888,cifar10,91.65,91.59,200,719504,2955843
11274,888,cifar10,90.99,89.7,200,745536,2980441
12331,888,cifar10,85.58,72.85,200,257632,1004465
11794,888,cifar10,89.77,43.02,200,500544,1847139
12274,888,cifar10,93.4,93.28,200,1199040,4857897
11665,888,cifar10,87.34,80.2,200,454736,1647655
12299,888,cifar10,84.58,78.67,200,243248,1029447
11412,888,cifar10,93.21,93.18,200,1434688,5973841
12536,888,cifar10,90.98,89.7,200,565776,2309127
11401,888,cifar10,92.53,92.37,200,1013696,4028807
12075,888,cifar10,93.14,83.47,200,757632,2938165
11710,888,cifar10,88.92,88.8,200,360960,1648059
12398,888,cifar10,84.71,80.62,200,435120,1671997
12220,888,cifar10,92.21,92.1,200,720576,2906455
11251,888,cifar10,91.98,91.71,200,1008752,3804789
12408,888,cifar10,71.07,20.09,200,210416,822987
11723,888,cifar10,87.54,86.88,200,208640,731195
12568,888,cifar10,93.04,92.96,200,1002672,4004657
12130,888,cifar10,92.95,92.67,200,769648,3144561
11503,888,cifar10,92.29,90.83,200,721504,2955843
11993,888,cifar10,91.37,90.75,200,316816,1441983
11922,888,cifar10,89.19,81.6,200,339616,1424241
12264,888,cifar10,91.15,25.8,200,765024,2920287
12087,888,cifar10,85.19,35.98,200,729984,2720483
12320,888,cifar10,74.11,23.51,200,500352,1871737
11336,888,cifar10,91.9,91.71,200,480288,1822733
11652,888,cifar10,88.0,78.06,200,717200,2731897
12601,888,cifar10,92.65,92.1,200,712928,2707363
11438,888,cifar10,92.5,92.38,200,761072,2926751
11548,888,cifar10,82.79,78.47,200,221872,787367
11982,888,cifar10,86.71,40.15,200,235440,756113
12591,888,cifar10,90.03,46.96,200,717776,2955907
11263,888,cifar10,90.5,89.04,200,322208,1217845
12210,888,cifar10,77.53,12.24,200,201328,773855
11841,888,cifar10,90.51,88.99,200,334272,1442111
11860,888,cifar10,75.25,63.71,200,448112,1636369
12188,888,cifar10,80.12,53.5,200,187664,549906
11676,888,cifar10,89.74,89.38,200,249856,962573
12374,888,cifar10,92.02,91.77,200,507664,1853475
11933,888,cifar10,80.0,57.58,200,266448,812029
11699,888,cifar10,88.77,10.0,200,290944,993507
12110,888,cifar10,75.63,22.25,200,249520,812093
12254,888,cifar10,92.33,91.9,200,731088,2955907
11513,888,cifar10,92.08,91.9,200,482192,1846819
11806,888,cifar10,88.93,27.79,200,558192,2053407
11820,888,cifar10,92.04,91.9,200,687104,2689485
11616,888,cifar10,89.03,88.8,200,285888,993379
12363,888,cifar10,90.33,88.88,200,289696,1000291
11897,888,cifar10,88.96,88.46,200,275072,993443
12097,888,cifar10,87.66,80.47,200,395248,1633887
12005,888,cifar10,93.06,92.9,200,1242688,5088763
11749,888,cifar10,91.53,91.25,200,469216,1864753
11783,888,cifar10,93.35,93.31,200,1003856,4004593
11460,888,cifar10,75.67,61.55,200,505680,1878393
12342,888,cifar10,91.47,90.34,200,692880,2749511
12066,888,cifar10,91.57,90.1,200,587840,2532945
12200,888,cifar10,88.61,84.58,200,223872,762769
11572,888,cifar10,86.41,85.74,200,432304,1622993
12624,888,cifar10,91.69,91.48,200,547936,2060127
12027,888,cifar10,93.41,93.33,200,1204800,4864561
12471,888,cifar10,92.48,92.12,200,552352,2059231
11347,888,cifar10,88.99,88.71,200,294384,975757
12459,888,cifar10,88.84,27.36,200,716160,2720547
11873,888,cifar10,89.92,81.25,200,508048,2095491
12310,888,cifar10,89.46,85.73,200,519488,2120409
12432,888,cifar10,93.24,93.31,200,1065792,4235459
12647,888,cifar10,90.91,86.69,200,470560,1889415
12177,888,cifar10,84.87,81.75,200,693360,2738681
11773,888,cifar10,90.36,89.7,200,245664,980123
12041,888,cifar10,88.91,85.95,200,289744,1000035
11595,888,cifar10,86.88,77.95,200,475376,1864753
12657,888,cifar10,90.42,85.3,200,457840,1654247
10941,888,cifar10,91.93,91.83,200,746784,2913311
11561,888,cifar10,87.59,82.93,200,234576,780711
12232,888,cifar10,91.13,89.43,200,491584,1847139
11538,888,cifar10,78.48,30.13,200,198352,749193
11994,888,cifar10,85.96,85.33,200,148736,556562
12242,888,cifar10,92.47,92.16,200,1202128,4882815
12354,888,cifar10,88.16,84.73,200,684096,2700507
12119,888,cifar10,83.21,77.5,200,449360,1690195
11370,888,cifar10,87.36,73.64,200,666784,2724913
12678,888,cifar10,92.22,92.16,200,494928,1842637
12668,888,cifar10,92.21,92.06,200,565264,2066527
11494,888,cifar10,91.61,90.6,200,754976,2938101
11944,888,cifar10,92.62,92.62,200,486464,1847139
12447,888,cifar10,90.47,89.96,200,975968,3786719
12547,888,cifar10,85.68,83.43,200,483648,1853987
11850,888,cifar10,91.87,91.73,200,714832,2689229
12689,888,cifar10,92.91,92.46,200,530224,2053343
11360,888,cifar10,91.64,90.31,200,531728,2302143
12635,888,cifar10,92.05,89.83,200,755920,3186837
11315,888,cifar10,90.42,89.88,200,239968,980123
11631,888,cifar10,91.93,90.67,200,507184,2070957
12514,888,cifar10,88.24,85.19,200,264192,1029191
11473,888,cifar10,91.77,91.43,200,558064,2302271
12167,888,cifar10,90.55,37.55,200,491424,2071021
12265,888,cifar10,10.0,10.0,200,225808,769489
11425,888,cifar10,67.35,31.45,200,192064,563218
12111,888,cifar10,89.54,88.48,200,224912,955461
11724,888,cifar10,88.18,87.19,200,398432,1584499
12409,888,cifar10,89.06,89.07,200,308176,1199391
12699,888,cifar10,90.18,90.08,200,686064,2731961
12558,888,cifar10,92.11,92.0,200,782480,3144433
11956,888,cifar10,91.44,89.59,200,549584,2084597
11450,888,cifar10,90.86,86.82,200,764224,2962763
11686,888,cifar10,92.89,92.83,200,485952,1822605
12055,888,cifar10,91.26,91.03,200,966544,3822923
11842,888,cifar10,75.53,19.06,200,234768,776145
12332,888,cifar10,91.99,91.77,200,778464,3144433
12221,888,cifar10,86.91,81.14,200,239584,830035
11795,888,cifar10,91.13,91.17,200,509232,2095683
12614,888,cifar10,88.96,88.67,200,289952,1000291
11653,888,cifar10,90.55,89.76,200,315184,1193055
10931,888,cifar10,10.0,10.0,200,224544,794023
12579,888,cifar10,93.2,92.93,200,984672,4004849
12712,888,cifar10,92.07,91.86,200,729616,2913567
12088,888,cifar10,90.56,90.07,200,307296,1210733
11923,888,cifar10,89.07,85.6,200,308912,1235523
12289,888,cifar10,89.66,88.92,200,281376,986979
12387,888,cifar10,88.94,88.62,200,230704,751355
12377,888,cifar10,85.26,65.7,200,239696,805437
12321,888,cifar10,10.0,10.0,200,130704,514086
12491,888,cifar10,93.5,93.29,200,1495760,5955779
11910,888,cifar10,90.26,85.05,200,742768,2931181
11326,888,cifar10,77.36,11.6,200,217680,798581
12007,888,cifar10,84.09,47.55,200,477408,1822541
11643,888,cifar10,90.95,90.63,200,530784,1860451
11549,888,cifar10,89.86,78.76,200,491344,1871737
12537,888,cifar10,91.83,91.7,200,985520,3805301
11737,888,cifar10,93.71,93.55,200,735520,3137577
11596,888,cifar10,84.22,83.55,200,176320,532028
12301,888,cifar10,92.0,91.69,200,987648,4047061
12255,888,cifar10,89.97,88.11,200,273376,1011705
12343,888,cifar10,88.59,88.36,200,271408,986979
11605,888,cifar10,10.0,10.0,200,226048,769489
11750,888,cifar10,89.01,10.18,200,485984,1835917
11677,888,cifar10,74.16,10.02,200,191248,556562
12744,888,cifar10,79.82,24.99,200,204944,581224
11617,888,cifar10,91.81,91.99,200,533680,2277353
12421,888,cifar10,93.73,93.66,200,757040,2938229
12592,888,cifar10,89.77,82.94,200,710400,2955843
11337,888,cifar10,86.81,79.71,200,405184,1658485
11829,888,cifar10,92.51,91.92,200,516848,2078005
11461,888,cifar10,92.51,91.7,200,469936,1846627
12399,888,cifar10,93.5,93.38,200,1266592,5319885
12076,888,cifar10,93.62,93.53,200,1262320,5095043
11821,888,cifar10,86.25,81.87,200,195440,773855
12460,888,cifar10,89.04,86.4,200,281888,1011705
11934,888,cifar10,92.24,91.53,200,946080,3791341
12067,888,cifar10,91.95,91.75,200,464496,1654247
12754,888,cifar10,92.87,92.75,200,482464,1822669
12481,888,cifar10,92.59,92.12,200,981440,4022527
12503,888,cifar10,92.48,91.75,200,970992,4046805
11983,888,cifar10,91.65,91.1,200,483600,1853603
12211,888,cifar10,92.32,92.18,200,535024,2053343
12648,888,cifar10,92.09,91.66,200,569392,2060127
11774,888,cifar10,79.48,21.45,200,456160,1640743
11702,888,cifar10,90.27,23.2,200,751616,2962763
12602,888,cifar10,89.01,9.73,200,496688,1835917
11898,888,cifar10,90.94,90.59,200,528256,2120217
11761,888,cifar10,91.52,91.15,200,497616,1829325
12472,888,cifar10,87.08,10.14,200,315248,1260057
12245,888,cifar10,91.95,91.64,200,492832,1847139
11585,888,cifar10,91.8,90.47,200,516384,2095555
11381,888,cifar10,10.0,10.0,200,706608,2720547
12120,888,cifar10,92.92,92.33,200,499920,2071021
12801,888,cifar10,88.73,77.35,200,251376,1004529
12679,888,cifar10,92.12,91.95,200,535280,2053215
11874,888,cifar10,88.34,83.56,200,477856,1913885
12448,888,cifar10,89.53,86.96,200,478640,1847139
12636,888,cifar10,89.73,88.79,200,291920,992867
12580,888,cifar10,88.43,14.57,200,288544,968909
12615,888,cifar10,86.58,85.89,200,426160,1598267
12765,888,cifar10,88.7,10.05,200,537072,2060127
12355,888,cifar10,92.4,92.37,200,572464,2284273
12548,888,cifar10,92.52,92.15,200,490224,1853603
12302,888,cifar10,86.08,85.83,200,152768,507430
10942,888,cifar10,89.45,49.93,200,697072,2749511
12311,888,cifar10,92.17,91.76,200,738304,2955715
11784,888,cifar10,89.39,86.41,200,734496,2980569
12098,888,cifar10,92.3,13.45,200,573648,2284401
12112,888,cifar10,84.3,78.44,200,467584,1647527
12790,888,cifar10,90.94,89.65,200,497008,1871929
12822,888,cifar10,92.3,92.07,200,533072,2277353
12569,888,cifar10,93.48,92.96,200,790816,3144433
12658,888,cifar10,92.59,92.09,200,789536,2944053
12233,888,cifar10,91.7,91.49,200,752192,2938165
11504,888,cifar10,92.35,91.36,200,726000,2955843
12526,888,cifar10,92.08,91.74,200,494304,1822477
11632,888,cifar10,89.99,87.27,200,517856,2095555
11957,888,cifar10,92.46,92.05,200,485984,1847139
11348,888,cifar10,84.46,78.82,200,495952,1853539
12290,888,cifar10,90.17,89.93,200,254032,986531
11688,888,cifar10,91.68,90.52,200,714944,2707299
12559,888,cifar10,92.68,92.33,200,747296,2913311
12690,888,cifar10,92.83,92.28,200,771760,3162431
12812,888,cifar10,91.93,15.2,200,804816,3151409
11924,888,cifar10,89.36,85.39,200,246144,787303
12276,888,cifar10,91.74,91.44,200,533072,2078005
12365,888,cifar10,72.84,13.25,200,425232,1658549
12008,888,cifar10,92.26,92.08,200,441136,1622929
12378,888,cifar10,76.85,10.0,200,210752,823115
11725,888,cifar10,88.19,79.46,200,333392,1242635
11911,888,cifar10,89.03,88.3,200,299488,1193055
12670,888,cifar10,86.12,85.85,200,165824,538684
12089,888,cifar10,83.13,78.43,200,293072,1260121
12832,888,cifar10,90.16,84.32,200,922928,3791277
12843,888,cifar10,92.69,92.34,200,747536,2938101
12266,888,cifar10,10.0,10.0,200,264592,975629
12733,888,cifar10,89.83,87.76,200,324464,1217781
12701,888,cifar10,92.35,92.14,200,758848,2938165
11573,888,cifar10,92.55,91.56,200,723392,2955907
12854,888,cifar10,92.7,92.4,200,748288,2938165
12057,888,cifar10,89.2,86.15,200,527696,1878393
12201,888,cifar10,93.59,93.48,200,1010704,4228603
11644,888,cifar10,88.65,79.59,200,279440,1011641
12493,888,cifar10,91.23,89.59,200,484272,2071021
12190,888,cifar10,86.61,29.39,200,206656,762833
12322,888,cifar10,88.68,85.4,200,227776,762833
11797,888,cifar10,93.8,93.6,200,795760,3368443
11945,888,cifar10,91.42,89.48,200,447200,1665661
12145,888,cifar10,89.02,88.57,200,580608,2284273
12878,888,cifar10,91.8,29.15,200,694848,2713763
12333,888,cifar10,70.55,12.97,200,199888,599166
11785,888,cifar10,75.15,61.96,200,175760,532028
12723,888,cifar10,91.87,23.44,200,735168,2720675
12538,888,cifar10,91.83,91.75,200,758896,2938101
12132,888,cifar10,72.51,12.89,200,248848,780711
12388,888,cifar10,92.59,92.47,200,798768,3169287
12461,888,cifar10,90.26,88.88,200,519696,1853475
12745,888,cifar10,92.53,92.23,200,721680,2931053
11822,888,cifar10,90.96,88.53,200,441360,1647591
11851,888,cifar10,90.24,85.29,200,710464,2955907
12256,888,cifar10,92.4,92.24,200,603488,2515203
12890,888,cifar10,90.74,88.7,200,556768,2102667
12028,888,cifar10,91.72,90.84,200,768544,3187029
12713,888,cifar10,77.26,14.07,200,221456,822987
12344,888,cifar10,90.98,84.96,200,536864,2102795
11738,888,cifar10,91.74,90.83,200,726640,2955715
11775,888,cifar10,87.3,67.7,200,459296,1864689
12410,888,cifar10,92.71,91.77,200,711104,2713699
12781,888,cifar10,87.72,86.91,200,211648,730875
12400,888,cifar10,90.48,85.36,200,514336,2095683
11935,888,cifar10,87.06,17.15,200,744480,2920415
11327,888,cifar10,85.92,62.37,200,262128,1029063
12246,888,cifar10,91.41,88.86,200,493616,1847203
12422,888,cifar10,90.45,82.13,200,554976,2102667
11606,888,cifar10,92.6,92.49,200,497152,1822605
12925,888,cifar10,10.0,10.0,200,479248,1835917
11751,888,cifar10,90.16,85.9,200,519376,2120281
11984,888,cifar10,86.76,49.61,200,674688,2724785
12791,888,cifar10,90.66,90.29,200,275568,969165
12914,888,cifar10,92.09,91.72,200,553680,2060127
10932,888,cifar10,92.13,91.56,200,599888,2532817
12068,888,cifar10,92.94,92.84,200,963104,3997737
11618,888,cifar10,87.54,79.37,200,429696,1615825
11830,888,cifar10,93.01,91.89,200,798672,3168647
12312,888,cifar10,86.83,83.51,200,248784,787495
11667,888,cifar10,93.0,92.7,200,814944,3393233
12639,888,cifar10,90.98,90.63,200,358640,1423473
12949,888,cifar10,91.28,89.11,200,479968,1847011
12649,888,cifar10,90.49,84.68,200,727888,2955843
12802,888,cifar10,88.3,4.59,200,548480,2084597
12755,888,cifar10,87.58,79.95,200,251840,980187
12234,888,cifar10,92.54,92.35,200,482880,1829197
12356,888,cifar10,91.95,91.77,200,522224,2071021
12593,888,cifar10,82.57,70.73,200,247360,805437
11339,888,cifar10,88.13,77.7,200,312608,1017785
12937,888,cifar10,91.86,90.45,200,525376,2095619
12528,888,cifar10,93.13,93.26,200,713648,2906455
12159,888,cifar10,91.06,44.11,200,493712,1871929
11876,888,cifar10,93.71,93.03,200,934400,3791277
12279,888,cifar10,92.02,92.11,200,441024,1623057
12970,888,cifar10,90.96,90.57,200,366944,1424177
12581,888,cifar10,93.16,92.84,200,790176,3144561
11645,888,cifar10,86.69,58.88,200,234064,756177
12303,888,cifar10,79.19,38.75,200,423184,1634143
11726,888,cifar10,89.26,86.11,200,306960,987043
11973,888,cifar10,93.11,92.86,200,484208,1828941
12844,888,cifar10,89.03,88.76,200,299568,1193247
12691,888,cifar10,82.17,29.04,200,446464,1665597
12473,888,cifar10,91.93,91.41,200,956368,3840537
12169,888,cifar10,88.55,84.17,200,501344,1871545
12570,888,cifar10,87.35,69.11,200,685712,2724785
12482,888,cifar10,79.52,14.46,200,260704,987107
12982,888,cifar10,90.81,90.52,200,780320,2926687
11900,888,cifar10,92.82,92.58,200,1035264,4235331
11713,888,cifar10,91.94,91.62,200,420208,1591291
11946,888,cifar10,86.4,86.13,200,177616,556562
11762,888,cifar10,90.32,90.12,200,720992,2906455
12516,888,cifar10,88.71,87.96,200,496016,1853539
12671,888,cifar10,88.24,84.89,200,661136,2700507
12813,888,cifar10,90.5,90.35,200,718128,2713635
11655,888,cifar10,91.96,92.06,200,508464,2070957
12113,888,cifar10,92.26,92.05,200,801376,3151153
12993,888,cifar10,79.75,17.93,200,476064,1847139
11925,888,cifar10,91.41,90.94,200,780128,2920351
12734,888,cifar10,89.77,88.68,200,308720,1217781
12291,888,cifar10,66.46,19.21,200,183232,549906
12746,888,cifar10,10.0,10.0,200,160816,563218
12505,888,cifar10,91.98,91.99,200,459088,1629649
12202,888,cifar10,88.34,30.69,200,504608,1847267
12659,888,cifar10,92.02,91.17,200,770128,2962827
11798,888,cifar10,88.88,87.41,200,442496,1629649
12904,888,cifar10,90.57,86.43,200,523248,2095683
12868,888,cifar10,92.15,39.91,200,731904,2913567
12146,888,cifar10,90.14,88.87,200,304224,993315
12560,888,cifar10,92.12,91.82,200,565744,2309127
12323,888,cifar10,85.12,77.44,200,474384,1871801
11703,888,cifar10,92.59,92.49,200,481728,1871737
12046,888,cifar10,67.72,16.51,200,166096,525372
13005,888,cifar10,90.06,87.65,200,327280,1442047
12855,888,cifar10,92.99,92.56,200,731104,2955843
11936,888,cifar10,86.66,17.67,200,253600,968909
12122,888,cifar10,88.51,9.99,200,555216,2084213
12823,888,cifar10,89.0,84.44,200,256928,1029191
12366,888,cifar10,92.53,92.24,200,971904,4022527
12450,888,cifar10,89.31,10.0,200,500736,1871737
12133,888,cifar10,88.33,87.17,200,461872,1629649
12212,888,cifar10,92.86,92.5,200,789648,3393361
12891,888,cifar10,86.76,67.63,200,444080,1640807
12179,888,cifar10,89.57,79.58,200,742432,2955843
12345,888,cifar10,86.34,67.68,200,223760,780583
11864,888,cifar10,90.44,88.43,200,490896,1847203
12833,888,cifar10,88.63,36.46,200,724528,2980633
12100,888,cifar10,86.36,9.88,200,302288,1018297
12389,888,cifar10,89.13,84.57,200,337248,1199967
12058,888,cifar10,92.59,91.95,200,602048,2308999
12223,888,cifar10,93.19,92.9,200,771472,2920351
12626,888,cifar10,92.37,91.67,200,1021248,4029191
12191,888,cifar10,91.67,86.63,200,732832,2955907
13050,888,cifar10,80.72,32.21,200,187824,574568
12550,888,cifar10,75.47,68.28,200,184656,545404
12702,888,cifar10,92.86,91.95,200,990464,4022655
12379,888,cifar10,90.21,89.1,200,329936,1442047
13027,888,cifar10,91.33,89.28,200,446000,1864753
11959,888,cifar10,91.12,89.72,200,744784,2938037
12539,888,cifar10,90.4,89.98,200,721536,2955843
12334,888,cifar10,91.65,91.38,200,582016,2308999
12267,888,cifar10,84.79,81.96,200,312624,1017977
12582,888,cifar10,88.5,88.23,200,241520,762833
13017,888,cifar10,92.77,92.42,200,778224,3368507
12474,888,cifar10,79.42,43.74,200,153312,574568
12714,888,cifar10,90.83,89.7,200,541920,2102667
11811,888,cifar10,75.72,60.92,200,189200,563218
12803,888,cifar10,88.84,85.9,200,472000,1864753
12724,888,cifar10,93.41,93.26,200,989568,4022655
12640,888,cifar10,82.41,72.48,200,300512,1018169
12436,888,cifar10,91.42,90.91,200,518496,1860451
12401,888,cifar10,89.86,88.76,200,384816,1672657
12247,888,cifar10,92.66,92.26,200,735168,2938293
12594,888,cifar10,92.23,92.06,200,692032,2682829
11787,888,cifar10,90.82,86.95,200,486224,1871737
12029,888,cifar10,93.12,93.26,200,965264,3798261
13098,888,cifar10,86.59,85.94,200,225584,762769
12915,888,cifar10,90.72,90.49,200,769680,3144433
11888,888,cifar10,83.13,60.47,200,257248,1029255
12357,888,cifar10,90.75,47.28,200,510992,1853475
13038,888,cifar10,85.77,83.29,200,746048,2962891
12114,888,cifar10,89.04,87.5,200,257088,987107
12292,888,cifar10,77.33,10.27,200,209184,773791
12561,888,cifar10,10.0,10.0,200,164032,545404
11985,888,cifar10,92.93,92.52,200,972512,4022655
12605,888,cifar10,91.64,88.07,200,540800,2326677
12529,888,cifar10,90.75,89.28,200,718320,2707299
12938,888,cifar10,88.79,84.5,200,456976,1672125
11997,888,cifar10,90.92,88.38,200,724944,2955843
12494,888,cifar10,93.13,93.04,200,1000784,4004657
12782,888,cifar10,89.06,83.73,200,498624,1871737
12411,888,cifar10,93.57,93.44,200,1029936,4253201
12650,888,cifar10,93.15,93.05,200,813152,3368443
12994,888,cifar10,74.36,10.43,200,425152,1658741
12879,888,cifar10,92.01,90.63,200,746688,3162303
11901,888,cifar10,92.45,92.46,200,496432,1853475
12571,888,cifar10,91.01,89.24,200,705936,2707299
11947,888,cifar10,89.66,81.54,200,474080,1864689
13179,888,cifar10,10.0,10.0,200,251744,975757
12203,888,cifar10,89.3,85.53,200,466512,1864753
12961,888,cifar10,75.99,66.79,200,446432,1629649
13086,888,cifar10,90.08,88.31,200,321760,1242507
11831,888,cifar10,93.19,92.94,200,1208352,4871793
12367,888,cifar10,55.36,10.0,200,203168,574568
12682,888,cifar10,92.12,12.46,200,526768,2060255
13156,888,cifar10,91.49,91.33,200,505904,1847139
12517,888,cifar10,86.8,81.04,200,293248,1036239
12983,888,cifar10,89.57,88.44,200,541760,2084917
12735,888,cifar10,90.81,90.7,200,704400,2695245
12834,888,cifar10,89.06,85.95,200,244032,769489
12313,888,cifar10,92.33,92.1,200,697840,2689357
12324,888,cifar10,88.39,77.42,200,276256,1011513
12814,888,cifar10,91.98,91.4,200,527744,1878329
12768,888,cifar10,88.08,77.41,200,262672,1029255
11714,888,cifar10,85.22,56.99,200,255104,780711
11852,888,cifar10,91.85,91.63,200,745424,2920287
12268,888,cifar10,86.76,25.05,200,214672,738107
12792,888,cifar10,92.22,91.65,200,564640,2302271
13215,888,cifar10,89.17,88.52,200,265744,969165
13121,888,cifar10,92.19,91.63,200,763296,2938229
12078,888,cifar10,93.26,93.06,200,801856,3144497
13202,888,cifar10,80.55,74.03,200,261664,787367
12971,888,cifar10,89.64,82.05,200,717184,2756367
12214,888,cifar10,91.96,25.26,200,496656,1835789
12824,888,cifar10,91.19,90.06,200,446064,1640871
12069,888,cifar10,88.47,10.16,200,523600,1853603
12905,888,cifar10,90.94,90.81,200,493824,1871545
12059,888,cifar10,83.47,77.23,200,304064,993315
12660,888,cifar10,89.91,84.89,200,343104,1449159
11975,888,cifar10,92.4,92.14,200,972448,4022655
12856,888,cifar10,89.65,20.89,200,500912,1871801
12506,888,cifar10,92.69,92.27,200,609088,2291313
12893,888,cifar10,89.41,85.5,200,303632,1217717
12926,888,cifar10,91.73,91.04,200,798528,3168967
12715,888,cifar10,89.77,89.21,200,206080,738107
12160,888,cifar10,93.09,92.7,200,1030480,4253329
11927,888,cifar10,91.95,91.74,200,1008560,4004657
13109,888,cifar10,92.86,92.04,200,995248,4022591
12380,888,cifar10,86.41,83.75,200,261712,787431
12091,888,cifar10,10.0,10.0,200,475760,1835789
12402,888,cifar10,84.14,66.76,200,225264,731195
13190,888,cifar10,70.57,10.55,200,212736,847777
13136,888,cifar10,89.8,88.79,200,262032,962509
12475,888,cifar10,86.66,86.4,200,415632,1598331
12123,888,cifar10,93.67,93.48,200,756144,3137513
12584,888,cifar10,89.51,88.88,200,234784,769489
12149,888,cifar10,91.45,90.28,200,557648,2326677
12540,888,cifar10,89.5,88.66,200,299568,1192991
12463,888,cifar10,10.0,10.0,200,425568,1654247
12747,888,cifar10,91.89,91.63,200,485616,1847139
12451,888,cifar10,93.7,93.44,200,707088,2713699
11913,888,cifar10,89.17,88.2,200,289232,993315
12628,888,cifar10,90.87,89.62,200,738480,2713635
12692,888,cifar10,93.61,93.5,200,1266576,5319885
12617,888,cifar10,93.43,93.0,200,699840,2707363
12020,888,cifar10,91.15,89.92,200,529728,2302271
12047,888,cifar10,75.14,11.88,200,479936,1853539
13227,888,cifar10,89.94,89.32,200,337360,1217781
12192,888,cifar10,88.24,84.4,200,507440,1896399
13028,888,cifar10,86.07,64.03,200,481904,1889223
12804,888,cifar10,88.71,88.42,200,266608,1011577
12305,888,cifar10,89.36,88.89,200,204704,738107
11937,888,cifar10,92.47,87.14,200,798528,3169351
12437,888,cifar10,86.3,86.14,200,440704,1629649
12010,888,cifar10,92.57,91.53,200,717936,2955843
13051,888,cifar10,91.83,11.06,200,583408,2308807
12180,888,cifar10,93.33,93.15,200,969264,3786783
12725,888,cifar10,91.81,89.42,200,480016,1847267
12358,888,cifar10,89.78,89.23,200,226112,762641
13248,888,cifar10,87.76,80.03,200,446768,1840347
12346,888,cifar10,88.93,10.02,200,325664,1199967
12248,888,cifar10,92.54,92.38,200,514544,2053407
12845,888,cifar10,92.31,91.63,200,973472,4022655
12870,888,cifar10,73.65,15.92,200,158432,549906
12101,888,cifar10,92.64,92.51,200,814832,3393233
13018,888,cifar10,93.07,39.36,200,589424,2284401
12704,888,cifar10,90.76,83.98,200,723200,2955843
13099,888,cifar10,91.81,91.29,200,485488,1847139
12204,888,cifar10,87.58,87.09,200,228640,955461
12426,888,cifar10,88.57,88.61,200,233744,787367
13146,888,cifar10,89.15,86.52,200,252208,980059
11902,888,cifar10,87.48,72.82,200,230368,756113
12079,888,cifar10,58.59,17.2,200,182976,549906
12552,888,cifar10,92.8,92.1,200,1017856,4253329
13063,888,cifar10,92.18,92.01,200,1013360,4029191
12293,888,cifar10,91.77,91.72,200,540768,2277417
12258,888,cifar10,90.18,79.14,200,556896,2102795
12641,888,cifar10,91.95,90.49,200,933680,3791405
12031,888,cifar10,88.34,85.39,200,509952,1896335
13274,888,cifar10,89.99,89.44,200,483488,1847139
13237,888,cifar10,92.97,92.86,200,811904,3368443
13261,888,cifar10,92.49,92.28,200,575904,2508219
12672,888,cifar10,93.11,93.03,200,1248656,5095747
12134,888,cifar10,89.41,86.02,200,569808,2309063
11832,888,cifar10,92.3,92.11,200,439216,1629649
12314,888,cifar10,85.93,82.02,200,292368,975629
12115,888,cifar10,92.47,92.4,200,576080,2508219
13087,888,cifar10,75.53,63.82,200,233296,794023
13122,888,cifar10,88.66,88.02,200,240928,762833
12224,888,cifar10,68.48,13.6,200,470384,1672189
12000,888,cifar10,91.88,30.14,200,712096,2738489
12530,888,cifar10,93.38,93.15,200,745472,2920287
12651,888,cifar10,92.17,91.74,200,721920,2713635
12519,888,cifar10,89.0,88.38,200,315536,1199711
12783,888,cifar10,91.78,90.52,200,729072,2931181
12495,888,cifar10,92.31,91.93,200,531632,2302143
12562,888,cifar10,89.75,56.3,200,490608,1822541
12835,888,cifar10,91.66,28.06,200,512144,1853475
12825,888,cifar10,83.57,48.13,200,243920,805437
12962,888,cifar10,75.46,15.56,200,499264,1878457
12392,888,cifar10,75.7,61.74,200,181008,556562
12507,888,cifar10,88.63,88.46,200,291888,993379
12683,888,cifar10,90.66,87.18,200,460400,1864753
11948,888,cifar10,92.21,91.79,200,533104,2077941
11853,888,cifar10,92.7,92.3,200,542816,2277353
12661,888,cifar10,89.42,86.07,200,270480,1210797
13285,888,cifar10,90.73,14.33,200,776784,2926111
12906,888,cifar10,90.12,88.66,200,477840,1847139
12815,888,cifar10,87.24,86.26,200,522704,2066463
13039,888,cifar10,93.08,92.78,200,798848,3168647
12215,888,cifar10,90.85,32.44,200,496816,1847139
12585,888,cifar10,87.96,87.02,200,443568,1616273
12927,888,cifar10,86.41,85.82,200,234096,787495
12693,888,cifar10,73.56,18.54,200,189216,556562
12757,888,cifar10,89.35,10.0,200,719120,2955907
12572,888,cifar10,93.3,93.1,200,788624,3144305
12985,888,cifar10,91.8,91.74,200,943264,3773471
12736,888,cifar10,92.69,92.46,200,730608,2920287
13203,888,cifar10,91.92,24.68,200,702960,2702157
12171,888,cifar10,88.71,12.01,200,342864,1206367
12368,888,cifar10,89.14,54.58,200,699696,2749703
11976,888,cifar10,92.35,92.42,200,490192,1853539
12151,888,cifar10,77.4,24.98,200,220848,822987
12413,888,cifar10,92.81,92.3,200,986432,4022655
12916,888,cifar10,93.5,92.75,200,1250384,5095491
12793,888,cifar10,89.61,65.14,200,707104,2931117
11960,888,cifar10,90.94,89.12,200,761296,2938165
12070,888,cifar10,88.08,17.7,200,516208,1871737
12769,888,cifar10,90.06,19.66,200,506272,1877817
13073,888,cifar10,71.52,10.14,200,219120,798389
13169,888,cifar10,92.19,91.9,200,561120,2302271
12805,888,cifar10,75.44,23.8,200,454448,1622929
12894,888,cifar10,84.6,78.16,200,703648,2720803
13191,888,cifar10,91.46,91.02,200,578656,2084405
12161,888,cifar10,92.25,92.31,200,545552,2078005
13007,888,cifar10,90.4,84.68,200,970896,4047061
11715,888,cifar10,91.15,90.72,200,499136,1829261
13157,888,cifar10,90.98,88.37,200,770128,2962827
12022,888,cifar10,88.7,10.0,200,488432,1847139
12452,888,cifar10,91.36,90.66,200,332592,1217909
12237,888,cifar10,86.1,69.13,200,430640,1658421
13329,888,cifar10,88.59,88.25,200,482848,1835789
13053,888,cifar10,92.42,91.53,200,446496,1864753
12439,888,cifar10,86.21,85.92,200,466880,1829325
13307,888,cifar10,89.86,88.21,200,344000,1442111
13216,888,cifar10,88.32,87.94,200,491536,1835789
12060,888,cifar10,92.71,91.34,200,751856,2962763
12629,888,cifar10,81.21,28.23,200,267136,1053725
13029,888,cifar10,91.88,90.39,200,520192,1853475
12336,888,cifar10,86.66,24.91,200,293072,1011577
12705,888,cifar10,87.04,76.55,200,225424,780711
12347,888,cifar10,10.0,10.0,200,694912,2702669
12541,888,cifar10,75.72,60.35,200,187952,569938
12857,888,cifar10,90.52,89.81,200,271312,969101
13137,888,cifar10,92.82,91.54,200,587664,2532945
13180,888,cifar10,92.98,92.75,200,771968,3186709
12193,888,cifar10,92.12,91.28,200,501728,1878265
12403,888,cifar10,88.6,82.99,200,725200,2980441
13295,888,cifar10,93.07,93.16,200,940272,3815875
12619,888,cifar10,89.41,38.5,200,553088,2084661
13350,888,cifar10,80.03,10.04,200,416400,1634015
13111,888,cifar10,93.25,93.01,200,814896,3393041
13228,888,cifar10,85.9,28.18,200,714656,2756367
12124,888,cifar10,91.9,90.66,200,764496,2962827
12836,888,cifar10,76.25,61.41,200,177840,538684
12846,888,cifar10,89.75,38.43,200,504720,2095683
12784,888,cifar10,46.58,16.07,200,163056,592246
12259,888,cifar10,86.06,43.1,200,241824,805373
11987,888,cifar10,91.48,91.31,200,963040,3798261
12427,888,cifar10,92.68,92.57,200,587520,2284337
13147,888,cifar10,90.23,87.32,200,485376,1871737
12325,888,cifar10,91.35,13.93,200,548336,2084917
12465,888,cifar10,90.82,63.93,200,327552,1217845
13088,888,cifar10,88.72,88.04,200,472128,1829261
13100,888,cifar10,91.16,86.53,200,720400,2731961
12476,888,cifar10,93.93,93.99,200,765584,3137513
12997,888,cifar10,92.32,92.1,200,729104,2913567
12102,888,cifar10,89.35,88.5,200,727216,2756495
12880,888,cifar10,92.79,92.44,200,798896,3169095
13064,888,cifar10,88.89,84.1,200,444048,1665405
12563,888,cifar10,77.96,29.0,200,225088,780583
12496,888,cifar10,90.07,89.76,200,267408,986979
12963,888,cifar10,92.05,30.29,200,488016,1829069
12816,888,cifar10,76.1,63.67,200,222640,762833
12642,888,cifar10,84.92,19.44,200,533712,2102731
12826,888,cifar10,88.12,10.0,200,287600,986979
12484,888,cifar10,87.33,84.83,200,422848,1633887
12182,888,cifar10,92.18,91.68,200,989920,4047061
12673,888,cifar10,89.26,88.34,200,362800,1648059
13249,888,cifar10,91.99,91.98,200,513200,2053151
12871,888,cifar10,91.41,90.95,200,500640,1871929
12032,888,cifar10,88.62,87.42,200,527712,1878329
12135,888,cifar10,91.81,91.61,200,548880,2078069
12281,888,cifar10,89.98,87.65,200,281056,993251
12531,888,cifar10,91.15,88.88,200,504368,2071085
12748,888,cifar10,92.58,92.4,200,948016,3997801
12694,888,cifar10,88.02,15.08,200,502128,1829069
13286,888,cifar10,10.0,10.0,200,487920,1842701
12315,888,cifar10,89.82,81.48,200,458576,1689939
12294,888,cifar10,89.53,26.64,200,716784,2756431
13192,888,cifar10,87.12,78.53,200,216032,756049
13373,888,cifar10,92.13,92.09,200,582832,2284337
13019,888,cifar10,93.12,93.01,200,1029888,4253201
13363,888,cifar10,93.89,93.63,200,776672,3144561
12652,888,cifar10,92.39,90.76,200,714352,2931117
12553,888,cifar10,92.83,92.67,200,975248,4022527
12508,888,cifar10,92.8,92.43,200,505008,2070957
12907,888,cifar10,89.22,9.82,200,299200,1018233
12205,888,cifar10,91.92,91.87,200,722544,2731961
12737,888,cifar10,89.84,21.33,200,516880,2053407
13385,888,cifar10,86.68,27.82,200,508064,1871737
12608,888,cifar10,93.69,93.63,200,1177488,4882687
12520,888,cifar10,93.43,93.37,200,983248,3780319
12306,888,cifar10,92.26,91.41,200,781280,3186453
12573,888,cifar10,10.0,10.0,200,504512,1860387
12973,888,cifar10,91.26,90.27,200,484192,2070957
12249,888,cifar10,93.13,93.27,200,792480,3144433
11961,888,cifar10,92.14,91.93,200,697136,2695949
12216,888,cifar10,92.07,91.74,200,586320,2284273
13204,888,cifar10,88.68,83.77,200,491312,1871737
13041,888,cifar10,87.84,17.4,200,497840,2095683
12684,888,cifar10,89.06,14.12,200,536608,2102603
12806,888,cifar10,93.35,80.46,200,543232,2053407
13074,888,cifar10,89.17,9.86,200,559792,2060255
12928,888,cifar10,92.25,91.88,200,513632,2095619
12172,888,cifar10,86.62,27.97,200,465872,1690067
13418,888,cifar10,91.24,89.43,200,459264,1840347
12382,888,cifar10,90.93,90.47,200,294048,993507
13123,888,cifar10,92.94,92.36,200,1030400,4253329
12895,888,cifar10,91.69,91.18,200,502704,1853539
13408,888,cifar10,92.75,92.68,200,765328,2938229
12453,888,cifar10,86.71,23.5,200,457344,1647527
12586,888,cifar10,91.78,91.66,200,1026480,4011697
12071,888,cifar10,91.42,90.77,200,562048,2084661
12953,888,cifar10,91.05,89.37,200,744800,2938037
12080,888,cifar10,93.36,93.08,200,832240,3374659
12393,888,cifar10,89.82,42.2,200,335232,1217781
12270,888,cifar10,92.81,92.62,200,533152,2078005
13181,888,cifar10,89.2,86.81,200,275328,993315
12662,888,cifar10,85.11,83.39,200,467488,1654247
13262,888,cifar10,90.51,89.5,200,530928,2095747
12152,888,cifar10,85.19,64.64,200,213680,798325
12404,888,cifar10,92.44,92.44,200,515824,2046295
12706,888,cifar10,80.18,29.09,200,446592,1665661
13148,888,cifar10,75.81,23.71,200,234848,769361
13008,888,cifar10,90.48,88.7,200,525536,2120217
12337,888,cifar10,90.8,89.54,200,335008,1441983
13030,888,cifar10,86.86,10.0,200,293424,1260121
12917,888,cifar10,92.63,92.21,200,952688,3815939
12858,888,cifar10,91.98,91.88,200,498880,1860451
12620,888,cifar10,93.43,93.23,200,537632,2277353
12726,888,cifar10,93.54,93.4,200,1460080,5973713
12542,888,cifar10,93.39,93.33,200,749488,3137513
11716,888,cifar10,10.0,10.0,200,288976,1000227
12194,888,cifar10,92.12,91.93,200,529872,2078005
13276,888,cifar10,91.88,91.76,200,436944,1604987
13341,888,cifar10,91.42,89.72,200,480128,1846947
13296,888,cifar10,90.45,88.92,200,344160,1442047
13065,888,cifar10,91.9,91.7,200,435600,1604923
12033,888,cifar10,86.39,86.14,200,200624,738171
13138,888,cifar10,84.98,37.36,200,262320,1054045
13308,888,cifar10,92.56,92.11,200,757440,3162431
12103,888,cifar10,86.03,85.8,200,180480,563218
12238,888,cifar10,91.68,91.61,200,767664,2944629
13112,888,cifar10,93.71,93.4,200,749584,3137513
13229,888,cifar10,89.54,87.34,200,340080,1242571
13101,888,cifar10,85.33,75.83,200,435184,1683083
12785,888,cifar10,88.08,10.0,200,349152,1224565
12908,888,cifar10,53.12,18.45,200,162160,542986
12441,888,cifar10,88.86,85.52,200,260208,787303
12023,888,cifar10,90.28,88.61,200,453584,1640807
12260,888,cifar10,75.89,28.26,200,340320,1224565
12125,888,cifar10,92.67,92.75,200,787728,3144433
12497,888,cifar10,88.81,9.94,200,344912,1200095
12370,888,cifar10,10.0,10.0,200,209456,751291
12630,888,cifar10,93.04,92.94,200,802816,3393105
12428,888,cifar10,90.34,88.18,200,333504,1242635
12316,888,cifar10,88.76,84.2,200,263712,986979
12466,888,cifar10,93.93,93.93,200,766896,3137513
12847,888,cifar10,88.1,15.11,200,733520,2756559
12565,888,cifar10,91.59,91.36,200,739648,2920287
12206,888,cifar10,88.57,87.93,200,431632,1647655
13054,888,cifar10,93.34,93.31,200,1245088,5113361
13240,888,cifar10,88.61,88.15,200,251456,787303
13386,888,cifar10,86.79,32.95,200,216080,769425
13351,888,cifar10,87.39,59.61,200,446752,1640743
13319,888,cifar10,92.74,92.33,200,586304,2291185
12827,888,cifar10,92.08,91.67,200,535952,2077941
12532,888,cifar10,92.39,92.06,200,485728,1853603
13124,888,cifar10,91.85,91.79,200,420272,1598331
12597,888,cifar10,90.65,90.11,200,524768,2060127
12738,888,cifar10,49.26,10.0,200,184800,616844
12940,888,cifar10,92.86,92.42,200,798592,3168839
12929,888,cifar10,88.66,85.35,200,238096,756113
12896,888,cifar10,86.49,25.36,200,429856,1598267
12360,888,cifar10,92.21,92.08,200,725744,2707363
12509,888,cifar10,92.12,90.79,200,535744,1878265
12643,888,cifar10,90.89,90.43,200,768240,2938101
12226,888,cifar10,88.27,87.35,200,460656,1629649
13090,888,cifar10,89.04,32.58,200,330000,1193247
13428,888,cifar10,90.29,83.36,200,978496,3823115
12282,888,cifar10,87.42,38.18,200,698288,2749767
12695,888,cifar10,92.34,15.43,200,774992,3144625
12588,888,cifar10,84.39,63.66,200,212560,773727
12674,888,cifar10,90.0,10.86,200,536656,2102731
12727,888,cifar10,67.25,10.41,200,166160,525372
12749,888,cifar10,60.11,10.0,200,183008,549906
12250,888,cifar10,88.58,82.27,200,281984,1011641
13374,888,cifar10,92.68,92.62,200,937232,3791277
13042,888,cifar10,87.82,85.59,200,671200,2700507
12163,888,cifar10,88.67,69.25,200,282240,987043
12881,888,cifar10,71.01,10.0,200,191440,574568
12485,888,cifar10,76.15,14.36,200,432912,1647527
12271,888,cifar10,90.81,88.82,200,421264,1640871
12217,888,cifar10,90.92,89.89,200,506336,1871801
12521,888,cifar10,82.9,76.28,200,482416,1878393
13160,888,cifar10,93.3,93.02,200,536640,2277353
12296,888,cifar10,93.33,93.21,200,1007520,4004145
13409,888,cifar10,68.77,26.66,200,189056,605822
13440,888,cifar10,91.09,90.26,200,547888,2102667
12653,888,cifar10,89.88,89.34,200,221600,738171
12998,888,cifar10,91.78,89.71,200,691312,2707235
12173,888,cifar10,92.5,92.25,200,750816,3137513
12383,888,cifar10,92.78,92.64,200,516640,2070893
13364,888,cifar10,92.87,92.49,200,815664,3393169
12964,888,cifar10,89.11,88.23,200,511504,1860451
12405,888,cifar10,89.0,86.95,200,226208,787175
12621,888,cifar10,68.21,33.48,200,190144,569938
12817,888,cifar10,92.94,92.65,200,760176,2938229
13102,888,cifar10,79.98,69.49,200,182656,574568
12338,888,cifar10,88.68,84.44,200,245232,1004593
13182,888,cifar10,91.35,89.01,200,484272,2071085
13476,888,cifar10,88.68,88.38,200,262352,811965
12918,888,cifar10,86.39,86.32,200,448320,1629585
12807,888,cifar10,91.92,39.87,200,536608,2102731
13465,888,cifar10,86.92,84.51,200,300240,1018233
12685,888,cifar10,91.89,90.8,200,740240,2962763
12082,888,cifar10,92.25,92.38,200,755792,3137577
12454,888,cifar10,89.71,13.39,200,534112,2084533
13011,888,cifar10,92.26,92.2,200,504992,1860451
12707,888,cifar10,92.62,92.05,200,572656,2284273
13251,888,cifar10,92.51,22.0,200,790064,3144561
13219,888,cifar10,90.36,83.95,200,479104,1913885
13193,888,cifar10,90.56,84.76,200,723232,2955843
12663,888,cifar10,93.7,66.14,200,791968,3144561
13297,888,cifar10,91.52,21.72,200,538512,2060127
12394,888,cifar10,91.52,91.5,200,790016,2944693
12760,888,cifar10,92.2,91.98,200,500224,1871801
13055,888,cifar10,90.19,90.09,200,269104,962445
12987,888,cifar10,82.95,78.62,200,221040,794087
12771,888,cifar10,91.46,89.77,200,507120,2095555
12872,888,cifar10,90.11,78.4,200,531344,2102667
13498,888,cifar10,92.36,91.85,200,516096,2070957
12533,888,cifar10,88.72,87.72,200,217488,780647
12795,888,cifar10,90.27,29.57,200,513936,1878457
13387,888,cifar10,92.1,92.1,200,446448,1611579
13139,888,cifar10,92.62,92.27,200,945392,3773727
13509,888,cifar10,91.49,89.65,200,695072,2706915
12909,888,cifar10,10.0,10.0,200,753648,2926687
12442,888,cifar10,90.94,89.25,200,693840,2707299
12415,888,cifar10,93.98,93.94,200,984544,3780447
12468,888,cifar10,76.01,12.5,200,499952,1853603
12631,888,cifar10,90.67,89.31,200,487072,2070957
12498,888,cifar10,86.96,82.77,200,244288,811965
12261,888,cifar10,88.64,13.03,200,507088,1871673
12828,888,cifar10,82.63,78.06,200,229952,793703
13066,888,cifar10,91.11,89.29,200,932976,3815939
13429,888,cifar10,10.0,10.0,200,416096,1611259
12510,888,cifar10,50.33,10.05,200,174000,592246
12104,888,cifar10,92.91,92.89,200,824176,3151473
12361,888,cifar10,75.35,68.2,200,235008,762769
12786,888,cifar10,91.04,91.24,200,748960,2938101
13263,888,cifar10,88.78,86.27,200,244544,1004593
13520,888,cifar10,91.79,91.07,200,743200,2955907
13230,888,cifar10,88.93,80.75,200,509920,1896399
12351,888,cifar10,82.04,76.62,200,257328,1011641
12034,888,cifar10,91.87,91.51,200,504288,1871929
12574,888,cifar10,93.78,93.61,200,789952,3144049
13241,888,cifar10,92.03,92.07,200,732800,2707299
12976,888,cifar10,89.36,85.76,200,722336,2738745
13320,888,cifar10,89.33,88.78,200,296496,1000291
12942,888,cifar10,80.28,13.07,200,302352,1018105
13125,888,cifar10,90.32,88.66,200,272192,1018169
12590,888,cifar10,75.93,15.06,200,284944,993443
12555,888,cifar10,93.25,93.1,200,531456,2053343
13091,888,cifar10,92.52,92.02,200,514496,2053215
13419,888,cifar10,89.65,81.91,200,519408,2120473
13353,888,cifar10,91.49,63.9,200,562720,2077877
12372,888,cifar10,91.0,90.81,200,518224,1842573
12954,888,cifar10,92.23,92.0,200,711040,2713699
13567,888,cifar10,85.99,60.69,200,468112,1640871
12644,888,cifar10,89.97,89.11,200,323088,1217909
12478,888,cifar10,92.45,92.36,200,750208,2913375
12566,888,cifar10,10.0,10.0,200,754752,2926815
13342,888,cifar10,91.39,89.06,200,441312,1647399
13441,888,cifar10,90.46,90.19,200,291152,1193183
13547,888,cifar10,91.27,90.71,200,510208,2095683
12543,888,cifar10,88.45,10.7,200,473440,1864689
12818,888,cifar10,10.0,10.0,200,209504,751355
12317,888,cifar10,89.01,88.65,200,299520,1192735
13477,888,cifar10,75.53,17.1,200,237520,762769
12610,888,cifar10,92.75,92.43,200,515136,2046295
12838,888,cifar10,92.47,92.35,200,987152,4022591
12696,888,cifar10,92.19,91.65,200,735936,2931117
12728,888,cifar10,89.47,88.64,200,261216,968205
12675,888,cifar10,92.58,91.86,200,543840,2077941
13557,888,cifar10,87.25,84.56,200,541824,2084917
13277,888,cifar10,92.58,92.28,200,798688,3169095
12283,888,cifar10,91.14,90.56,200,525328,2095683
12622,888,cifar10,80.1,32.27,200,447472,1622929
12251,888,cifar10,93.29,93.2,200,548304,2078069
12522,888,cifar10,88.94,25.96,200,326784,1224245
13113,888,cifar10,88.26,87.59,200,586208,2290993
12739,888,cifar10,93.06,92.64,200,988432,4029703
12898,888,cifar10,91.77,90.35,200,502288,1847139
12327,888,cifar10,92.57,91.32,200,1017856,4253329
13012,888,cifar10,90.54,89.94,200,684016,2675781
12455,888,cifar10,90.19,59.96,200,284576,986979
12598,888,cifar10,93.2,93.06,200,1051440,4459725
12999,888,cifar10,91.78,89.37,200,506544,2095747
13609,888,cifar10,92.76,92.15,200,750848,2938101
13410,888,cifar10,92.37,92.35,200,792416,3144113
13077,888,cifar10,89.91,89.41,200,268240,962573
13331,888,cifar10,88.79,86.22,200,759792,2938101
13375,888,cifar10,92.11,89.65,200,583408,2309191
13599,888,cifar10,91.9,91.93,200,993648,4004657
13043,888,cifar10,75.39,17.27,200,770304,2944885
13309,888,cifar10,89.19,78.81,200,685920,2749703
13466,888,cifar10,92.16,91.52,200,689120,2906455
13104,888,cifar10,88.66,88.49,200,371216,1430833
13579,888,cifar10,91.6,87.14,200,781312,3186901
12930,888,cifar10,92.08,90.57,200,501456,1871929
12809,888,cifar10,89.59,35.3,200,502624,1853667
12988,888,cifar10,88.82,88.47,200,320816,1199967
13161,888,cifar10,78.4,50.51,200,424288,1634015
12384,888,cifar10,93.84,93.7,200,986000,3997737
12511,888,cifar10,57.62,10.0,200,194272,574568
13667,888,cifar10,73.97,26.14,200,207856,581224
12920,888,cifar10,87.24,83.94,200,710032,2738553
13631,888,cifar10,88.86,10.0,200,495888,2095683
13032,888,cifar10,93.46,93.13,200,752256,2920287
12417,888,cifar10,92.26,92.11,200,489952,1822605
13150,888,cifar10,92.16,91.53,200,758832,2938037
13454,888,cifar10,89.52,32.93,200,549152,2102603
13620,888,cifar10,88.25,85.4,200,489872,1896399
12965,888,cifar10,91.67,91.41,200,964672,3822987
12486,888,cifar10,82.18,19.96,200,508656,1871801
13645,888,cifar10,92.6,92.49,200,756528,3137513
13500,888,cifar10,91.39,90.92,200,565216,2066527
13252,888,cifar10,92.03,91.55,200,707360,2720611
13173,888,cifar10,88.86,85.38,200,238208,762769
13194,888,cifar10,93.16,92.95,200,753360,2938229
13288,888,cifar10,89.75,84.79,200,704880,2756495
13489,888,cifar10,72.9,21.54,200,462672,1647591
12535,888,cifar10,89.0,28.09,200,507120,1871673
12796,888,cifar10,92.28,92.22,200,572848,2284273
12499,888,cifar10,88.51,84.79,200,484608,1871929
12787,888,cifar10,88.96,84.28,200,283200,1011513
13657,888,cifar10,91.19,90.43,200,496256,1871737
12829,888,cifar10,89.55,84.79,200,293088,1017849
13321,888,cifar10,86.72,12.35,200,277344,993443
12761,888,cifar10,94.03,93.62,200,980592,3997737
13399,888,cifar10,92.63,92.47,200,570480,2308935
13126,888,cifar10,10.0,10.0,200,233152,776209
13677,888,cifar10,87.44,66.79,200,688880,2724913
13522,888,cifar10,86.76,24.06,200,467424,1665661
12882,888,cifar10,92.68,92.35,200,1000608,4029383
12977,888,cifar10,92.43,92.48,200,484816,1847139
13355,888,cifar10,84.96,77.48,200,464480,1647527
13722,888,cifar10,89.75,88.91,200,339504,1199967
13388,888,cifar10,91.07,90.58,200,773280,2962827
13183,888,cifar10,86.53,50.48,200,480352,1864625
13420,888,cifar10,86.88,75.36,200,440896,1640871
13298,888,cifar10,89.68,83.6,200,938192,3840793
12544,888,cifar10,92.0,91.99,200,433744,1611579
13013,888,cifar10,52.87,10.0,200,162272,567648
12955,888,cifar10,93.26,93.16,200,516640,2053023
13746,888,cifar10,88.42,87.93,200,257104,969165
12469,888,cifar10,93.15,92.96,200,995376,3786911
12556,888,cifar10,89.02,85.75,200,488720,1853283
12751,888,cifar10,89.64,87.74,200,448112,1640871
12740,888,cifar10,89.51,89.15,200,214432,738107
13231,888,cifar10,88.34,87.73,200,705776,2714147
13687,888,cifar10,90.89,89.77,200,720912,2955715
12676,888,cifar10,88.55,87.62,200,247824,787367
12611,888,cifar10,84.67,80.96,200,450880,1623057
13220,888,cifar10,91.92,91.21,200,1198704,4907413
13067,888,cifar10,86.93,84.56,200,759072,2962955
12284,888,cifar10,91.03,88.4,200,472304,1840283
13430,888,cifar10,90.57,90.45,200,280544,993379
13242,888,cifar10,91.51,88.79,200,733392,2955907
13769,888,cifar10,92.55,92.37,200,482240,1829261
12873,888,cifar10,85.37,77.1,200,440688,1640743
12772,888,cifar10,86.62,10.11,200,286784,1035791
12444,888,cifar10,92.13,91.62,200,484224,1847139
13779,888,cifar10,86.4,58.3,200,232464,780583
12430,888,cifar10,86.42,29.52,200,323648,1199967
13442,888,cifar10,91.9,91.89,200,579136,2508219
12632,888,cifar10,91.43,88.8,200,681040,2700443
12697,888,cifar10,89.58,84.64,200,292288,1018297
13758,888,cifar10,85.76,76.81,200,264816,1029063
13478,888,cifar10,92.97,92.1,200,740288,2938165
12623,888,cifar10,90.17,89.72,200,730384,2913311
12479,888,cifar10,87.31,80.0,200,221632,756113
13056,888,cifar10,91.31,91.02,200,1232144,4864817
13411,888,cifar10,89.14,88.69,200,482064,1835789
13034,888,cifar10,87.28,78.28,200,235120,756113
13501,888,cifar10,89.96,89.0,200,244496,955461
13105,888,cifar10,86.19,55.48,200,228208,805373
13343,888,cifar10,91.81,89.35,200,566256,2326613
13558,888,cifar10,92.01,90.85,200,529568,2302271
12810,888,cifar10,88.55,10.11,200,274176,975053
12932,888,cifar10,88.89,85.53,200,232288,805309
13548,888,cifar10,91.99,90.86,200,932512,3815875
13093,888,cifar10,88.56,87.97,200,490032,1835789
13332,888,cifar10,69.36,19.03,200,463200,1665597
12719,888,cifar10,79.0,12.75,200,435648,1658549
12599,888,cifar10,92.21,92.22,200,521552,2078005
13022,888,cifar10,92.5,92.03,200,721552,2931117
13265,888,cifar10,91.59,91.1,200,708560,2738681
13210,888,cifar10,68.32,19.46,200,169312,525372
13366,888,cifar10,92.56,91.87,200,558416,2302271
13455,888,cifar10,80.08,29.86,200,231760,780583
13646,888,cifar10,86.66,24.54,200,442624,1622929
12910,888,cifar10,92.89,92.91,200,963184,3798325
13376,888,cifar10,93.7,93.67,200,949136,3773535
13141,888,cifar10,87.45,67.95,200,450528,1640871
12456,888,cifar10,92.97,92.69,200,768032,2938101
13802,888,cifar10,86.31,82.28,200,330784,1205919
12862,888,cifar10,92.68,92.68,200,1007568,4004465
13791,888,cifar10,92.61,92.34,200,740288,2937845
12687,888,cifar10,93.52,93.11,200,1205408,4882815
13621,888,cifar10,88.42,10.0,200,479760,1853475
12567,888,cifar10,92.42,92.19,200,482704,1829261
12840,888,cifar10,91.09,21.03,200,1013584,4029191
13044,888,cifar10,92.03,91.48,200,740768,2938037
13151,888,cifar10,86.72,59.86,200,456848,1665597
13114,888,cifar10,92.56,92.15,200,955664,3798005
12666,888,cifar10,91.23,90.99,200,487552,2070957
12989,888,cifar10,91.96,91.66,200,554560,2284401
13310,888,cifar10,91.45,9.58,200,571136,2309383
12830,888,cifar10,91.87,91.62,200,474528,1822157
13536,888,cifar10,88.86,79.85,200,340720,1199967
12966,888,cifar10,85.79,82.81,200,478864,1654055
12645,888,cifar10,93.45,93.4,200,989920,3780447
12762,888,cifar10,10.0,10.0,200,260304,975565
13254,888,cifar10,91.7,89.97,200,490128,1847139
13668,888,cifar10,10.0,10.0,200,162704,563218
13174,888,cifar10,92.16,92.2,200,514464,2053151
12729,888,cifar10,92.51,92.1,200,547792,2302271
13822,888,cifar10,92.32,91.17,200,738352,2955779
12921,888,cifar10,91.98,54.49,200,589616,2291249
13853,888,cifar10,87.27,64.27,200,426592,1658485
13490,888,cifar10,88.23,84.11,200,684752,2700507
13184,888,cifar10,10.0,10.0,200,424704,1611451
12788,888,cifar10,86.01,53.44,200,250128,1029191
13289,888,cifar10,89.71,82.11,200,314464,1442047
13590,888,cifar10,85.69,29.48,200,464736,1889223
13610,888,cifar10,92.77,91.95,200,1017776,4253329
13079,888,cifar10,92.8,92.63,200,554016,2277353
13580,888,cifar10,88.67,75.28,200,734400,2980633
13389,888,cifar10,92.22,91.76,200,454672,1622993
12418,888,cifar10,91.05,15.53,200,955440,3798261
13400,888,cifar10,91.64,89.86,200,499344,2070893
12819,888,cifar10,93.04,92.32,200,802816,3393169
13322,888,cifar10,84.98,79.36,200,447584,1690067
13549,888,cifar10,73.56,18.89,200,158464,532028
13467,888,cifar10,90.03,83.43,200,467808,1864689
12576,888,cifar10,93.67,93.37,200,962496,4022527
12899,888,cifar10,90.07,82.25,200,355680,1448775
12545,888,cifar10,92.44,19.66,200,503952,1853539
13886,888,cifar10,87.59,86.02,200,231584,980187
13832,888,cifar10,92.46,92.09,200,1257792,5095619
12752,888,cifar10,89.43,88.46,200,492464,1871929
13865,888,cifar10,91.46,88.39,200,523776,2095555
12612,888,cifar10,91.17,90.17,200,541376,2077941
13658,888,cifar10,88.83,87.58,200,272976,969165
13747,888,cifar10,10.0,10.0,200,217088,769425
13569,888,cifar10,86.92,69.1,200,459680,1864689
13195,888,cifar10,86.47,11.89,200,444816,1622929
13525,888,cifar10,92.24,91.69,200,566432,2326549
13600,888,cifar10,92.53,92.22,200,757360,3162431
13243,888,cifar10,88.72,88.45,200,513408,1853539
13057,888,cifar10,86.53,85.89,200,449936,1647591
13712,888,cifar10,92.41,92.13,200,686000,2700379
13502,888,cifar10,85.47,73.24,200,228464,787303
13421,888,cifar10,73.89,33.19,200,249968,787303
13734,888,cifar10,86.52,86.17,200,139264,520742
12944,888,cifar10,91.13,91.07,200,486976,2070957
13232,888,cifar10,91.15,89.36,200,774016,3186965
12841,888,cifar10,86.44,86.21,200,415728,1598331
13899,888,cifar10,87.93,87.44,200,476656,1647591
13512,888,cifar10,88.84,88.3,200,552576,2084341
13344,888,cifar10,87.37,10.0,200,292736,1011513
12655,888,cifar10,91.24,88.37,200,716592,2955779
13035,888,cifar10,70.13,13.44,200,443456,1690003
13431,888,cifar10,93.55,93.53,200,984080,3997737
12600,888,cifar10,89.77,87.66,200,291360,1210797
12677,888,cifar10,93.28,93.18,200,1221168,5088763
13456,888,cifar10,87.35,67.99,200,453664,1640743
13919,888,cifar10,85.43,80.68,200,461824,1629585
13129,888,cifar10,92.01,40.71,200,988928,3773727
13770,888,cifar10,91.56,91.4,200,434320,1616273
13211,888,cifar10,87.32,66.77,200,220928,756177
12911,888,cifar10,92.17,91.82,200,521760,2053343
12956,888,cifar10,93.41,93.28,200,739600,2913311
13491,888,cifar10,86.4,14.84,200,426496,1604667
12851,888,cifar10,91.07,87.25,200,781200,3186901
13333,888,cifar10,88.4,85.18,200,501056,1896335
13944,888,cifar10,85.57,79.52,200,457152,1640743
13678,888,cifar10,89.57,86.67,200,304384,1260121
13723,888,cifar10,92.43,92.41,200,534112,2084469
12688,888,cifar10,91.33,89.13,200,674448,2700507
12811,888,cifar10,92.82,92.41,200,937280,3791277
13081,888,cifar10,75.46,59.58,200,169312,563218
13984,888,cifar10,55.77,10.0,200,203408,574568
12730,888,cifar10,89.87,89.03,200,307008,987043
13367,888,cifar10,92.45,92.02,200,564544,2078069
12884,888,cifar10,88.65,86.87,200,477872,1853987
13623,888,cifar10,92.18,91.23,200,507152,2070957
13312,888,cifar10,92.13,91.89,200,689936,2689357
13014,888,cifar10,93.26,93.09,200,1018848,4029191
12864,888,cifar10,92.04,91.49,200,514704,2095683
13611,888,cifar10,92.48,92.3,200,423200,1611515
13094,888,cifar10,92.58,92.22,200,987520,4004657
13115,888,cifar10,91.61,90.38,200,695168,2707299
12698,888,cifar10,92.57,91.9,200,982992,4047061
13255,888,cifar10,89.12,88.27,200,348240,1431089
12934,888,cifar10,91.46,90.95,200,972048,3822987
13689,888,cifar10,92.37,18.81,200,719040,2713699
12820,888,cifar10,90.89,90.14,200,345712,1199967
13647,888,cifar10,93.42,93.15,200,984688,4004849
13469,888,cifar10,78.09,62.84,200,214624,822923
13971,888,cifar10,10.0,10.0,200,242512,794151
13702,888,cifar10,92.62,91.7,200,717840,2713507
13537,888,cifar10,73.73,21.15,200,200800,574568
13957,888,cifar10,90.42,88.5,200,321760,1242507
13279,888,cifar10,93.31,74.41,200,1011008,4011313
13412,888,cifar10,79.26,14.28,200,438352,1683275
12720,888,cifar10,75.9,13.48,200,511120,1860387
13377,888,cifar10,91.79,91.55,200,971888,3805173
12967,888,cifar10,93.96,94.02,200,991472,4004785
13994,888,cifar10,78.5,39.75,200,237936,829843
13550,888,cifar10,91.99,91.73,200,464832,1822733
12646,888,cifar10,91.87,91.49,200,806256,3168967
13185,888,cifar10,89.03,87.98,200,227488,762897
13480,888,cifar10,90.91,89.26,200,753296,2920287
13058,888,cifar10,91.82,91.54,200,428976,1598267
13266,888,cifar10,90.78,90.55,200,520944,1878393
14004,888,cifar10,82.66,77.71,200,243664,786919
13142,888,cifar10,91.73,28.71,200,774832,2920415
12577,888,cifar10,93.18,93.08,200,745440,2920095
13175,888,cifar10,90.83,90.23,200,309616,1193183
13759,888,cifar10,92.91,92.45,200,757456,3162431
12922,888,cifar10,93.37,93.1,200,814976,3393233
13163,888,cifar10,76.01,63.67,200,222576,762833
12656,888,cifar10,88.74,88.4,200,236672,762897
12753,888,cifar10,87.43,68.68,200,470096,1864625
12667,888,cifar10,91.66,91.59,200,711776,2696077
13390,888,cifar10,94.11,93.84,200,1007872,4228603
14015,888,cifar10,10.0,10.0,200,210976,751035
12913,888,cifar10,80.78,53.34,200,163360,532028
12831,888,cifar10,88.13,78.89,200,700160,2749383
13233,888,cifar10,10.0,10.0,200,226304,776209
12979,888,cifar10,10.0,10.0,200,217136,769425
13624,888,cifar10,88.9,88.63,200,216656,731195
13323,888,cifar10,92.92,92.52,200,836592,3599565
13526,888,cifar10,88.56,19.78,200,521584,1859939
13792,888,cifar10,90.08,84.43,200,494656,1871801
13222,888,cifar10,88.81,11.21,200,496720,1835789
13445,888,cifar10,92.32,63.42,200,773216,2913567
13581,888,cifar10,91.57,87.39,200,996352,4047125
12775,888,cifar10,90.12,88.68,200,508544,1871929
12852,888,cifar10,91.91,91.93,200,436960,1604859
13130,888,cifar10,72.04,15.02,200,210816,798325
13197,888,cifar10,91.63,90.68,200,512416,1896463
12900,888,cifar10,90.41,85.74,200,734400,2980633
13823,888,cifar10,92.54,92.44,200,553680,2060127
13570,888,cifar10,92.37,90.66,200,551056,2326613
13401,888,cifar10,87.0,86.33,200,489344,1835789
13432,888,cifar10,86.83,83.31,200,242096,1053597
13095,888,cifar10,88.9,88.26,200,425152,1591355
13669,888,cifar10,90.38,45.46,200,717216,2756367
13513,888,cifar10,91.45,90.2,200,498592,2070957
12957,888,cifar10,87.5,81.75,200,446064,1840347
13813,888,cifar10,84.76,80.06,200,445984,1647079
12798,888,cifar10,80.5,35.81,200,233584,762833
13803,888,cifar10,93.22,92.7,200,1013792,4028999
13459,888,cifar10,85.78,63.32,200,444240,1665341
13015,888,cifar10,91.66,18.33,200,502832,1829069
13888,888,cifar10,91.34,91.08,200,491296,1853539
12763,888,cifar10,92.04,89.82,200,966944,3822603
12935,888,cifar10,57.47,10.01,200,188496,574568
13069,888,cifar10,89.61,84.79,200,683968,2700443
13735,888,cifar10,92.7,92.45,200,525408,2053343
13036,888,cifar10,90.19,89.15,200,368688,1448327
13357,888,cifar10,89.62,84.18,200,537056,2077877
13301,888,cifar10,93.32,93.11,200,971920,3804789
12789,888,cifar10,92.28,91.83,200,961920,3822923
13154,888,cifar10,86.96,31.97,200,229744,780647
13713,888,cifar10,86.76,84.39,200,255088,787495
12634,888,cifar10,91.59,90.22,200,521824,2095683
13900,888,cifar10,69.67,29.74,200,204240,581224
13866,888,cifar10,90.02,58.47,200,347600,1217717
13748,888,cifar10,91.54,90.06,200,733504,2732089
14025,888,cifar10,85.23,22.95,200,498736,1896143
12968,888,cifar10,89.02,87.97,200,269968,962509
13649,888,cifar10,91.85,89.91,200,462832,1864689
13771,888,cifar10,88.76,88.63,200,257072,969101
14059,888,cifar10,90.95,90.76,200,515824,1835789
12731,888,cifar10,75.39,67.47,200,183072,556562
13143,888,cifar10,57.61,16.53,200,188736,574568
13244,888,cifar10,92.82,56.72,200,1228528,4889543
13313,888,cifar10,88.96,88.27,200,222624,738107
13345,888,cifar10,92.48,92.12,200,1039088,4011505
13560,888,cifar10,93.34,92.93,200,1232944,5113489
12865,888,cifar10,91.61,90.5,200,717968,2931245
13876,888,cifar10,89.19,84.0,200,505024,1871801
13291,888,cifar10,93.23,93.28,200,582576,2284337
13470,888,cifar10,90.45,89.97,200,515408,2060127
14005,888,cifar10,55.53,12.06,200,181152,599166
13378,888,cifar10,76.96,56.29,200,263808,794023
13280,888,cifar10,91.03,89.07,200,455616,1647527
13921,888,cifar10,91.37,89.41,200,499392,1871545
12488,888,cifar10,92.32,91.97,200,501920,2071021
13368,888,cifar10,92.72,92.01,200,973744,3798069
13833,888,cifar10,92.74,92.12,200,535120,2077941
13256,888,cifar10,92.49,91.63,200,730864,2731961
13910,888,cifar10,92.37,91.8,200,527536,2078069
14037,888,cifar10,89.91,89.19,200,971776,3805301
12821,888,cifar10,90.34,85.7,200,934176,3791277
12902,888,cifar10,50.53,15.93,200,162272,567648
13003,888,cifar10,91.74,91.77,200,697856,2695949
12945,888,cifar10,90.34,89.72,200,748704,2938165
12842,888,cifar10,91.64,34.18,200,763408,2945077
13324,888,cifar10,10.0,10.0,200,209728,757883
14102,888,cifar10,88.87,88.42,200,315936,1192991
13059,888,cifar10,89.7,89.06,200,530960,2053151
13945,888,cifar10,83.09,27.07,200,250848,829843
13116,888,cifar10,79.54,38.24,200,458928,1622993
13212,888,cifar10,75.62,60.13,200,716672,2738681
13985,888,cifar10,92.03,91.66,200,537968,2077429
12991,888,cifar10,92.22,92.0,200,1257728,5095619
13637,888,cifar10,89.69,84.23,200,555136,2102667
13503,888,cifar10,93.23,93.1,200,1222640,4864817
14138,888,cifar10,89.28,85.33,200,240624,805245
14091,888,cifar10,93.44,93.17,200,733936,2913375
13724,888,cifar10,88.37,87.62,200,488064,1847139
13177,888,cifar10,92.44,12.45,200,535376,2066207
13131,888,cifar10,87.57,85.79,200,309552,1199967
13186,888,cifar10,87.19,82.57,200,252608,980187
13070,888,cifar10,10.0,10.0,200,410752,1611643
13856,888,cifar10,86.77,12.57,200,427888,1604987
14127,888,cifar10,90.44,89.42,200,355344,1448263
13446,888,cifar10,70.99,10.0,200,221120,847585
12776,888,cifar10,93.54,93.39,200,699120,2682829
13024,888,cifar10,75.81,25.02,200,511344,1860451
13037,888,cifar10,88.49,85.56,200,244320,980123
12885,888,cifar10,90.99,56.77,200,549184,2102603
13995,888,cifar10,93.16,92.94,200,1209696,4882751
14160,888,cifar10,73.36,12.39,200,426928,1634143
13958,888,cifar10,75.67,60.23,200,454864,1672125
13934,888,cifar10,91.44,91.13,200,605136,2514947
13268,888,cifar10,83.71,73.18,200,228432,787495
13358,888,cifar10,90.62,89.65,200,438976,1622929
13783,888,cifar10,92.15,91.92,200,681312,2682701
13335,888,cifar10,91.34,90.82,200,583760,2309127
13703,888,cifar10,90.92,90.57,200,507216,1878457
13650,888,cifar10,84.11,47.26,200,477344,1822541
14170,888,cifar10,88.58,27.41,200,276448,1210861
13625,888,cifar10,85.5,39.14,200,229200,805245
13096,888,cifar10,90.7,90.17,200,267760,968973
13690,888,cifar10,92.75,92.08,200,761520,2962251
13551,888,cifar10,93.72,93.32,200,743920,2937781
13460,888,cifar10,80.12,10.78,200,551648,2084341
12980,888,cifar10,90.39,88.19,200,287360,1235395
12799,888,cifar10,93.83,93.65,200,771168,3137513
12764,888,cifar10,90.27,90.06,200,780288,2926687
13047,888,cifar10,86.4,85.98,200,960560,3780447
13582,888,cifar10,92.99,92.79,200,814944,3393041
13423,888,cifar10,91.56,91.23,200,718944,2713827
14206,888,cifar10,75.18,66.95,200,192640,556562
13245,888,cifar10,88.95,87.68,200,288224,993379
14038,888,cifar10,75.21,57.47,200,181008,581224
13144,888,cifar10,91.56,91.18,200,469200,1847075
13572,888,cifar10,93.15,92.98,200,802640,3393105
13302,888,cifar10,92.21,91.26,200,721520,2955715
13602,888,cifar10,87.73,72.32,200,437376,1616273
13471,888,cifar10,89.56,86.38,200,270784,1029191
13165,888,cifar10,88.73,88.26,200,801280,3151153
13346,888,cifar10,88.85,10.0,200,489168,1835597
13292,888,cifar10,92.52,92.12,200,502032,2071021
13845,888,cifar10,83.73,64.85,200,224704,780583
13155,888,cifar10,90.17,87.54,200,524960,2120409
13369,888,cifar10,67.45,11.95,200,239264,794023
14195,888,cifar10,90.79,90.55,200,513872,1878329
13016,888,cifar10,92.27,91.46,200,953536,3816003
13258,888,cifar10,86.41,86.04,200,439072,1622929
12947,888,cifar10,92.87,92.69,200,479328,1822605
14026,888,cifar10,92.59,92.51,200,827408,3151473
13670,888,cifar10,77.3,13.21,200,210208,798453
12958,888,cifar10,75.72,18.0,200,441536,1653799
13901,888,cifar10,75.6,61.63,200,180448,563218
13234,888,cifar10,93.21,93.07,200,986112,3997737
13060,888,cifar10,53.42,10.0,200,194624,599166
14219,888,cifar10,92.22,92.05,200,498576,1829261
13824,888,cifar10,75.5,12.1,200,502560,1853539
13379,888,cifar10,92.56,92.29,200,724192,2931053
14183,888,cifar10,92.63,92.09,200,793392,3169159
14016,888,cifar10,93.66,93.34,200,1051632,4459725
13482,888,cifar10,91.05,90.75,200,481520,1846947
13314,888,cifar10,71.76,34.45,200,263792,794087
13403,888,cifar10,93.51,92.78,200,1448016,5973649
13772,888,cifar10,89.8,88.49,200,289264,1210797
12969,888,cifar10,91.83,91.14,200,566208,2326293
13540,888,cifar10,92.11,91.8,200,466160,1822669
12853,888,cifar10,91.23,90.56,200,780816,3169287
13282,888,cifar10,91.62,90.54,200,516432,2095683
13561,888,cifar10,92.87,92.55,200,792368,3368443
12936,888,cifar10,90.97,10.19,200,763040,2926559
13213,888,cifar10,91.79,24.01,200,497088,1878329
13504,888,cifar10,88.98,84.21,200,288512,1011513
14060,888,cifar10,81.99,49.18,200,237456,805245
13638,888,cifar10,86.82,10.0,200,300704,1036239
13986,888,cifar10,92.72,92.49,200,721408,2931053
13593,888,cifar10,89.75,88.99,200,488768,1847203
14242,888,cifar10,91.52,91.17,200,550816,2078069
13911,888,cifar10,78.77,38.14,200,196880,749193
13134,888,cifar10,92.59,92.28,200,506128,2053343
12866,888,cifar10,92.19,91.8,200,995888,4029511
12992,888,cifar10,91.1,89.67,200,542752,2078005
13514,888,cifar10,89.85,88.68,200,797568,3169223
13613,888,cifar10,89.44,85.61,200,555056,2102603
14081,888,cifar10,92.1,91.8,200,496320,1847011
13025,888,cifar10,87.32,50.92,200,459248,1840347
13083,888,cifar10,68.11,38.95,200,234160,812029
13877,888,cifar10,89.24,86.31,200,269168,1210861
13737,888,cifar10,91.97,41.72,200,796144,3151089
13199,888,cifar10,54.96,10.0,200,181712,599166
12886,888,cifar10,79.32,37.71,200,424944,1633951
13414,888,cifar10,92.17,90.7,200,496064,1853539
13814,888,cifar10,93.23,92.67,200,1039168,4011697
13108,888,cifar10,89.03,85.27,200,264992,986531
13804,888,cifar10,91.86,33.62,200,703456,2720547
14229,888,cifar10,92.74,92.25,200,780864,3169287
14103,888,cifar10,88.66,88.25,200,283312,987043
13946,888,cifar10,91.03,89.7,200,453856,1616209
13178,888,cifar10,91.83,91.57,200,800576,3144433
14049,888,cifar10,91.26,91.23,200,738624,2713635
13449,888,cifar10,93.08,93.04,200,780368,2926687
12924,888,cifar10,91.22,89.85,200,735184,2938293
13493,888,cifar10,90.25,86.32,200,507296,1878457
13714,888,cifar10,94.36,94.05,200,1223680,5088763
13071,888,cifar10,92.16,40.9,200,491696,1829069
13393,888,cifar10,92.74,92.63,200,788816,3144561
14293,888,cifar10,88.31,87.57,200,662848,2675781
13435,888,cifar10,88.58,88.2,200,539360,2084661
14252,888,cifar10,10.0,10.0,200,969104,3786783
12877,888,cifar10,86.58,64.26,200,236480,780583
13750,888,cifar10,93.08,92.96,200,801280,3151025
13097,888,cifar10,91.68,91.64,200,687072,2689421
13996,888,cifar10,91.04,85.9,200,522496,2095683
14272,888,cifar10,92.94,92.65,200,707408,2731897
14128,888,cifar10,10.0,10.0,200,177264,563218
13269,888,cifar10,63.5,10.01,200,169872,549906
13424,888,cifar10,92.14,91.76,200,482224,1847203
13923,888,cifar10,89.34,23.23,200,719344,2980441
12489,888,cifar10,93.01,92.51,200,738352,2955907
12981,888,cifar10,89.05,12.06,200,502560,1853283
14092,888,cifar10,91.66,90.26,200,523600,2070957
13048,888,cifar10,91.12,88.24,200,488720,1853539
14114,888,cifar10,91.7,91.52,200,509008,2070957
13004,888,cifar10,86.58,25.32,200,475216,1914205
13834,888,cifar10,92.47,91.56,200,983696,3798261
14327,888,cifar10,88.06,83.05,200,256672,1004593
14306,888,cifar10,92.96,92.7,200,484960,1829325
13725,888,cifar10,90.54,88.23,200,321792,1242507
13404,888,cifar10,72.5,20.07,200,209776,798389
13259,888,cifar10,89.73,88.15,200,470352,1840283
14282,888,cifar10,90.18,84.89,200,527728,1878073
13224,888,cifar10,92.66,92.42,200,548784,2053215
13336,888,cifar10,93.27,92.96,200,850720,3375299
13857,888,cifar10,92.75,92.18,200,754480,2945013
14317,888,cifar10,90.64,88.91,200,496480,1847075
14161,888,cifar10,89.24,85.52,200,468528,1864753
14070,888,cifar10,88.27,73.1,200,292192,1018297
13680,888,cifar10,91.68,91.01,200,770144,2962955
14017,888,cifar10,10.0,10.0,200,694240,2696141
13283,888,cifar10,86.77,11.54,200,308448,993443
14171,888,cifar10,91.74,27.45,200,706880,2689357
12959,888,cifar10,90.27,88.94,200,308912,1235523
13784,888,cifar10,88.95,81.64,200,337424,1199711
13583,888,cifar10,93.21,93.06,200,850704,3375299
13552,888,cifar10,92.57,92.05,200,1042752,4235459
13761,888,cifar10,93.31,93.07,200,528032,2053215
13960,888,cifar10,88.69,82.99,200,290784,1018297
13200,888,cifar10,88.97,9.64,200,272928,968909
13573,888,cifar10,91.96,91.49,200,771808,2962955
13652,888,cifar10,93.73,93.74,200,731008,2938165
13461,888,cifar10,92.7,92.44,200,1198064,4907221
13987,888,cifar10,93.63,93.35,200,519648,2053215
14207,888,cifar10,91.86,91.63,200,531792,2077941
13347,888,cifar10,91.38,89.19,200,751968,2962571
13359,888,cifar10,92.78,92.88,200,951216,3997801
13795,888,cifar10,91.02,88.99,200,460368,1864753
13562,888,cifar10,91.37,90.21,200,553168,2077941
14362,888,cifar10,86.54,83.09,200,528320,2102731
13515,888,cifar10,92.36,92.32,200,708000,2906455
14243,888,cifar10,88.87,88.29,200,331104,1206495
13235,888,cifar10,91.81,66.19,200,763392,2945077
13303,888,cifar10,88.61,88.08,200,680240,2675781
14404,888,cifar10,90.34,89.48,200,335056,1217909
13394,888,cifar10,88.78,88.04,200,425296,1591355
13293,888,cifar10,90.97,88.3,200,451024,1622929
14428,888,cifar10,89.13,88.87,200,272544,969165
14263,888,cifar10,87.69,84.39,200,429600,1616273
14394,888,cifar10,89.76,85.64,200,327312,1442111
12948,888,cifar10,89.14,77.0,200,338192,1424113
13614,888,cifar10,90.97,90.5,200,468528,1889415
13505,888,cifar10,88.89,14.5,200,732448,2738617
13594,888,cifar10,92.46,92.2,200,755008,3137577
13935,888,cifar10,91.55,90.18,200,757152,2938037
13846,888,cifar10,90.49,90.02,200,285696,1011769
13315,888,cifar10,91.11,88.94,200,751872,2962827
13691,888,cifar10,91.23,89.4,200,705968,2731897
13661,888,cifar10,88.65,88.32,200,238336,769489
14039,888,cifar10,92.87,92.55,200,977184,4022591
13084,888,cifar10,91.08,89.66,200,719328,2931245
13640,888,cifar10,92.87,92.69,200,756816,3162303
13494,888,cifar10,89.04,10.49,200,273408,999587
14150,888,cifar10,91.3,91.01,200,525696,2077877
13603,888,cifar10,92.7,92.58,200,743232,2937781
14184,888,cifar10,78.66,10.0,200,424384,1634015
14416,888,cifar10,93.14,92.74,200,696336,2707235
13541,888,cifar10,89.61,88.09,200,325856,1217717
13119,888,cifar10,89.31,88.07,200,541792,2084789
13902,888,cifar10,88.73,13.46,200,732416,2738617
13947,888,cifar10,89.31,84.8,200,234048,756113
13878,888,cifar10,89.68,88.6,200,276128,969165
13868,888,cifar10,88.61,86.96,200,275120,987043
14007,888,cifar10,89.75,89.64,200,424752,1640807
13436,888,cifar10,93.41,93.25,200,924320,3766615
13773,888,cifar10,88.42,24.76,200,490848,1871609
13415,888,cifar10,91.78,91.52,200,803776,3169159
13912,888,cifar10,88.99,84.0,200,304080,1260249
14461,888,cifar10,90.78,89.86,200,439008,1622993
13260,888,cifar10,75.85,23.26,200,451776,1623057
14318,888,cifar10,79.52,45.11,200,231168,762577
14082,888,cifar10,91.99,91.86,200,515888,2053151
13473,888,cifar10,89.89,88.65,200,488864,1822221
14061,888,cifar10,89.4,25.51,200,732672,2955843
12887,888,cifar10,93.23,93.02,200,1051488,4459725
13450,888,cifar10,92.7,92.5,200,981440,4022655
13284,888,cifar10,91.62,91.57,200,419088,1598267
14526,888,cifar10,69.94,65.85,200,154832,500774
14438,888,cifar10,90.65,85.52,200,478320,1871225
13026,888,cifar10,90.78,11.16,200,525296,2077941
13247,888,cifar10,92.55,92.47,200,490208,1853539
14449,888,cifar10,91.94,91.25,200,715712,2931053
14295,888,cifar10,68.45,14.71,200,456288,1647463
13584,888,cifar10,83.07,59.16,200,443968,1640871
13270,888,cifar10,73.24,24.27,200,208752,798581
14028,888,cifar10,68.48,14.17,200,289792,1018169
13338,888,cifar10,91.35,90.02,200,711456,2707299
13997,888,cifar10,93.12,93.01,200,1027664,4004721
13815,888,cifar10,87.82,83.23,200,446112,1840347
13975,888,cifar10,76.4,16.97,200,708960,2713699
13348,888,cifar10,80.38,65.21,200,424112,1609353
14283,888,cifar10,90.82,90.55,200,491840,1871545
13739,888,cifar10,91.05,44.66,200,715488,2707363
13563,888,cifar10,84.58,79.53,200,430208,1647527
14117,888,cifar10,86.65,86.06,200,219952,751355
13715,888,cifar10,79.63,10.0,200,424352,1634015
13627,888,cifar10,93.32,93.03,200,756480,2937461
13529,888,cifar10,92.2,92.2,200,692720,2707299
14484,888,cifar10,90.9,91.03,200,499296,1871545
14363,888,cifar10,92.2,92.02,200,474512,1822477
13751,888,cifar10,91.85,91.74,200,453424,1640871
14273,888,cifar10,92.34,91.3,200,949552,3840601
13462,888,cifar10,84.53,81.2,200,454064,1647527
13383,888,cifar10,92.28,91.77,200,743264,2938229
13553,888,cifar10,92.39,91.88,200,714832,2707299
14232,888,cifar10,93.01,92.72,200,713712,2931053
13294,888,cifar10,88.84,82.59,200,260128,787303
14129,888,cifar10,91.07,88.76,200,502832,1871801
14473,888,cifar10,93.57,93.38,200,1035280,4235331
13835,888,cifar10,89.84,89.37,200,229728,744699
13167,888,cifar10,89.11,9.64,200,761888,2920351
13805,888,cifar10,93.38,93.15,200,763424,2962827
14553,888,cifar10,79.65,10.5,200,424384,1634015
13924,888,cifar10,92.27,91.92,200,466768,1829197
14495,888,cifar10,92.41,91.55,200,723312,2955715
14093,888,cifar10,87.08,32.04,200,443344,1665533
13616,888,cifar10,91.19,89.6,200,506864,1853539
13641,888,cifar10,86.38,62.81,200,257072,1004593
14244,888,cifar10,89.17,88.02,200,388544,1655043
13120,888,cifar10,75.76,16.38,200,236016,769425
14516,888,cifar10,92.44,91.77,200,729248,2955907
13574,888,cifar10,92.43,92.36,200,605072,2514947
13316,888,cifar10,92.13,91.95,200,545104,2053215
14374,888,cifar10,92.36,91.99,200,650272,2675781
14564,888,cifar10,91.19,91.07,200,449248,1864753
14505,888,cifar10,89.91,78.26,200,734384,2980633
14071,888,cifar10,92.65,92.49,200,482272,1829261
13858,888,cifar10,87.08,83.4,200,448768,1840347
14018,888,cifar10,10.0,10.0,200,289552,1000483
14328,888,cifar10,91.85,91.91,200,953184,3780447
13049,888,cifar10,92.18,91.36,200,768832,2938101
13726,888,cifar10,90.8,90.45,200,521584,1860451
14406,888,cifar10,85.38,82.0,200,721824,2738169
13405,888,cifar10,92.1,92.14,200,748144,2938165
13506,888,cifar10,92.68,91.25,200,543712,2077685
13304,888,cifar10,88.4,87.34,200,446448,1815621
13988,888,cifar10,84.05,74.73,200,211488,798453
13371,888,cifar10,92.34,92.02,200,995520,4022591
13542,888,cifar10,87.5,57.56,200,432704,1640743
13495,888,cifar10,90.7,90.62,200,533904,2060127
14140,888,cifar10,92.8,92.72,200,768912,3137513
13516,888,cifar10,92.41,15.72,200,981696,3804789
14339,888,cifar10,91.99,90.9,200,784736,3169287
14429,888,cifar10,92.93,92.62,200,995392,3798389
14172,888,cifar10,91.23,90.69,200,532512,2102667
14395,888,cifar10,10.0,10.0,200,407456,1604987
13891,888,cifar10,91.45,90.75,200,741744,2980377
13484,888,cifar10,88.06,10.0,200,551632,2084405
13762,888,cifar10,89.38,61.22,200,714592,2731961
13416,888,cifar10,93.23,93.0,200,713680,2906455
13326,888,cifar10,93.28,93.39,200,1221136,5088763
13692,888,cifar10,91.05,90.63,200,429504,1622993
13796,888,cifar10,90.75,90.21,200,708256,2906455
13961,888,cifar10,90.84,88.43,200,712032,2732089
13681,888,cifar10,92.42,91.79,200,737136,2713635
14162,888,cifar10,90.36,83.66,200,566192,2326741
14576,888,cifar10,86.37,75.82,200,723216,2980441
14208,888,cifar10,90.87,90.42,200,524928,2060127
13662,888,cifar10,88.79,87.89,200,443040,1647655
13604,888,cifar10,92.46,92.04,200,793280,3169159
13785,888,cifar10,92.35,91.68,200,600384,2532945
13998,888,cifar10,75.74,65.06,200,231344,769489
13847,888,cifar10,86.56,77.6,200,455120,1864689
14030,888,cifar10,63.2,19.46,200,217008,587944
14040,888,cifar10,92.86,78.91,200,1013600,4029575
14151,888,cifar10,88.08,87.3,200,661424,2675781
13948,888,cifar10,91.31,88.54,200,467152,1846755
13653,888,cifar10,92.04,91.67,200,556832,2302271
14319,888,cifar10,84.66,20.61,200,748896,2962891
14186,888,cifar10,88.63,88.15,200,525632,1853475
13395,888,cifar10,88.14,28.49,200,721200,2738361
14221,888,cifar10,92.4,92.05,200,635600,2515075
14105,888,cifar10,80.27,57.74,200,451536,1623057
13339,888,cifar10,85.06,40.79,200,238480,830035
14008,888,cifar10,73.23,25.36,200,460816,1647463
14264,888,cifar10,92.44,92.17,200,972496,4022591
13530,888,cifar10,89.62,88.8,200,350496,1224693
14528,888,cifar10,91.89,30.11,200,504112,1860707
13936,888,cifar10,91.29,89.98,200,703712,2713699
13976,888,cifar10,92.02,91.1,200,715104,2931053
13438,888,cifar10,92.06,91.86,200,449728,1629649
14254,888,cifar10,89.02,86.31,200,275424,1186135
14639,888,cifar10,90.83,90.65,200,507408,1835789
14351,888,cifar10,85.74,79.99,200,224256,756113
14296,888,cifar10,93.82,93.66,200,949808,3997801
14284,888,cifar10,92.22,92.03,200,745600,2938037
14385,888,cifar10,91.18,10.0,200,813552,3151473
13903,888,cifar10,92.18,38.52,200,720064,2695949
13451,888,cifar10,93.73,93.64,200,954064,3815939
14083,888,cifar10,92.41,92.21,200,696832,2682893
13554,888,cifar10,91.63,91.1,200,505504,1853155
14598,888,cifar10,92.43,91.83,200,763488,2962763
14439,888,cifar10,89.08,10.0,200,290704,975629
13362,888,cifar10,90.04,88.15,200,351360,1466133
13595,888,cifar10,92.11,91.88,200,599824,2532817
14407,888,cifar10,86.79,86.31,200,216192,744699
13463,888,cifar10,88.5,10.11,200,772960,2926687
14611,888,cifar10,80.02,10.81,200,766672,2944501
13349,888,cifar10,92.53,92.44,200,485520,1829325
13575,888,cifar10,91.23,89.01,200,480256,1847203
14274,888,cifar10,92.15,91.67,200,601968,2308999
13564,888,cifar10,89.02,88.64,200,496896,1835917
13406,888,cifar10,89.99,88.95,200,474176,1847203
14542,888,cifar10,68.06,17.56,200,454256,1654183
14566,888,cifar10,86.69,51.85,200,460848,1889223
14462,888,cifar10,93.9,93.79,200,958224,3797877
13752,888,cifar10,68.07,39.58,200,192336,587944
14197,888,cifar10,69.82,23.31,200,243152,811453
13317,888,cifar10,92.79,92.87,200,542640,2078005
13836,888,cifar10,91.74,39.38,200,491808,1829197
14485,888,cifar10,10.0,10.0,200,432064,1629585
13672,888,cifar10,92.99,83.81,200,1025248,4011697
13486,888,cifar10,91.05,88.23,200,454544,1622993
13642,888,cifar10,75.88,25.46,200,555344,2084725
14588,888,cifar10,87.4,78.35,200,232544,756113
14375,888,cifar10,93.89,93.96,200,777152,3144561
13913,888,cifar10,92.64,61.95,200,992848,3798325
13585,888,cifar10,93.73,93.61,200,963600,3773663
14072,888,cifar10,89.0,85.46,200,228048,756049
13372,888,cifar10,92.41,91.89,200,710928,2707299
14364,888,cifar10,91.89,12.58,200,721040,2713763
13989,888,cifar10,91.5,89.89,200,543808,2077941
14554,888,cifar10,73.83,30.8,200,444192,1665661
14624,888,cifar10,93.27,93.34,200,1457712,5948923
14450,888,cifar10,93.21,92.96,200,799872,3144497
13617,888,cifar10,91.96,57.21,200,751440,2962827
13271,888,cifar10,91.74,16.51,200,786016,3169543
14340,888,cifar10,89.02,84.89,200,518624,2077877
14130,888,cifar10,83.84,51.76,200,219312,823115
14245,888,cifar10,91.36,90.08,200,734480,2980441
14430,888,cifar10,90.94,89.91,200,540752,2077877
13716,888,cifar10,91.89,90.9,200,754352,2937909
14419,888,cifar10,91.99,91.94,200,700048,2682893
13816,888,cifar10,92.64,92.33,200,972352,4022655
13496,888,cifar10,91.98,91.55,200,777120,2944821
14320,888,cifar10,79.9,30.13,200,226032,780583
13826,888,cifar10,92.92,92.86,200,797072,3169159
13517,888,cifar10,91.81,87.85,200,552976,2326613
14118,888,cifar10,93.95,93.73,200,1047312,4234947
13605,888,cifar10,92.94,92.68,200,539248,2053343
13417,888,cifar10,93.79,93.7,200,969984,3773663
14474,888,cifar10,89.04,88.68,200,338736,1199967
13740,888,cifar10,89.86,84.28,200,746384,2962827
14233,888,cifar10,90.84,90.63,200,995360,3786911
13925,888,cifar10,94.15,94.04,200,963232,3997737
13806,888,cifar10,90.01,88.9,200,297792,1217461
13306,888,cifar10,91.26,87.36,200,497024,1871865
14496,888,cifar10,75.38,14.66,200,305568,1018361
13663,888,cifar10,86.71,75.64,200,200640,749193
14329,888,cifar10,91.81,91.78,200,515968,2053151
14187,888,cifar10,63.6,10.44,200,182672,525372
13475,888,cifar10,91.32,90.29,200,518320,2095683
13507,888,cifar10,93.33,92.38,200,1232800,5113489
13706,888,cifar10,91.62,90.89,200,567344,2060127
14309,888,cifar10,90.03,89.25,200,503424,1871929
13859,888,cifar10,93.37,93.05,200,960576,3780127
13763,888,cifar10,86.35,19.3,200,477840,1829069
14031,888,cifar10,92.75,92.02,200,723200,2955779
13629,888,cifar10,91.81,91.69,200,462688,1647591
14578,888,cifar10,92.34,70.83,200,751776,2962891
13999,888,cifar10,93.09,92.82,200,993424,4228667
13693,888,cifar10,92.73,92.52,200,713616,2906455
14297,888,cifar10,91.74,19.89,200,537008,2060127
13452,888,cifar10,89.01,10.0,200,501168,1871801
14590,888,cifar10,84.48,83.74,200,178144,532028
14354,888,cifar10,88.5,9.87,200,559840,2284465
14408,888,cifar10,89.37,85.81,200,283600,1011769
14173,888,cifar10,91.05,36.09,200,725776,2707299
14506,888,cifar10,91.35,89.96,200,515264,1878521
13545,888,cifar10,92.73,91.65,200,780272,3162367
14285,888,cifar10,89.88,87.71,200,310416,1260057
14517,888,cifar10,92.94,92.0,200,965952,3798261
13531,888,cifar10,92.43,92.08,200,751632,2938101
13797,888,cifar10,88.99,43.44,200,528128,2077877
13848,888,cifar10,91.16,89.74,200,491408,1847203
14009,888,cifar10,92.38,92.04,200,797088,3169159
13775,888,cifar10,93.18,93.12,200,769632,2920287
14640,888,cifar10,93.38,93.4,200,761504,3162367
13328,888,cifar10,92.51,92.13,200,681328,2682573
14440,888,cifar10,92.1,92.04,200,435616,1604987
14107,888,cifar10,92.17,92.0,200,551616,2053215
14255,888,cifar10,92.79,92.75,200,1003776,4004145
13555,888,cifar10,92.28,91.36,200,933072,3815875
13949,888,cifar10,88.74,88.12,200,282960,1011641
13439,888,cifar10,90.9,86.67,200,770144,2962827
14376,888,cifar10,75.36,63.15,200,437600,1622993
14599,888,cifar10,76.25,66.61,200,767632,2945077
14341,888,cifar10,90.27,89.68,200,268240,962509
14209,888,cifar10,91.76,91.72,200,677424,2724913
13682,888,cifar10,88.56,85.0,200,458592,1690195
14142,888,cifar10,90.52,90.8,200,771904,2963083
13892,888,cifar10,91.37,90.14,200,749456,2938101
14019,888,cifar10,93.03,92.81,200,1232912,5113425
13643,888,cifar10,91.27,91.31,200,494960,1846819
14041,888,cifar10,91.97,92.12,200,454960,1840283
13786,888,cifar10,91.54,89.52,200,507888,2070957
14543,888,cifar10,89.19,83.87,200,495440,2095683
13464,888,cifar10,92.16,91.83,200,751808,2962827
13596,888,cifar10,90.2,81.71,200,771952,2962955
13586,888,cifar10,87.04,85.59,200,525696,1860451
13565,888,cifar10,89.06,83.41,200,509392,2120473
14555,888,cifar10,88.6,86.07,200,284240,1011577
13427,888,cifar10,88.41,84.58,200,262688,986915
14222,888,cifar10,89.37,82.31,200,302800,1235587
14625,888,cifar10,87.31,85.46,200,525536,1860451
14153,888,cifar10,92.77,92.76,200,971920,4022655
14386,888,cifar10,93.13,92.88,200,1228928,4889543
13577,888,cifar10,70.59,23.8,200,239600,811965
14365,888,cifar10,90.68,88.81,200,552864,2077941
14321,888,cifar10,88.14,84.11,200,469728,1840347
14246,888,cifar10,81.06,10.52,200,501232,1860451
14084,888,cifar10,92.72,92.27,200,533072,2078005
14198,888,cifar10,82.4,51.45,200,408640,1658613
13990,888,cifar10,92.03,12.61,200,968608,3780447
14653,888,cifar10,77.7,30.35,200,239072,829779
14310,888,cifar10,92.11,91.99,200,437696,1598267
13497,888,cifar10,87.51,32.92,200,476368,1889223
13753,888,cifar10,86.44,82.57,200,277024,993827
14265,888,cifar10,92.54,17.09,200,789328,3144561
13654,888,cifar10,93.44,64.43,200,1234592,4864945
13977,888,cifar10,92.07,90.25,200,777232,2944565
13837,888,cifar10,82.11,76.41,200,267360,1018233
13880,888,cifar10,88.84,16.05,200,495056,1853411
14567,888,cifar10,92.58,92.54,200,492240,1835341
13904,888,cifar10,92.96,92.55,200,817040,3169159
13518,888,cifar10,90.75,85.29,200,709568,2731961
14000,888,cifar10,91.42,89.86,200,448400,1623057
13630,888,cifar10,10.0,10.0,200,226672,794023
14010,888,cifar10,89.86,38.81,200,282688,962317
14409,888,cifar10,88.08,83.66,200,234576,780711
13508,888,cifar10,92.14,92.18,200,703008,2695949
13487,888,cifar10,92.1,91.41,200,778960,2938101
14463,888,cifar10,92.21,91.54,200,676496,2724849
14579,888,cifar10,90.74,90.57,200,730128,2695949
14486,888,cifar10,87.89,86.95,200,992384,3804725
14591,888,cifar10,75.36,66.12,200,280944,993379
14420,888,cifar10,87.8,85.93,200,263168,1004529
14234,888,cifar10,91.57,90.61,200,933120,3815875
14431,888,cifar10,88.58,13.02,200,297856,993379
14063,888,cifar10,89.35,86.42,200,292208,1018105
13914,888,cifar10,91.15,89.61,200,500000,1847139
13827,888,cifar10,75.45,59.61,200,163760,538684
14355,888,cifar10,91.69,91.4,200,520208,1853475
14452,888,cifar10,91.65,91.13,200,487312,1847139
14131,888,cifar10,85.21,67.1,200,450400,1665533
14095,888,cifar10,75.71,17.61,200,504544,1878393
13673,888,cifar10,87.68,71.33,200,688400,2724849
14642,888,cifar10,86.97,84.84,200,286304,1000227
13694,888,cifar10,55.09,10.0,200,160736,542986
14298,888,cifar10,85.78,12.12,200,501040,1896207
14626,888,cifar10,10.0,10.0,200,409440,1618363
13817,888,cifar10,85.39,80.11,200,460240,1647527
14188,888,cifar10,91.16,88.09,200,678144,2749575
14053,888,cifar10,91.4,89.98,200,583376,2308807
13273,888,cifar10,92.46,91.89,200,555776,2077941
13546,888,cifar10,89.94,88.54,200,716672,2955779
14397,888,cifar10,90.99,88.03,200,540864,2326677
14342,888,cifar10,89.2,86.31,200,283440,1011769
14287,888,cifar10,93.35,93.26,200,998864,4004657
13764,888,cifar10,85.61,44.32,200,453120,1640871
14366,888,cifar10,86.37,29.99,200,236208,769425
13664,888,cifar10,10.0,10.0,200,754064,2926559
13566,888,cifar10,89.62,89.08,200,268048,987043
13597,888,cifar10,92.73,92.38,200,492128,1829325
14108,888,cifar10,85.97,85.78,200,180736,532028
14276,888,cifar10,86.03,82.16,200,324576,1199967
14475,888,cifar10,93.33,93.24,200,802576,3144497
13807,888,cifar10,90.98,36.29,200,490880,1871929
13718,888,cifar10,92.56,92.55,200,916272,3791277
14387,888,cifar10,10.0,10.0,200,440816,1629649
14266,888,cifar10,89.29,88.76,200,273248,969165
13644,888,cifar10,93.9,93.69,200,772416,3137513
13926,888,cifar10,93.22,92.94,200,542048,2077941
14330,888,cifar10,91.6,37.44,200,536496,2102667
13860,888,cifar10,84.71,11.58,200,282928,1011641
13980,888,cifar10,72.96,27.98,200,229200,805501
14556,888,cifar10,88.89,78.53,200,296464,1260313
14545,888,cifar10,91.2,90.5,200,553968,2084341
13798,888,cifar10,86.75,85.04,200,235408,787495
13587,888,cifar10,91.73,91.6,200,740256,2938037
14613,888,cifar10,80.85,38.49,200,460624,1914141
14223,888,cifar10,91.94,91.24,200,740752,2931181
13849,888,cifar10,89.07,10.0,200,500832,1871929
13728,888,cifar10,10.0,10.0,200,504544,1860643
13742,888,cifar10,90.59,90.24,200,756944,2945077
14441,888,cifar10,92.19,91.68,200,907664,3766615
14568,888,cifar10,90.61,89.71,200,272304,986595
13683,888,cifar10,77.38,43.98,200,424592,1658549
14518,888,cifar10,91.91,59.59,200,482336,1847139
14247,888,cifar10,90.1,86.15,200,517792,2095747
13578,888,cifar10,93.13,92.93,200,815312,3144497
13707,888,cifar10,91.42,90.56,200,943504,3840793
14532,888,cifar10,88.29,60.95,200,449040,1640871
13619,888,cifar10,76.37,68.0,200,233184,794023
14377,888,cifar10,92.74,92.67,200,764528,2913375
14654,888,cifar10,93.69,93.47,200,956816,3773535
14043,888,cifar10,86.62,85.17,200,284096,1000355
13991,888,cifar10,93.81,93.69,200,951088,3997801
14199,888,cifar10,88.71,8.49,200,333232,1200031
14011,888,cifar10,77.85,27.74,200,435632,1658549
13519,888,cifar10,90.05,87.87,200,499376,1871417
14174,888,cifar10,94.03,93.93,200,1005264,4004273
14507,888,cifar10,92.22,92.15,200,973936,3798325
13894,888,cifar10,73.72,24.48,200,500368,1871737
14644,888,cifar10,75.55,19.54,200,237520,769361
14210,888,cifar10,91.22,90.93,200,739968,2920287
14034,888,cifar10,75.96,66.53,200,240720,787431
13964,888,cifar10,90.38,89.24,200,323184,1217781
13776,888,cifar10,90.27,82.24,200,725184,2980633
14257,888,cifar10,76.06,16.11,200,226560,793063
13828,888,cifar10,88.43,87.67,200,227600,744699
13754,888,cifar10,89.05,88.9,200,279536,993379
14410,888,cifar10,93.39,93.03,200,754176,2926303
13838,888,cifar10,87.41,81.89,200,422144,1634015
14592,888,cifar10,91.2,90.54,200,716832,2955715
13655,888,cifar10,57.5,10.19,200,188496,574568
14097,888,cifar10,88.69,88.2,200,205360,738171
14074,888,cifar10,71.24,22.76,200,209456,798517
14580,888,cifar10,93.71,93.17,200,928384,3791277
13881,888,cifar10,76.12,12.86,200,298064,993315
14236,888,cifar10,90.03,86.6,200,525552,2120281
13905,888,cifar10,79.93,28.95,200,234576,756113
14143,888,cifar10,92.25,81.78,200,992768,3798197
14154,888,cifar10,87.06,78.57,200,502080,1871737
13787,888,cifar10,91.83,91.41,200,956224,3840729
13607,888,cifar10,92.17,91.99,200,1033584,4235587
14627,888,cifar10,91.98,92.03,200,451184,1622993
14453,888,cifar10,88.63,88.2,200,238800,769425
14267,888,cifar10,89.14,88.35,200,521840,2053151
14086,888,cifar10,92.18,92.11,200,797104,3169095
14368,888,cifar10,92.85,92.67,200,755680,3137577
14546,888,cifar10,92.13,92.06,200,479296,1822605
14487,888,cifar10,82.15,76.67,200,219808,787367
14432,888,cifar10,93.28,92.74,200,498992,2070957
14398,888,cifar10,90.79,87.88,200,710496,2955843
14277,888,cifar10,91.49,90.63,200,722320,2955907
14001,888,cifar10,92.36,91.94,200,583648,2308999
14109,888,cifar10,86.45,23.6,200,475184,1829197
13915,888,cifar10,85.03,80.22,200,492016,1871737
14288,888,cifar10,91.77,90.31,200,723200,2955715
14299,888,cifar10,93.15,64.55,200,1226176,4871409
14464,888,cifar10,91.32,90.04,200,714384,2731705
14132,888,cifar10,93.26,93.05,200,713632,2906455
13695,888,cifar10,87.54,85.72,200,507264,1878521
13674,888,cifar10,89.99,89.81,200,449872,1647527
14569,888,cifar10,89.9,87.37,200,500736,1871545
14645,888,cifar10,10.0,10.0,200,264816,982349
14557,888,cifar10,86.05,77.57,200,460352,1672125
13992,888,cifar10,91.43,91.4,200,464016,1629649
14388,888,cifar10,79.65,30.06,200,447568,1622929
14614,888,cifar10,84.12,69.89,200,501840,1896271
14064,888,cifar10,93.06,92.19,200,936608,3791341
14601,888,cifar10,89.25,88.74,200,316656,1193183
14323,888,cifar10,92.16,26.65,200,770208,2944693
13665,888,cifar10,92.13,91.72,200,484976,1822669
13684,888,cifar10,86.71,33.7,200,214784,744763
14035,888,cifar10,80.26,76.42,200,258992,811837
14655,888,cifar10,92.78,92.38,200,537184,2059679
13588,888,cifar10,91.96,80.1,200,549088,2102603
14331,888,cifar10,93.15,92.71,200,953232,3815875
14519,888,cifar10,75.17,55.71,200,175136,538684
14378,888,cifar10,90.6,89.28,200,385472,1672785
14189,888,cifar10,67.46,10.16,200,705584,2756431
13928,888,cifar10,90.79,90.73,200,500800,1835789
13808,888,cifar10,84.5,61.71,200,475104,1889415
14224,888,cifar10,93.33,93.08,200,814912,3393233
14533,888,cifar10,90.88,88.8,200,454496,1622993
14258,888,cifar10,92.44,92.26,200,533072,2053343
13598,888,cifar10,92.19,92.0,200,956672,3798197
14237,888,cifar10,86.64,84.14,200,443408,1616209
14098,888,cifar10,92.09,91.89,200,404768,1598267
14476,888,cifar10,91.77,91.6,200,532880,2078133
14200,888,cifar10,89.92,89.13,200,467520,1815621
13719,888,cifar10,91.23,90.61,200,525792,2077941
13799,888,cifar10,92.38,91.87,200,499408,2070893
14422,888,cifar10,80.13,33.24,200,196592,574568
14442,888,cifar10,92.11,91.94,200,708480,2695949
13608,888,cifar10,88.52,85.52,200,241520,769489
14075,888,cifar10,87.05,74.88,200,182928,749193
13850,888,cifar10,93.05,92.58,200,707296,2707299
14628,888,cifar10,87.29,46.47,200,459056,1840347
13861,888,cifar10,90.84,52.92,200,777760,2938165
13656,888,cifar10,86.58,13.14,200,429120,1598267
14044,888,cifar10,90.05,89.8,200,489760,1871353
13708,888,cifar10,92.43,92.31,200,533072,2053215
14012,888,cifar10,91.16,89.34,200,488592,1853667
14581,888,cifar10,91.02,86.56,200,517088,2095747
13743,888,cifar10,92.83,92.53,200,739712,2913311
13872,888,cifar10,90.0,41.91,200,325536,1224181
13895,888,cifar10,91.99,26.26,200,479824,1853475
14301,888,cifar10,89.6,88.76,200,241616,787495
14022,888,cifar10,90.94,90.66,200,501328,1871545
14411,888,cifar10,92.35,24.08,200,1048064,4235267
13952,888,cifar10,87.83,70.1,200,468496,1864625
13756,888,cifar10,10.0,10.0,200,446752,1636305
13829,888,cifar10,92.36,91.91,200,743088,2920287
14369,888,cifar10,92.09,91.6,200,717872,2955843
14212,888,cifar10,88.77,10.01,200,488432,1860387
14133,888,cifar10,86.06,86.01,200,124080,507430
14344,888,cifar10,83.28,59.67,200,482272,1896335
14454,888,cifar10,87.34,72.43,200,429008,1634015
14036,888,cifar10,88.12,86.17,200,441008,1616209
14313,888,cifar10,92.59,92.36,200,599888,2533009
14332,888,cifar10,89.06,85.43,200,247072,980187
14389,888,cifar10,86.51,29.9,200,691680,2696077
14155,888,cifar10,75.62,28.61,200,457568,1629585
14570,888,cifar10,91.48,90.49,200,461584,1864753
14175,888,cifar10,92.65,91.93,200,740400,2955779
13906,888,cifar10,89.52,89.34,200,787456,2926623
14144,888,cifar10,76.06,18.03,200,449824,1636305
14488,888,cifar10,90.38,88.4,200,284896,1210861
14559,888,cifar10,88.54,39.4,200,515904,1871609
13993,888,cifar10,92.27,91.18,200,537088,2077877
14465,888,cifar10,89.47,89.2,200,214032,738107
13965,888,cifar10,92.42,92.11,200,988496,4022655
14616,888,cifar10,92.99,92.62,200,540064,2078069
13982,888,cifar10,91.09,90.31,200,506992,1853475
14225,888,cifar10,80.83,75.57,200,303264,993379
14324,888,cifar10,89.47,87.91,200,495504,2095555
14646,888,cifar10,92.18,92.0,200,464832,1822733
14289,888,cifar10,93.23,92.76,200,991168,4022655
14123,888,cifar10,91.46,91.2,200,539392,2077365
14423,888,cifar10,89.43,88.79,200,275744,969101
14594,888,cifar10,86.85,25.93,200,454592,1689939
13940,888,cifar10,91.58,89.26,200,486832,1847139
14268,888,cifar10,92.53,92.27,200,785808,3144433
14508,888,cifar10,92.76,92.36,200,996384,4046933
14399,888,cifar10,89.36,19.28,200,343136,1193247
14259,888,cifar10,75.33,56.54,200,175008,538684
14499,888,cifar10,92.54,92.35,200,771168,3137513
13675,888,cifar10,93.23,92.97,200,523152,2277417
13916,888,cifar10,92.05,91.78,200,539040,2102731
14547,888,cifar10,93.58,93.48,200,993312,4022655
14110,888,cifar10,91.85,91.63,200,955360,3797877
14359,888,cifar10,93.23,92.97,200,818512,3375427
14065,888,cifar10,91.05,89.13,200,470400,1840283
13819,888,cifar10,88.4,81.46,200,436736,1616337
14249,888,cifar10,88.83,88.13,200,494448,1853539
13685,888,cifar10,92.43,91.71,200,731392,2955843
14278,888,cifar10,90.74,81.54,200,736272,2980569
14595,888,cifar10,10.0,10.0,200,114272,514086
13697,888,cifar10,90.19,88.22,200,726960,2732089
13767,888,cifar10,75.6,23.97,200,451872,1622929
14629,888,cifar10,85.22,46.87,200,689648,2774109
14087,888,cifar10,92.52,91.84,200,959680,4022591
13788,888,cifar10,90.47,89.98,200,986976,3823243
14201,888,cifar10,88.76,88.54,200,557216,2060127
14370,888,cifar10,92.11,92.0,200,444688,1622929
14023,888,cifar10,85.92,69.81,200,457184,1640871
14582,888,cifar10,91.26,30.7,200,492304,1871609
14302,888,cifar10,89.96,88.11,200,363616,1224245
13967,888,cifar10,89.09,87.96,200,221568,731195
13720,888,cifar10,92.17,92.1,200,503136,2046295
14345,888,cifar10,88.59,85.67,200,475248,1647591
14055,888,cifar10,92.87,92.91,200,824112,3151473
14190,888,cifar10,91.91,90.52,200,507760,2070957
14076,888,cifar10,92.16,92.09,200,703744,2713379
14534,888,cifar10,88.69,88.38,200,754496,2944821
14412,888,cifar10,91.91,91.63,200,946096,3773471
14099,888,cifar10,91.93,91.39,200,751760,2962891
13929,888,cifar10,92.18,29.61,200,967072,3780447
14334,888,cifar10,88.65,87.76,200,454288,1654183
13800,888,cifar10,91.3,90.67,200,529008,2302143
13851,888,cifar10,84.98,78.65,200,489696,1871929
13744,888,cifar10,92.27,92.27,200,437296,1616273
13863,888,cifar10,93.44,93.16,200,531360,2052895
14314,888,cifar10,91.94,91.47,200,612720,2515075
14443,888,cifar10,94.08,93.8,200,790240,3144177
14380,888,cifar10,87.81,82.99,200,252144,1004593
13953,888,cifar10,75.81,57.99,200,217840,787367
14134,888,cifar10,91.35,89.24,200,704448,2707299
14572,888,cifar10,93.76,93.61,200,947536,3791213
13896,888,cifar10,10.0,10.0,200,968656,3786911
14003,888,cifar10,91.8,90.73,200,583328,2308807
14156,888,cifar10,92.39,92.29,200,438896,1640871
14269,888,cifar10,88.43,88.27,200,330928,1206431
14166,888,cifar10,91.88,91.37,200,483008,1847139
13757,888,cifar10,92.33,51.76,200,536992,2060063
14290,888,cifar10,92.32,92.09,200,751136,2920287
14455,888,cifar10,92.8,92.51,200,538976,2277353
13983,888,cifar10,90.63,88.5,200,562448,2326805
14045,888,cifar10,91.33,90.24,200,780832,3169287
13873,888,cifar10,92.03,63.32,200,777664,2938165
14214,888,cifar10,92.65,92.42,200,705248,2707235
14560,888,cifar10,93.13,92.76,200,989168,4022655
14466,888,cifar10,92.24,13.29,200,706848,2689229
14603,888,cifar10,93.02,92.77,200,719216,2913311
13840,888,cifar10,92.05,91.85,200,494224,1853539
14226,888,cifar10,92.12,91.19,200,566464,2326293
14596,888,cifar10,69.78,16.89,200,171872,581224
14177,888,cifar10,75.92,65.99,200,258224,793895
14360,888,cifar10,89.74,89.22,200,287072,1011385
14279,888,cifar10,90.57,90.22,200,270448,987043
14425,888,cifar10,89.53,85.34,200,280720,986979
14250,888,cifar10,88.67,12.06,200,539008,2053407
14489,888,cifar10,87.57,77.06,200,485200,1889223
14630,888,cifar10,84.97,41.61,200,245088,805245
14260,888,cifar10,90.74,90.44,200,492096,1853539
14024,888,cifar10,90.27,82.98,200,491200,1871865
13676,888,cifar10,73.62,35.58,200,449424,1665405
14303,888,cifar10,90.31,86.97,200,498688,1871737
13884,888,cifar10,93.17,92.68,200,724496,2955715
14583,888,cifar10,92.88,92.63,200,541856,2084405
13968,888,cifar10,88.69,12.49,200,555056,2084533
14647,888,cifar10,93.31,93.34,200,1027520,4228603
14548,888,cifar10,93.08,92.75,200,781472,3186709
13907,888,cifar10,92.94,92.64,200,815440,3393169
14066,888,cifar10,92.17,92.26,200,535200,2053343
14315,888,cifar10,80.32,65.9,200,231024,762833
13941,888,cifar10,92.47,92.01,200,757856,2938101
14145,888,cifar10,92.93,88.45,200,1250256,5095491
14124,888,cifar10,88.35,86.07,200,511472,2120281
13768,888,cifar10,92.77,92.53,200,512192,1835789
14346,888,cifar10,90.21,88.69,200,221424,756113
13820,888,cifar10,92.41,92.39,200,705280,2713699
14325,888,cifar10,91.43,90.97,200,1021168,4029255
13917,888,cifar10,91.69,90.6,200,523024,2070893
14335,888,cifar10,90.72,87.97,200,502512,1896399
14521,888,cifar10,91.21,35.78,200,709728,2713635
13778,888,cifar10,93.89,93.57,200,799824,3144497
13721,888,cifar10,86.55,74.52,200,674320,2700507
14202,888,cifar10,91.32,89.08,200,696624,2707363
14509,888,cifar10,90.43,86.52,200,729952,2955843
14056,888,cifar10,86.0,85.55,200,267712,975629
14280,888,cifar10,69.63,17.23,200,193168,599166
14371,888,cifar10,90.92,90.5,200,527616,1878457
14381,888,cifar10,92.85,92.61,200,938672,3791213
14240,888,cifar10,92.28,92.27,200,756816,2944565
13686,888,cifar10,91.3,89.6,200,757008,2938101
14561,888,cifar10,92.2,92.19,200,530016,2053151
13852,888,cifar10,75.87,60.0,200,188272,605822
13930,888,cifar10,91.86,91.64,200,496288,1829325
14078,888,cifar10,92.47,91.86,200,540832,2277417
14401,888,cifar10,91.14,89.57,200,475264,1647463
13745,888,cifar10,92.18,91.98,200,496128,1853539
14361,888,cifar10,89.24,87.02,200,288048,1210925
13698,888,cifar10,91.24,89.48,200,764864,3186773
14291,888,cifar10,92.01,91.94,200,586160,2290801
14088,888,cifar10,91.45,90.45,200,508208,2095555
14270,888,cifar10,89.49,87.17,200,548336,2102603
14192,888,cifar10,91.79,22.06,200,735952,2720547
14478,888,cifar10,91.92,91.15,200,535840,2077941
14444,888,cifar10,88.97,10.0,200,256688,980187
14604,888,cifar10,92.63,92.36,200,593424,2508219
14157,888,cifar10,87.63,64.05,200,450464,1640871
14535,888,cifar10,91.11,90.2,200,811440,3151473
14632,888,cifar10,90.13,87.12,200,473376,1889351
14100,888,cifar10,93.26,93.01,200,728976,2931181
14413,888,cifar10,90.73,24.76,200,502208,1896207
14467,888,cifar10,86.51,86.29,200,217520,762769
13956,888,cifar10,91.08,88.62,200,699248,2731897
13789,888,cifar10,91.78,90.45,200,943056,3815875
13864,888,cifar10,90.83,90.15,200,707504,2731897
14261,888,cifar10,91.7,90.25,200,499440,2070957
13801,888,cifar10,93.9,93.78,200,1178864,4857897
13897,888,cifar10,91.26,89.77,200,480080,1847139
13841,888,cifar10,89.36,85.98,200,237104,787367
13810,888,cifar10,91.13,89.57,200,508208,2095555
14135,888,cifar10,90.44,85.55,200,495472,2095683
14426,888,cifar10,89.29,77.32,200,281360,986979
14549,888,cifar10,82.52,73.63,200,310576,1000291
14167,888,cifar10,91.15,89.16,200,527456,2077877
14392,888,cifar10,86.93,86.15,200,211168,744699
14251,888,cifar10,92.9,92.86,200,1033664,4235587
13874,888,cifar10,89.59,85.24,200,307040,993315
14457,888,cifar10,91.1,90.09,200,537072,2077877
14336,888,cifar10,90.69,88.48,200,452272,1616273
13969,888,cifar10,91.43,91.49,200,701328,2931117
14281,888,cifar10,91.74,91.44,200,438448,1616273
14347,888,cifar10,88.82,85.77,200,228352,756177
14216,888,cifar10,92.25,32.3,200,1005120,4004785
14180,888,cifar10,93.08,92.71,200,785584,3169159
14146,888,cifar10,86.3,85.96,200,152864,514086
14304,888,cifar10,92.97,92.94,200,1013840,4029063
14326,888,cifar10,88.93,28.06,200,501088,1895887
14372,888,cifar10,88.85,11.03,200,512816,1853539
14402,888,cifar10,87.59,85.97,200,457744,1840347
14046,888,cifar10,93.11,93.06,200,1199744,4865009
14619,888,cifar10,89.03,10.0,200,530032,2095683
14292,888,cifar10,87.02,62.66,200,674096,2700507
14067,888,cifar10,92.45,90.93,200,529104,2302143
14382,888,cifar10,91.53,90.9,200,725056,2980633
13831,888,cifar10,91.45,87.83,200,549568,2078069
13908,888,cifar10,81.31,64.29,200,457984,1640743
14501,888,cifar10,92.58,91.96,200,928832,3791213
14112,888,cifar10,91.24,90.55,200,365488,1648059
14057,888,cifar10,75.95,61.56,200,437872,1622929
13942,888,cifar10,87.83,41.2,200,472688,1864689
13918,888,cifar10,90.25,89.61,200,511920,1853987
13885,888,cifar10,88.81,15.12,200,287120,1036239
14271,888,cifar10,91.71,91.14,200,740768,2938101
14316,888,cifar10,91.92,59.24,200,798464,3169159
13821,888,cifar10,92.86,92.68,200,533792,2277353
14562,888,cifar10,89.01,86.12,200,299184,986979
14634,888,cifar10,91.63,89.97,200,578656,2084661
14193,888,cifar10,86.97,84.41,200,216592,787495
14574,888,cifar10,92.34,92.17,200,577040,2508219
14606,888,cifar10,92.57,92.32,200,778944,3162431
14510,888,cifar10,86.11,55.66,200,443824,1640743
14522,888,cifar10,93.23,93.1,200,827392,3151473
13931,888,cifar10,86.23,85.51,200,698672,2714147
14427,888,cifar10,91.16,89.78,200,698928,2732089
14550,888,cifar10,86.56,86.1,200,530496,2060127
14536,888,cifar10,54.58,10.0,200,183344,574568
14125,888,cifar10,93.18,93.13,200,1018976,4029191
14089,888,cifar10,88.41,87.94,200,482816,1835789
14203,888,cifar10,93.59,70.29,200,1005728,4004785
14079,888,cifar10,89.23,88.46,200,528128,1878393
14445,888,cifar10,85.2,81.64,200,452576,1672125
14228,888,cifar10,93.8,93.54,200,750928,2938101
14585,888,cifar10,92.94,92.69,200,1042848,4235459
14337,888,cifar10,90.0,89.7,200,714464,2731961
14469,888,cifar10,93.42,93.24,200,719840,2913503
14649,888,cifar10,77.32,10.5,200,183472,581224
13811,888,cifar10,91.8,91.52,200,702688,2689485
13898,888,cifar10,92.43,91.9,200,507072,2070893
14158,888,cifar10,87.76,85.47,200,959040,3823051
14621,888,cifar10,85.83,69.56,200,451200,1665405
14403,888,cifar10,91.72,91.17,200,523872,2095683
14137,888,cifar10,92.97,92.77,200,748752,3137513
14147,888,cifar10,90.1,16.77,200,528016,2077941
14480,888,cifar10,92.59,92.21,200,996352,4046933
14168,888,cifar10,92.56,91.89,200,779536,2938101
13790,888,cifar10,90.42,88.87,200,739248,2980441
14563,888,cifar10,92.18,91.55,200,489472,1847139
14458,888,cifar10,91.79,91.08,200,757056,2938037
14181,888,cifar10,88.83,86.49,200,266528,987043
14638,888,cifar10,93.42,93.33,200,741360,2713635
14047,888,cifar10,72.69,13.72,200,209872,798453
14492,888,cifar10,92.35,92.25,200,745568,2920287
14068,888,cifar10,76.23,64.34,200,222880,787495
14552,888,cifar10,91.25,88.84,200,463520,1864689
14608,888,cifar10,86.67,19.99,200,757296,2920287
14575,888,cifar10,92.38,92.33,200,962400,3997737
14217,888,cifar10,93.34,93.24,200,791040,3368443
13943,888,cifar10,82.09,51.84,200,445968,1665661
14586,888,cifar10,89.32,56.89,200,369056,1424177
14058,888,cifar10,92.19,57.54,200,751952,2920287
14623,888,cifar10,88.58,79.64,200,415424,1609417
14194,888,cifar10,91.21,91.12,200,779360,2920351
14537,888,cifar10,84.86,42.55,200,259952,1029063
14502,888,cifar10,91.34,90.95,200,554048,2102667
14126,888,cifar10,89.94,89.31,200,284816,1186135
14446,888,cifar10,88.53,84.15,200,282336,1011641
14090,888,cifar10,92.35,92.22,200,750928,2920287
14205,888,cifar10,10.0,10.0,200,324752,1206495
14470,888,cifar10,91.61,89.89,200,505776,2071021
14523,888,cifar10,92.25,88.68,200,751952,2962955
14459,888,cifar10,59.68,10.08,200,192128,574568
14609,888,cifar10,93.04,92.65,200,778288,3368507
14159,888,cifar10,91.11,91.04,200,724224,2955843
14182,888,cifar10,91.24,53.93,200,536800,2102667
14503,888,cifar10,88.89,88.33,200,215184,780647
14512,888,cifar10,84.66,79.42,200,446080,1640871
14538,888,cifar10,93.04,92.63,200,996336,4046677
14218,888,cifar10,93.43,92.78,200,714000,2931117
14437,888,cifar10,82.47,70.39,200,233728,762897
14447,888,cifar10,89.17,86.57,200,230624,762897
14472,888,cifar10,75.36,24.88,200,234736,769489
14524,888,cifar10,88.55,85.32,200,217232,762833
14460,888,cifar10,86.28,72.85,200,259008,1029063
14513,888,cifar10,80.05,67.25,200,234544,805245
14482,888,cifar10,92.02,91.87,200,680544,2682701
14504,888,cifar10,91.98,65.56,200,757584,2938101
14525,888,cifar10,88.8,10.81,200,264400,975757
14494,888,cifar10,91.46,64.85,200,703744,2689357
14483,888,cifar10,86.24,85.69,200,163760,538684
5479,888,cifar10,89.52,86.57,200,284992,1207788
5474,888,cifar10,92.41,92.29,200,514448,2050393
5480,888,cifar10,86.85,84.38,200,441040,1638141
480,888,cifar10,92.45,91.83,200,729760,2922923
5476,888,cifar10,88.05,83.77,200,688128,2722558
5483,888,cifar10,91.22,91.3,200,942240,3777497
5477,888,cifar10,91.67,91.78,200,714256,2718187
5478,888,cifar10,91.85,90.9,200,982656,4043278
9261,888,cifar10,89.51,88.94,200,221664,737213
9797,888,cifar10,88.25,87.82,200,422048,1608494
10134,888,cifar10,86.34,24.33,200,427712,1598267
8808,888,cifar10,88.69,88.34,200,278432,974589
3686,888,cifar10,86.3,13.22,200,285856,973585
7889,888,cifar10,79.43,22.53,200,260944,985845
3386,888,cifar10,89.74,89.31,200,234000,778941
4554,888,cifar10,86.7,86.33,200,227472,767843
9717,888,cifar10,89.86,89.06,200,264688,985845
8292,888,cifar10,91.35,88.6,200,452560,1622261
7050,888,cifar10,10.0,10.0,200,139296,520378
5443,888,cifar10,88.71,84.46,200,279296,984747
718,888,cifar10,90.17,88.72,200,292720,987187
3028,888,cifar10,91.95,91.73,200,515920,2043538
4488,888,cifar10,62.85,10.0,200,192064,604710
9569,888,cifar10,89.3,88.91,200,488336,1846005
9392,888,cifar10,89.45,29.36,200,293648,992629
9641,888,cifar10,88.61,87.88,200,491600,1841341
1061,888,cifar10,86.27,85.56,200,165840,537752
2970,888,cifar10,81.64,28.72,200,276464,1014789
4043,888,cifar10,80.54,77.36,200,280096,1015941
5064,888,cifar10,86.84,25.27,200,214064,743113
5322,888,cifar10,90.06,87.64,200,293184,1009413
4875,888,cifar10,88.49,88.47,200,227568,742985
6253,888,cifar10,72.49,16.99,200,187808,555570
5809,888,cifar10,88.41,79.17,200,280496,1032735
7228,888,cifar10,92.33,92.17,200,707216,2706229
9105,888,cifar10,85.81,78.38,200,460336,1888030
10297,888,cifar10,92.17,91.83,200,552640,2060127
3065,888,cifar10,75.21,64.5,200,464416,1652477
6487,888,cifar10,92.53,92.17,200,746640,2910553
4979,888,cifar10,80.74,17.25,200,439216,1705924
9932,888,cifar10,88.84,88.26,200,579072,2282429
3462,888,cifar10,92.67,92.43,200,491040,1869189
4633,888,cifar10,90.59,89.41,200,494512,1868549
7758,888,cifar10,90.62,90.09,200,718896,2712693
9989,888,cifar10,88.37,80.99,200,274896,1034917
7698,888,cifar10,88.92,85.79,200,465376,1888030
8401,888,cifar10,93.48,93.52,200,935680,3771965
9498,888,cifar10,89.27,37.53,200,497120,2094246
9046,888,cifar10,93.57,93.03,200,544656,2300078
3180,888,cifar10,67.51,36.66,200,198688,562290
6954,888,cifar10,80.62,33.89,200,413264,1607644
10226,888,cifar10,84.99,82.88,200,507312,1878393
6841,888,cifar10,91.86,91.58,200,793728,2941747
7961,888,cifar10,87.41,66.74,200,304160,1258590
8124,888,cifar10,93.09,93.12,200,753632,2936373
3822,888,cifar10,86.16,82.59,200,721104,2977440
8548,888,cifar10,89.33,89.08,200,224688,762037
5367,888,cifar10,91.3,90.89,200,743808,2941555
5675,888,cifar10,87.86,81.61,200,450848,1614691
8949,888,cifar10,91.76,91.63,200,444832,1622261
8606,888,cifar10,93.68,93.66,200,985360,4002813
8449,888,cifar10,93.97,93.88,200,992864,4002877
4417,888,cifar10,90.7,90.61,200,441888,1621475
3774,888,cifar10,85.64,29.02,200,244464,779069
9304,888,cifar10,88.66,88.22,200,232656,768757
4300,888,cifar10,89.86,38.0,200,302624,1190233
8894,888,cifar10,93.06,92.95,200,832304,3371965
9189,888,cifar10,92.43,91.39,200,944320,3814694
6911,888,cifar10,91.71,89.91,200,451984,1639293
5583,888,cifar10,67.64,36.56,200,206224,585932
4150,888,cifar10,93.04,92.26,200,975472,4018420
6057,888,cifar10,93.0,92.77,200,1214592,4861345
9462,888,cifar10,91.99,91.75,200,982656,3803381
9868,888,cifar10,91.03,89.34,200,432240,1621301
3602,888,cifar10,85.25,83.04,200,451600,1621411
1780,888,cifar10,91.97,91.94,200,449840,1626979
4792,888,cifar10,89.1,10.84,200,491072,1826833
6189,888,cifar10,93.61,93.29,200,1035312,4231209
1987,888,cifar10,88.46,82.2,200,258832,785661
4235,888,cifar10,92.93,45.82,200,1048048,4230761
8037,888,cifar10,92.28,92.0,200,1004624,4251054
2359,888,cifar10,75.48,67.99,200,437792,1645885
8714,888,cifar10,91.15,89.43,200,479968,1846005
1390,888,cifar10,76.06,22.88,200,442352,1627107
614,888,cifar10,88.78,88.24,200,513184,2047059
7532,888,cifar10,92.22,91.99,200,697328,2688125
1627,888,cifar10,89.64,79.88,200,461152,1663575
1464,888,cifar10,91.09,89.75,200,484640,1869381
5145,888,cifar10,86.96,68.39,200,452480,1862398
3691,888,cifar10,86.66,11.68,200,212800,742089
174,888,cifar10,92.08,91.92,0,508800,1846643
2250,888,cifar10,91.2,90.7,200,498288,1850091
6560,888,cifar10,75.45,64.63,200,488720,1851243
2494,888,cifar10,10.0,10.0,200,690800,2693713
4743,888,cifar10,92.61,92.22,200,731872,2910617
29,888,cifar10,89.15,86.0,0,457008,1662475
825,888,cifar10,90.06,87.04,200,290928,1027759
102,888,cifar10,92.56,92.48,0,586800,2274961
1847,888,cifar10,89.65,83.16,200,710752,2704107
410,888,cifar10,92.89,92.87,200,550368,2068977
282,888,cifar10,91.45,90.69,200,712944,2720361
2644,888,cifar10,88.95,84.0,200,274848,1032607
1219,888,cifar10,92.26,92.13,200,738240,2917401
10145,888,cifar10,89.89,89.79,200,459408,1622993
2541,888,cifar10,92.26,92.09,200,574384,2280737
2732,888,cifar10,89.97,78.53,200,420576,1650857
6740,888,cifar10,91.36,91.31,200,499344,1869253
2194,888,cifar10,88.34,10.98,200,545760,2062681
2831,888,cifar10,88.55,10.0,200,586080,2287457
4365,888,cifar10,92.09,91.79,200,540672,2074419
1711,888,cifar10,87.0,70.72,200,460448,1670423
9409,888,cifar10,88.01,86.28,200,422768,1608494
476,888,cifar10,91.73,90.86,200,742464,2946505
6415,888,cifar10,88.29,87.79,200,541760,2081075
2433,888,cifar10,92.43,92.03,200,753168,2935027
5895,888,cifar10,92.6,92.27,200,768336,3141025
3103,888,cifar10,92.44,91.77,200,740320,2934899
3390,888,cifar10,90.86,89.0,200,443520,1621283
8198,888,cifar10,91.67,90.51,200,527616,1877357
7278,888,cifar10,92.96,92.18,200,740336,2936437
1009,888,cifar10,91.63,52.28,200,757696,2934835
6669,888,cifar10,89.59,81.78,200,351328,1462606
2089,888,cifar10,90.03,89.09,200,582144,2305147
3031,888,cifar10,88.83,85.7,200,247552,785789
5962,888,cifar10,93.38,93.24,200,960528,3777497
3952,888,cifar10,91.88,91.46,200,536976,2099597
3263,888,cifar10,92.52,92.03,200,756752,3158324
1313,888,cifar10,92.15,25.97,200,804672,3147297
9268,888,cifar10,88.47,86.15,200,705360,2730733
6329,888,cifar10,92.78,92.29,200,984416,3794995
914,888,cifar10,90.97,89.42,200,758768,2956783
1525,888,cifar10,90.6,85.79,200,733472,2952454
2882,888,cifar10,92.26,91.98,200,823936,3146657
1161,888,cifar10,92.05,91.77,200,973952,3793971
9647,888,cifar10,91.54,91.21,200,506224,1845941
10068,888,cifar10,90.74,83.1,200,925552,3816067
7135,888,cifar10,92.84,92.06,200,972496,4020398
5215,888,cifar10,92.3,92.0,200,793344,3165499
728,888,cifar10,88.75,87.88,200,501264,1852787
8404,888,cifar10,86.32,82.32,200,442176,1615605
8296,888,cifar10,93.12,93.0,200,769600,2918909
9573,888,cifar10,90.01,83.03,200,466400,1689181
4064,888,cifar10,88.82,88.58,200,221888,742985
6257,888,cifar10,86.29,86.21,200,160656,531096
10299,888,cifar10,76.07,20.28,200,256256,793959
4501,888,cifar10,92.7,91.89,200,735216,2711851
7412,888,cifar10,92.52,92.22,200,802752,3390702
9718,888,cifar10,93.83,93.54,200,968384,3995766
8840,888,cifar10,92.46,91.72,200,968240,3796597
4159,888,cifar10,10.0,10.0,200,138864,537752
531,888,cifar10,92.65,92.34,200,802736,3379047
1896,888,cifar10,93.35,93.19,200,1065664,4231337
4899,888,cifar10,92.56,91.83,200,533808,2074675
5585,888,cifar10,83.66,82.76,200,154096,506622
7713,888,cifar10,85.17,81.33,200,461936,1671205
9948,888,cifar10,89.03,10.61,200,504112,1859253
5325,888,cifar10,92.42,91.95,200,746912,2736197
3475,888,cifar10,91.56,90.4,200,526080,2074611
9114,888,cifar10,90.74,89.28,200,687664,2748254
5525,888,cifar10,93.72,93.53,200,1250432,5091433
9803,888,cifar10,91.43,90.9,200,983584,4045222
7229,888,cifar10,89.74,10.61,200,474400,1887966
5067,888,cifar10,92.11,82.69,200,769936,2934707
9504,888,cifar10,88.65,85.69,200,495968,1870509
4818,888,cifar10,86.73,82.08,200,442176,1614755
6064,888,cifar10,90.39,89.79,200,317072,1190105
8555,888,cifar10,87.27,45.49,200,456192,1664741
5822,888,cifar10,92.2,91.71,200,510128,2092422
10237,888,cifar10,88.91,14.58,200,504688,2095683
6963,888,cifar10,88.77,86.96,200,341792,1239373
6491,888,cifar10,89.51,89.2,200,464048,1820049
7965,888,cifar10,86.52,82.9,200,235120,779885
6842,888,cifar10,89.47,83.77,200,489936,1892767
4565,888,cifar10,10.0,10.0,200,488512,1840401
4980,888,cifar10,86.12,70.69,200,244240,1001982
7770,888,cifar10,92.65,67.65,200,775792,2943285
9050,888,cifar10,90.57,88.31,200,726656,2954406
3781,888,cifar10,85.74,82.84,200,740704,2718507
4641,888,cifar10,93.57,93.03,200,850512,3371113
9322,888,cifar10,89.87,82.95,200,503632,1895141
9869,888,cifar10,92.69,92.35,200,735504,3135542
3832,888,cifar10,93.08,91.03,200,583792,2305147
9990,888,cifar10,88.96,86.72,200,285600,985781
5456,888,cifar10,91.99,91.91,200,488688,1851691
6194,888,cifar10,79.36,56.55,200,701504,2705067
3396,888,cifar10,75.32,23.18,200,209248,747484
3072,888,cifar10,88.57,85.18,200,273568,991019
7895,888,cifar10,91.96,91.35,200,725776,2712821
5378,888,cifar10,91.31,91.01,200,756704,2941363
8727,888,cifar10,75.39,14.07,200,539264,2083317
8900,888,cifar10,92.89,92.09,200,758496,2936373
8463,888,cifar10,92.8,92.19,200,955440,3814438
8624,888,cifar10,93.1,92.72,200,1014128,4002877
2971,888,cifar10,92.3,92.17,200,731104,2910617
8135,888,cifar10,94.12,94.06,200,989200,4020334
8962,888,cifar10,87.9,85.93,200,235360,779757
8045,888,cifar10,91.38,90.74,200,531872,2101101
1064,888,cifar10,86.64,9.89,200,561648,2062681
9193,888,cifar10,92.22,91.31,200,717408,2755237
9466,888,cifar10,87.77,78.61,200,446736,1839086
7533,888,cifar10,86.8,84.46,200,228192,762101
4426,888,cifar10,84.62,55.92,200,239568,803543
3188,888,cifar10,90.17,82.76,200,476896,1862398
1994,888,cifar10,89.79,89.19,200,490416,1820113
6912,888,cifar10,89.2,85.03,200,269216,1207724
4245,888,cifar10,91.18,73.7,200,764048,2959629
3032,888,cifar10,75.53,63.21,200,286672,1015749
3106,888,cifar10,90.17,89.72,200,527312,2074675
1855,888,cifar10,79.23,35.28,200,227840,761251
10159,888,cifar10,90.94,88.43,200,570640,2308935
8407,888,cifar10,75.59,17.88,200,444192,1622197
7290,888,cifar10,91.92,91.78,200,733600,2712693
625,888,cifar10,90.85,90.54,200,524672,2050963
3695,888,cifar10,93.15,93.15,200,1065712,4231337
6561,888,cifar10,89.07,88.64,200,273696,991339
7059,888,cifar10,92.07,91.42,200,768048,3184742
2195,888,cifar10,77.15,21.26,200,219792,796496
5157,888,cifar10,88.67,10.12,200,546864,2057241
1468,888,cifar10,87.06,10.0,200,332992,1203481
9276,888,cifar10,88.84,85.3,200,238064,762101
2271,888,cifar10,87.27,82.35,200,242656,809111
6417,888,cifar10,73.33,10.37,200,423856,1631990
2572,888,cifar10,10.0,10.0,200,226464,774435
4822,888,cifar10,84.49,75.44,200,227488,754595
4074,888,cifar10,91.45,89.45,200,492880,1844843
10301,888,cifar10,10.0,10.0,200,488592,1842445
5677,888,cifar10,91.14,40.51,200,706016,2729349
177,888,cifar10,86.91,10.0,0,284224,1003089
4161,888,cifar10,89.25,88.61,200,249536,792381
9414,888,cifar10,91.08,88.42,200,463248,1839214
2498,888,cifar10,91.13,90.06,200,445664,1645821
2649,888,cifar10,89.44,89.13,200,515296,2050265
729,888,cifar10,91.48,90.58,200,503200,2087753
9574,888,cifar10,91.73,91.55,200,956096,3772221
10069,888,cifar10,92.35,92.18,200,548400,2084533
8842,888,cifar10,92.07,92.12,200,530512,2058557
9726,888,cifar10,90.28,37.33,200,545360,2057789
831,888,cifar10,88.92,10.01,200,493488,2060075
1020,888,cifar10,86.41,23.06,200,498064,1833425
5326,888,cifar10,86.34,86.24,200,447744,1627043
9054,888,cifar10,55.35,12.88,200,180928,574114
2833,888,cifar10,89.76,87.94,200,263440,1009093
6844,888,cifar10,74.18,17.32,200,442384,1645885
4900,888,cifar10,91.96,91.55,200,699776,2705067
9949,888,cifar10,89.67,89.38,200,686352,2706165
9654,888,cifar10,89.87,88.84,200,475712,1821373
5217,888,cifar10,89.39,89.14,200,220192,760227
6748,888,cifar10,90.7,90.38,200,500016,2067820
4508,888,cifar10,86.92,47.72,200,247776,779005
9811,888,cifar10,84.2,75.7,200,473168,1870509
1783,888,cifar10,92.41,61.04,200,583616,2305211
2736,888,cifar10,90.03,25.84,200,514464,1868357
4373,888,cifar10,86.25,83.59,200,313088,1015621
5829,888,cifar10,84.55,80.4,200,503408,1869381
9124,888,cifar10,91.89,91.59,200,741072,2912061
6077,888,cifar10,90.39,89.51,200,333888,1214579
8302,888,cifar10,92.73,92.17,200,587712,2530478
107,888,cifar10,87.8,10.24,0,485488,1881897
8208,888,cifar10,91.28,69.38,200,495728,1846005
6332,888,cifar10,86.81,81.52,200,258256,785661
3619,888,cifar10,91.84,90.39,200,973552,3794995
2445,888,cifar10,89.06,14.01,200,471328,1862462
5964,888,cifar10,81.09,78.59,200,347200,1221619
6675,888,cifar10,92.11,92.05,200,459584,1645885
1239,888,cifar10,92.6,92.08,200,533232,2074675
7774,888,cifar10,62.91,10.07,200,182672,549482
1396,888,cifar10,92.78,92.65,200,989808,4000225
422,888,cifar10,92.06,91.88,200,572544,2275025
7714,888,cifar10,91.63,90.49,200,735520,2954278
7149,888,cifar10,93.21,56.36,200,1048064,4233149
1632,888,cifar10,93.36,93.18,200,1002752,4000929
4745,888,cifar10,92.97,92.54,200,766640,2934579
2974,888,cifar10,91.53,91.39,200,437088,1614755
36,888,cifar10,91.06,88.47,0,737584,2940492
4310,888,cifar10,90.35,86.05,200,734560,2977440
2883,888,cifar10,87.56,33.93,200,443648,1663703
3842,888,cifar10,88.37,13.72,200,312160,1207724
5601,888,cifar10,92.13,91.66,200,475632,2043474
532,888,cifar10,88.78,36.75,200,289472,980275
4577,888,cifar10,92.67,92.27,200,559712,2279905
2099,888,cifar10,92.55,91.95,200,559760,2280353
6498,888,cifar10,87.94,18.52,200,287136,1033567
9326,888,cifar10,78.23,24.0,200,436400,1682326
9527,888,cifar10,90.47,84.66,200,712624,2755237
1315,888,cifar10,86.7,76.28,200,292192,1015749
3978,888,cifar10,91.73,89.41,200,525760,2074739
7975,888,cifar10,90.94,89.63,200,510064,2118814
6208,888,cifar10,92.21,91.5,200,498992,2067756
3788,888,cifar10,92.05,91.2,200,553616,2074931
478,888,cifar10,92.03,92.0,200,916992,3782187
5390,888,cifar10,92.79,92.68,200,499152,1850667
10244,888,cifar10,93.35,92.96,200,775536,3162431
1165,888,cifar10,92.66,92.67,200,748176,3134106
1723,888,cifar10,90.36,43.75,200,549072,2099085
9872,888,cifar10,88.4,20.41,200,508064,1870381
6264,888,cifar10,92.29,28.02,200,740016,2910617
917,888,cifar10,89.49,78.61,200,321808,1236463
5530,888,cifar10,92.52,92.42,200,481440,1825937
8904,888,cifar10,91.89,91.52,200,533936,2101165
2375,888,cifar10,91.98,87.32,200,996224,4042894
6967,888,cifar10,90.66,87.04,200,771728,2959693
7231,888,cifar10,91.42,88.4,200,466960,1863590
3482,888,cifar10,79.67,61.12,200,487872,1844843
8478,888,cifar10,89.15,86.0,200,321760,1240045
8148,888,cifar10,86.01,83.11,200,531296,2101229
8559,888,cifar10,90.23,86.25,200,488240,1846005
3403,888,cifar10,85.8,83.87,200,747088,2959629
5902,888,cifar10,94.08,93.82,200,970800,3794867
9992,888,cifar10,92.95,92.81,200,1015376,4002877
4170,888,cifar10,79.5,61.0,200,168928,555570
9204,888,cifar10,89.99,34.12,200,337920,1222197
301,888,cifar10,93.25,92.83,200,987088,4005231
4259,888,cifar10,91.22,91.24,200,459664,1663703
9467,888,cifar10,88.95,19.63,200,499392,1870637
4646,888,cifar10,75.66,13.59,200,451088,1627171
1915,888,cifar10,90.93,89.15,200,495840,1869509
3275,888,cifar10,93.35,93.14,200,1007536,4000161
3195,888,cifar10,75.1,15.03,200,226096,761187
8408,888,cifar10,92.13,92.02,200,493504,1834813
3074,888,cifar10,91.35,90.24,200,941584,3812998
7907,888,cifar10,89.18,86.85,200,286432,985781
8641,888,cifar10,93.01,92.9,200,1012848,4002877
7435,888,cifar10,91.05,90.94,200,726480,2718581
6592,888,cifar10,91.31,89.35,200,492800,1844715
8324,888,cifar10,86.49,86.0,200,184112,556138
1555,888,cifar10,93.53,93.49,200,1025424,4224098
754,888,cifar10,91.15,89.09,200,443472,1612789
8980,888,cifar10,90.92,90.3,200,284208,1209326
3709,888,cifar10,85.17,80.77,200,515536,1876165
8732,888,cifar10,91.99,91.67,200,1227760,4887605
9730,888,cifar10,91.55,91.37,200,435760,1615605
4092,888,cifar10,87.4,13.24,200,302544,1232646
10171,888,cifar10,89.5,30.18,200,562688,2078005
8046,888,cifar10,91.16,88.05,200,480080,1846005
3039,888,cifar10,88.96,10.7,200,763808,2941619
5473,888,cifar10,73.15,12.47,200,479776,1869189
2656,888,cifar10,58.15,13.19,200,182848,548914
6914,888,cifar10,92.57,91.84,200,974768,4018484
9137,888,cifar10,91.91,91.54,200,483184,1821373
5331,888,cifar10,86.89,86.26,200,315696,998059
10074,888,cifar10,85.78,52.67,200,468176,1665405
4982,888,cifar10,91.06,83.78,200,495440,2092486
9420,888,cifar10,82.91,68.58,200,245488,811045
8844,888,cifar10,86.87,23.13,200,461680,1664741
9278,888,cifar10,92.62,92.13,200,750960,2936437
6094,888,cifar10,88.61,10.0,200,325712,1197017
4436,888,cifar10,90.09,79.97,200,683360,2697892
7535,888,cifar10,69.8,15.08,200,241200,829085
5090,888,cifar10,92.85,92.69,200,1008608,4224290
9595,888,cifar10,91.08,87.81,200,496960,1870573
2595,888,cifar10,86.23,85.89,200,198736,580172
1728,888,cifar10,84.68,84.0,200,145024,513214
6861,888,cifar10,89.68,65.25,200,497696,1850539
4909,888,cifar10,93.2,93.19,200,556592,2273946
9655,888,cifar10,90.21,88.51,200,496992,1870573
5833,888,cifar10,89.17,10.0,200,473312,1862462
3118,888,cifar10,90.03,83.9,200,949344,3837600
1065,888,cifar10,84.85,80.05,200,528288,2099149
628,888,cifar10,91.37,89.85,200,457712,1635667
6212,888,cifar10,63.35,36.77,200,150848,517521
3620,888,cifar10,78.97,14.27,200,207536,747548
6504,888,cifar10,89.92,89.51,200,463280,1627939
4825,888,cifar10,92.15,91.67,200,789664,3388732
2019,888,cifar10,88.55,64.47,200,493616,1869317
9060,888,cifar10,90.96,89.48,200,756544,2936373
2281,888,cifar10,91.95,91.68,200,693776,2679313
426,888,cifar10,10.0,10.0,200,200896,740375
5686,888,cifar10,91.93,48.74,200,496704,1833617
6418,888,cifar10,91.33,90.09,200,499152,1844459
8912,888,cifar10,86.37,86.29,200,233392,762037
1166,888,cifar10,84.04,82.76,200,161584,513214
7984,888,cifar10,89.27,86.26,200,287760,992373
108,888,cifar10,10.0,10.0,0,225776,770869
6769,888,cifar10,88.53,86.04,200,263616,984555
3483,888,cifar10,89.99,89.02,200,488976,1819217
4596,888,cifar10,86.37,31.14,200,444144,1663831
7306,888,cifar10,92.25,91.86,200,713248,2711797
4768,888,cifar10,89.26,88.6,200,221488,761187
5159,888,cifar10,75.75,64.54,200,501600,1875845
8564,888,cifar10,89.3,22.44,200,280352,992501
9332,888,cifar10,89.69,89.09,200,253184,961213
9961,888,cifar10,92.99,92.49,200,1188512,4880558
2884,888,cifar10,86.94,73.79,200,230240,977764
9530,888,cifar10,88.05,85.76,200,480752,1671333
10246,888,cifar10,92.1,91.36,200,496656,1871673
9468,888,cifar10,92.2,92.19,200,444288,1622197
3414,888,cifar10,90.22,89.64,200,705568,2903442
8493,888,cifar10,92.1,92.05,200,720688,2688125
7063,888,cifar10,92.32,91.31,200,731744,2929646
4516,888,cifar10,10.0,10.0,200,538608,2063705
9873,888,cifar10,90.63,8.72,200,598624,2288957
1471,888,cifar10,90.74,90.39,200,528608,2081267
4261,888,cifar10,80.79,61.67,200,256432,809239
2742,888,cifar10,90.06,86.88,200,292128,1207660
8428,888,cifar10,90.23,89.83,200,493184,2044790
3712,888,cifar10,79.89,53.63,200,243120,761187
7915,888,cifar10,84.6,80.25,200,453920,1628917
1790,888,cifar10,91.04,89.2,200,493984,1869189
1246,888,cifar10,91.13,89.24,200,474272,1844843
7233,888,cifar10,92.36,92.08,200,724944,2929518
841,888,cifar10,91.72,90.6,200,522992,2061035
10302,888,cifar10,75.39,61.53,200,735952,2738617
3043,888,cifar10,88.41,88.18,200,218688,756681
9814,888,cifar10,92.54,92.25,200,1211536,4905254
6339,888,cifar10,75.73,20.72,200,448016,1651645
7715,888,cifar10,92.85,92.6,200,1013840,4027317
7793,888,cifar10,92.12,92.11,200,687424,2688125
7164,888,cifar10,88.07,71.03,200,438240,1640045
1321,888,cifar10,89.96,88.75,200,271824,984683
10001,888,cifar10,72.89,26.71,200,180928,581224
5534,888,cifar10,86.43,24.2,200,227776,767843
4171,888,cifar10,93.06,92.73,200,755312,3133658
1560,888,cifar10,10.0,10.0,200,147520,568946
8211,888,cifar10,90.6,90.56,200,522672,2064893
3877,888,cifar10,92.45,91.86,200,1000800,4025083
6680,888,cifar10,87.1,76.26,200,452560,1862206
3794,888,cifar10,92.25,92.27,200,820288,3370793
5984,888,cifar10,88.32,81.29,200,688800,2722686
8157,888,cifar10,91.96,91.55,200,730976,2730861
1663,888,cifar10,90.0,65.47,200,500496,1843883
2998,888,cifar10,88.81,81.1,200,276224,1009093
2446,888,cifar10,86.08,47.37,200,462992,1886872
6968,888,cifar10,86.78,48.55,200,699376,2771762
9666,888,cifar10,86.93,85.26,200,207872,748334
4095,888,cifar10,92.11,92.14,200,481664,1869317
6920,888,cifar10,91.18,89.54,200,494336,1844907
4652,888,cifar10,89.65,82.03,200,784832,3165371
2199,888,cifar10,92.06,91.9,200,1042864,4230825
8325,888,cifar10,88.76,88.17,200,463648,1814390
7437,888,cifar10,88.53,88.08,200,234768,768693
8047,888,cifar10,88.54,86.24,200,572448,2064893
5244,888,cifar10,93.24,93.32,200,986704,4001185
4985,888,cifar10,91.36,91.3,200,495264,2067948
42,888,cifar10,93.57,79.27,0,756432,2905805
1021,888,cifar10,92.62,92.39,200,976624,4018548
1869,888,cifar10,93.37,93.04,200,1232880,5108988
3981,888,cifar10,92.0,41.43,200,774736,2917465
180,888,cifar10,93.27,93.1,0,999936,4018799
4313,888,cifar10,90.52,81.64,200,508112,2092614
4381,888,cifar10,92.49,92.49,200,984672,4000865
10178,888,cifar10,91.25,89.62,200,555344,2102667
5391,888,cifar10,10.0,10.0,200,719104,2718251
6269,888,cifar10,93.04,92.99,200,771424,2917401
5334,888,cifar10,93.08,92.87,200,699888,2705067
8745,888,cifar10,91.28,89.68,200,758480,2936373
6595,888,cifar10,90.69,84.1,200,519584,2117408
2106,888,cifar10,87.54,85.18,200,777360,2941619
3197,888,cifar10,92.27,91.92,200,514560,2050393
9229,888,cifar10,90.91,89.06,200,463776,1888158
2834,888,cifar10,92.85,92.81,200,1033552,4231081
5623,888,cifar10,92.41,91.35,200,565168,2297972
5904,888,cifar10,87.3,60.59,200,472752,1862398
8654,888,cifar10,93.68,93.4,200,1224368,5086518
2500,888,cifar10,92.4,92.3,200,983120,4043150
3282,888,cifar10,90.96,26.25,200,504496,1844843
4828,888,cifar10,73.56,17.47,200,229648,803543
9598,888,cifar10,89.1,85.83,200,287360,1034917
9424,888,cifar10,90.16,90.08,200,554096,2083061
10075,888,cifar10,89.12,83.11,200,217248,762513
6870,888,cifar10,91.13,90.44,200,533152,2074547
773,888,cifar10,92.9,60.4,200,979104,3813199
4517,888,cifar10,80.26,47.45,200,186976,548914
547,888,cifar10,92.31,90.79,200,566240,2314951
9286,888,cifar10,92.35,91.79,200,605104,2512701
8988,888,cifar10,88.09,28.72,200,256960,1003494
9074,888,cifar10,92.15,92.03,200,690400,2694013
3418,888,cifar10,80.35,15.65,200,197088,555570
4910,888,cifar10,91.64,91.17,200,747840,2934835
2389,888,cifar10,92.65,92.49,200,748064,2934771
937,888,cifar10,93.66,93.54,200,946192,3786221
6096,888,cifar10,92.01,91.76,200,780800,3165243
4606,888,cifar10,86.72,84.56,200,239280,792317
4438,888,cifar10,92.15,92.0,200,453888,1628067
8512,888,cifar10,86.66,71.62,200,407216,1657694
9157,888,cifar10,86.52,68.67,200,440896,1639917
3491,888,cifar10,93.04,93.03,200,499776,1844651
6216,888,cifar10,86.53,22.07,200,968880,3777241
5475,888,cifar10,88.25,9.53,200,506080,1851627
3044,888,cifar10,73.56,31.57,200,189744,562290
9879,888,cifar10,75.81,16.66,200,227280,768053
6440,888,cifar10,89.76,35.1,200,562688,2074675
5100,888,cifar10,10.0,10.0,200,475408,1840145
9343,888,cifar10,78.96,32.2,200,441680,1640045
3125,888,cifar10,88.54,87.72,200,298176,1190297
10306,888,cifar10,85.49,73.98,200,213648,798453
310,888,cifar10,91.99,91.44,200,591392,2295919
7997,888,cifar10,90.02,86.02,200,688400,2723814
7327,888,cifar10,91.32,91.47,200,553280,2058621
1730,888,cifar10,87.07,65.3,200,257632,1002110
1924,888,cifar10,88.75,87.94,200,722336,2736133
490,888,cifar10,93.17,92.99,200,1047392,4222479
9476,888,cifar10,91.93,91.11,200,490352,1852725
1414,888,cifar10,93.32,93.28,200,1244832,5108988
4262,888,cifar10,91.93,11.99,200,540640,2057177
10251,888,cifar10,85.14,51.95,200,468608,1665405
8845,888,cifar10,94.11,93.88,200,733024,2912125
6515,888,cifar10,93.83,93.73,200,718576,2686865
8565,888,cifar10,92.63,92.41,200,745664,2936437
9965,888,cifar10,89.27,88.88,200,586336,2288125
3880,888,cifar10,85.3,64.25,200,242368,1002174
10008,888,cifar10,10.0,10.0,200,154128,545404
3077,888,cifar10,93.16,92.4,200,972480,4018100
7537,888,cifar10,91.23,89.35,200,704528,2706165
7929,888,cifar10,90.9,31.61,200,719632,2706165
7080,888,cifar10,10.0,10.0,200,170624,562794
1067,888,cifar10,90.14,87.87,200,486224,2067948
6707,888,cifar10,79.72,49.67,200,161376,531096
2612,888,cifar10,86.43,81.87,200,326784,1220851
3717,888,cifar10,91.25,90.41,200,508816,1893727
9732,888,cifar10,91.78,90.72,200,757408,3160174
9531,888,cifar10,10.0,10.0,200,424752,1616701
1476,888,cifar10,86.33,57.81,200,234016,779005
428,888,cifar10,92.54,92.23,200,530000,2045395
6984,888,cifar10,74.0,10.0,200,425200,1656848
7166,888,cifar10,93.2,93.08,200,724832,2929518
9670,888,cifar10,78.46,23.61,200,435632,1657694
8431,888,cifar10,90.32,89.27,200,281968,1184694
4181,888,cifar10,93.49,93.02,200,748240,3133914
4384,888,cifar10,86.85,86.55,200,141024,513278
5688,888,cifar10,92.08,92.03,200,495520,1869573
7235,888,cifar10,92.9,92.64,200,754208,2924093
9818,888,cifar10,92.56,92.05,200,930064,3789806
2451,888,cifar10,83.84,76.6,200,440272,1589897
1325,888,cifar10,68.4,32.73,200,192112,562290
1168,888,cifar10,90.61,90.66,200,455360,1862526
8915,888,cifar10,88.42,88.18,200,488704,1852597
2674,888,cifar10,91.16,91.07,200,751856,2958861
3003,888,cifar10,91.57,91.09,200,517120,2092614
3425,888,cifar10,80.05,51.26,200,173376,524440
9230,888,cifar10,86.57,86.09,200,222864,762037
3795,888,cifar10,85.56,66.49,200,743168,2736197
116,888,cifar10,92.37,92.39,0,554528,2052307
8218,888,cifar10,76.08,60.76,200,222640,762037
6921,888,cifar10,52.32,10.0,200,173504,566597
5835,888,cifar10,92.8,92.74,200,791040,3364194
8162,888,cifar10,93.64,93.53,200,796320,3366198
2282,888,cifar10,92.79,92.72,200,962400,3770521
1872,888,cifar10,86.32,41.78,200,214224,743049
5258,888,cifar10,88.78,88.08,200,324432,1220979
3285,888,cifar10,84.25,33.72,200,690896,2680337
5993,888,cifar10,85.84,67.36,200,239536,779005
9289,888,cifar10,84.05,83.72,200,436768,1597373
6344,888,cifar10,75.58,65.99,200,437840,1645821
5161,888,cifar10,90.58,85.07,200,457648,1670295
5008,888,cifar10,88.89,88.2,200,530496,2057049
4769,888,cifar10,86.61,54.59,200,479024,1862334
853,888,cifar10,82.02,75.64,200,241168,806577
4104,888,cifar10,91.9,57.01,200,560736,2081651
5341,888,cifar10,90.7,88.37,200,454096,1645885
6773,888,cifar10,92.31,91.89,200,738800,2934899
1564,888,cifar10,93.49,93.31,200,697920,2680209
6607,888,cifar10,76.1,25.51,200,493280,1875845
2022,888,cifar10,91.85,91.8,200,735920,2736197
7718,888,cifar10,91.41,89.88,200,467152,1845045
631,888,cifar10,88.68,86.82,200,519456,2110247
4659,888,cifar10,93.45,93.03,200,504192,1820241
6104,888,cifar10,86.99,72.44,200,239328,779005
9599,888,cifar10,91.78,91.52,200,468592,1863654
5402,888,cifar10,93.35,93.26,200,984656,3777625
6443,888,cifar10,76.31,65.82,200,188176,586828
7331,888,cifar10,86.39,24.81,200,229072,762101
1247,888,cifar10,89.95,88.55,200,532384,2099661
2746,888,cifar10,70.18,17.13,200,505984,1893599
8656,888,cifar10,91.58,90.08,200,717840,2730797
10191,888,cifar10,93.1,92.5,200,803808,3169159
2895,888,cifar10,92.2,91.11,200,536688,2098701
3621,888,cifar10,93.93,93.77,200,1051568,4453994
9433,888,cifar10,90.61,40.01,200,717680,2712885
9887,888,cifar10,89.25,86.1,200,283552,1010221
8336,888,cifar10,92.38,92.2,200,514128,2051069
3048,888,cifar10,91.69,69.13,200,487248,1844843
4831,888,cifar10,88.57,88.42,200,244128,761251
183,888,cifar10,85.77,74.03,0,439872,1636051
8754,888,cifar10,93.12,92.96,200,1208480,5086518
9161,888,cifar10,93.72,93.41,200,742384,2911869
2201,888,cifar10,90.66,86.86,200,460304,1862590
1666,888,cifar10,90.84,84.82,200,518416,2092422
4522,888,cifar10,92.01,91.3,200,566288,2323150
9080,888,cifar10,93.23,93.17,200,794336,3366198
6287,888,cifar10,92.0,91.36,200,494000,2067820
5639,888,cifar10,89.52,86.64,200,478720,1844843
3520,888,cifar10,87.59,80.85,200,220880,754595
9823,888,cifar10,80.32,49.29,200,184464,538290
1792,888,cifar10,93.39,93.21,200,1009440,4001185
5536,888,cifar10,88.74,84.49,200,722368,2736133
554,888,cifar10,91.8,91.13,200,453840,1833901
6874,888,cifar10,90.67,86.47,200,734528,2977568
3982,888,cifar10,93.84,93.62,200,754976,2910489
9010,888,cifar10,90.2,89.85,200,269072,985845
7802,888,cifar10,92.43,92.28,200,971936,4020334
4920,888,cifar10,90.01,89.41,200,476432,1826833
7239,888,cifar10,86.73,31.64,200,477120,1828029
10323,888,cifar10,92.35,23.08,200,987936,3786911
2111,888,cifar10,87.01,82.31,200,292192,1015621
10077,888,cifar10,89.22,85.93,200,263392,1011257
2402,888,cifar10,89.33,85.05,200,256272,1002366
3211,888,cifar10,89.18,82.88,200,491280,1869381
2838,888,cifar10,90.33,88.28,200,478336,1868357
6231,888,cifar10,92.55,92.43,200,850656,3371177
5918,888,cifar10,91.24,89.53,200,518448,1869509
8854,888,cifar10,91.91,89.98,200,718480,2730669
4317,888,cifar10,89.3,87.27,200,406480,1873258
3004,888,cifar10,90.1,89.16,200,264192,984683
8568,888,cifar10,92.15,91.87,200,532416,2300014
3800,888,cifar10,77.99,21.01,200,241312,779133
7933,888,cifar10,88.22,87.53,200,692976,2712885
4609,888,cifar10,91.94,91.91,200,1231440,4867937
8524,888,cifar10,92.34,91.39,200,1021392,4027253
6517,888,cifar10,90.6,37.16,200,980096,3777625
9969,888,cifar10,92.81,92.83,200,795408,3142653
10256,888,cifar10,92.58,92.01,200,777184,2944821
7452,888,cifar10,93.07,92.27,200,725968,2954278
7167,888,cifar10,92.12,91.94,200,703104,2705141
775,888,cifar10,88.29,83.81,200,529872,2068657
3288,888,cifar10,83.91,83.77,200,152768,506622
1416,888,cifar10,89.53,89.04,200,266480,984555
43,888,cifar10,91.93,91.49,0,721312,2726301
9353,888,cifar10,91.69,90.48,200,467200,1846005
9478,888,cifar10,91.91,91.52,200,771888,2961389
8435,888,cifar10,90.05,85.85,200,505216,1870445
10012,888,cifar10,89.92,88.88,200,238784,980187
8058,888,cifar10,93.56,93.42,200,1006080,4226358
1480,888,cifar10,88.76,88.34,200,253232,785789
3079,888,cifar10,92.48,92.21,200,767584,2940403
7107,888,cifar10,92.62,92.44,200,778336,3149245
3883,888,cifar10,92.35,92.22,200,784880,3165307
940,888,cifar10,88.88,88.63,200,340384,1218483
8916,888,cifar10,90.27,77.0,200,712048,2711861
9532,888,cifar10,91.84,91.75,200,977984,3779069
6926,888,cifar10,91.88,91.78,200,554512,2057241
3445,888,cifar10,90.3,88.93,200,355408,1443899
4440,888,cifar10,91.08,88.88,200,504576,1869253
6996,888,cifar10,91.2,90.75,200,778208,3147489
7575,888,cifar10,92.6,92.42,200,466672,1828029
3735,888,cifar10,92.0,86.4,200,803632,3147617
4269,888,cifar10,93.24,92.93,200,1219760,5109052
9293,888,cifar10,87.54,83.97,200,455888,1646701
2505,888,cifar10,92.33,91.89,200,587856,2528700
135,888,cifar10,91.51,91.25,0,431152,1594263
9232,888,cifar10,92.35,92.08,200,792816,3142589
8167,888,cifar10,91.88,91.65,200,747904,2737325
5738,888,cifar10,91.64,91.29,200,466176,1819217
1024,888,cifar10,93.19,92.99,200,1196400,4878388
495,888,cifar10,92.17,91.76,200,772176,2912403
5269,888,cifar10,92.05,47.94,200,737648,2916313
6781,888,cifar10,89.89,82.8,200,714896,2704107
4187,888,cifar10,90.91,89.05,200,734544,2977248
10195,888,cifar10,75.66,62.13,200,185456,581224
5162,888,cifar10,86.49,69.73,200,223760,754595
5108,888,cifar10,92.83,92.74,200,556352,2298100
5403,888,cifar10,88.82,88.47,200,487888,1833745
8009,888,cifar10,87.47,38.25,200,675296,2748254
7724,888,cifar10,85.87,53.92,200,474464,1888158
6349,888,cifar10,88.95,9.32,200,276624,966737
2619,888,cifar10,85.0,41.51,200,506944,1869317
1965,888,cifar10,93.41,93.39,200,732464,2928108
5346,888,cifar10,91.39,90.6,200,719456,2952710
3134,888,cifar10,92.73,92.56,200,778384,3363938
4114,888,cifar10,93.19,92.94,200,975040,3994266
5018,888,cifar10,91.02,34.15,200,706000,2729285
5840,888,cifar10,93.3,93.09,200,1230368,4861409
186,888,cifar10,86.45,86.15,0,149664,525654
6232,888,cifar10,62.4,11.76,200,177024,524440
8579,888,cifar10,85.83,85.52,200,146032,538290
316,888,cifar10,91.84,91.17,200,553120,2313287
2291,888,cifar10,79.2,24.94,200,427936,1656720
9825,888,cifar10,84.79,15.46,200,252320,804517
5481,888,cifar10,91.35,91.23,200,1018656,4007841
10102,888,cifar10,77.94,36.86,200,198288,749193
2468,888,cifar10,84.84,81.03,200,491072,1869381
2678,888,cifar10,89.43,18.56,200,495712,1843883
9601,888,cifar10,92.38,92.1,200,477232,1821373
4387,888,cifar10,92.16,34.81,200,510976,1858283
1174,888,cifar10,88.83,67.59,200,490416,1850667
1326,888,cifar10,84.92,79.47,200,469104,1911026
9435,888,cifar10,89.41,13.07,200,708480,2929518
4774,888,cifar10,89.28,87.9,200,312880,1214259
9748,888,cifar10,92.57,92.67,200,965888,3772029
9672,888,cifar10,92.3,92.24,200,738288,2918653
4668,888,cifar10,90.87,89.45,200,752048,2934899
6882,888,cifar10,73.26,26.63,200,454032,1645821
7356,888,cifar10,91.23,90.13,200,536448,2100973
3634,888,cifar10,86.63,45.9,200,235392,778109
1082,888,cifar10,87.51,10.41,200,536480,2099341
3053,888,cifar10,92.89,92.24,200,752192,2935027
4838,888,cifar10,92.52,92.16,200,794256,3141025
6449,888,cifar10,93.08,93.09,200,763216,2941683
1875,888,cifar10,91.01,89.17,200,705152,2705067
6105,888,cifar10,93.18,93.04,200,993248,4007713
8770,888,cifar10,90.42,90.08,200,574528,2082101
4940,888,cifar10,89.93,63.24,200,468992,1837732
9164,888,cifar10,92.51,91.72,200,510864,2094246
1585,888,cifar10,93.44,93.32,200,498432,1869381
6719,888,cifar10,93.08,93.12,200,756928,2941619
1734,888,cifar10,92.56,65.43,200,1042736,4230825
9015,888,cifar10,91.85,91.72,200,403952,1597373
3328,888,cifar10,88.91,85.42,200,230608,761315
2033,888,cifar10,88.81,88.38,200,502176,1850667
435,888,cifar10,93.01,92.9,200,785504,3158063
8680,888,cifar10,90.28,89.84,200,974496,3821357
4618,888,cifar10,86.42,86.06,200,150896,519934
8221,888,cifar10,92.51,91.36,200,763424,2936437
9545,888,cifar10,86.74,86.56,200,221920,743805
10260,888,cifar10,89.25,86.59,200,240736,787431
8069,888,cifar10,86.19,42.5,200,230896,779885
5998,888,cifar10,90.95,89.46,200,720784,2952710
10333,888,cifar10,88.59,81.48,200,499552,1853667
5640,888,cifar10,86.23,86.02,200,177920,580172
10196,888,cifar10,80.28,36.81,200,189248,549906
9890,888,cifar10,92.64,92.41,200,983104,4044966
3807,888,cifar10,88.08,81.85,200,287104,1033631
8531,888,cifar10,90.22,88.12,200,505008,1870637
7938,888,cifar10,92.45,92.22,200,530496,2057597
856,888,cifar10,92.14,92.05,200,744944,2928689
2211,888,cifar10,86.41,18.4,200,492512,1827089
7242,888,cifar10,90.48,90.24,200,745536,2918717
5270,888,cifar10,88.04,80.54,200,412688,1607836
9483,888,cifar10,92.03,64.99,200,485168,1821437
9082,888,cifar10,79.78,33.62,200,425584,1633190
8438,888,cifar10,90.79,89.35,200,661008,2723814
8346,888,cifar10,91.91,92.05,200,676576,2681533
6618,888,cifar10,90.62,88.19,200,710448,2952902
3752,888,cifar10,89.16,88.46,200,316688,1190297
7116,888,cifar10,76.13,58.08,200,234176,786541
4536,888,cifar10,93.48,93.32,200,1012128,4025339
3446,888,cifar10,77.16,20.69,200,230416,821098
5541,888,cifar10,89.59,84.41,200,231920,785725
6301,888,cifar10,92.29,91.76,200,501360,1844779
9356,888,cifar10,87.18,71.29,200,460368,1863526
8875,888,cifar10,92.97,92.73,200,961712,3796597
8932,888,cifar10,79.34,12.45,200,436432,1682454
10024,888,cifar10,91.72,91.05,200,491424,1878521
3081,888,cifar10,52.21,10.0,200,162272,566597
6945,888,cifar10,92.67,92.49,200,561216,2280737
6998,888,cifar10,91.08,88.81,200,497920,1869253
1684,888,cifar10,90.96,22.94,200,502688,1851691
5418,888,cifar10,72.49,37.13,200,210224,796688
3891,888,cifar10,90.37,88.2,200,507392,1869253
2113,888,cifar10,92.25,91.9,200,447888,1634787
6782,888,cifar10,86.85,17.91,200,709936,2711851
4211,888,cifar10,92.03,91.81,200,707200,2705003
7453,888,cifar10,90.01,87.71,200,305168,992501
2910,888,cifar10,90.27,83.69,200,687424,2746968
7586,888,cifar10,86.53,9.41,200,517248,1877229
2753,888,cifar10,89.03,62.02,200,481984,1886808
8170,888,cifar10,87.9,68.07,200,293184,1034917
1253,888,cifar10,89.69,87.54,200,526960,2117088
6524,888,cifar10,89.59,76.86,200,489920,1892767
3235,888,cifar10,91.72,45.07,200,694336,2693905
3009,888,cifar10,91.83,91.22,200,741152,2977440
7171,888,cifar10,87.04,21.23,200,506000,1876269
3524,888,cifar10,92.33,92.02,200,754736,2916953
5357,888,cifar10,80.07,70.52,200,530816,1858219
4272,888,cifar10,92.41,72.58,200,597184,2280865
9295,888,cifar10,87.92,86.98,200,722208,2737389
9974,888,cifar10,91.6,91.4,200,970688,3796597
7811,888,cifar10,91.05,90.84,200,588352,2282493
641,888,cifar10,92.0,62.5,200,764048,2953103
776,888,cifar10,79.12,16.05,200,425632,1652395
6235,888,cifar10,92.1,13.53,200,506144,1851499
9244,888,cifar10,92.7,76.57,200,798416,3167285
3985,888,cifar10,92.15,91.99,200,744944,2934771
2850,888,cifar10,91.4,90.27,200,498720,1869061
5026,888,cifar10,89.31,85.19,200,471616,1886808
1032,888,cifar10,89.12,85.97,200,291984,984683
10338,888,cifar10,74.0,21.99,200,180912,556562
1481,888,cifar10,86.81,24.43,200,692992,2692881
563,888,cifar10,92.15,91.17,200,1008752,3796465
4679,888,cifar10,89.07,30.01,200,322080,1197081
8017,888,cifar10,92.08,91.71,200,797504,3167221
6143,888,cifar10,89.59,89.12,200,218816,736137
208,888,cifar10,78.26,15.73,0,199952,768205
4619,888,cifar10,89.53,89.4,200,228240,761251
952,888,cifar10,86.17,82.83,200,312640,1013113
5932,888,cifar10,92.44,91.73,200,588848,2305019
4329,888,cifar10,88.36,86.05,200,716800,2753823
9605,888,cifar10,89.68,88.16,200,496576,1870701
9166,888,cifar10,88.8,69.26,200,283904,985781
5124,888,cifar10,87.96,80.59,200,446096,1837668
1419,888,cifar10,90.85,88.9,200,715200,2711531
4445,888,cifar10,90.02,89.43,200,494144,1851179
2407,888,cifar10,93.05,92.37,200,583776,2304379
6889,888,cifar10,68.15,43.99,200,200784,555570
7726,888,cifar10,92.91,92.1,200,781264,3184870
1795,888,cifar10,92.06,90.7,200,781408,3183118
4848,888,cifar10,92.52,92.32,200,525328,2049433
9841,888,cifar10,86.21,60.41,200,695520,2748318
4125,888,cifar10,93.14,92.9,200,1051536,4454122
5178,888,cifar10,92.17,91.42,200,499264,2067628
9026,888,cifar10,91.35,90.97,200,503984,1852661
4950,888,cifar10,86.49,82.33,200,483632,1875973
8581,888,cifar10,91.9,90.7,200,995952,4027253
3359,888,cifar10,87.05,49.63,200,453184,1663703
9088,888,cifar10,88.69,10.62,200,272880,980605
9760,888,cifar10,89.41,55.38,200,274432,967869
139,888,cifar10,90.42,69.07,0,719200,2920875
5543,888,cifar10,73.15,19.09,200,158464,555570
7247,888,cifar10,75.4,67.02,200,432880,1646829
2624,888,cifar10,92.13,91.17,200,502704,1850475
1340,888,cifar10,87.55,10.0,200,272816,984619
5741,888,cifar10,92.33,91.26,200,543840,2074483
7369,888,cifar10,89.72,83.74,200,722048,2730605
2516,888,cifar10,90.53,84.88,200,703520,2729477
5280,888,cifar10,93.04,92.93,200,508336,2050457
8077,888,cifar10,92.61,92.2,200,529616,2076213
1091,888,cifar10,88.59,10.8,200,498560,1826897
8349,888,cifar10,89.78,89.13,200,277024,992501
10271,888,cifar10,92.76,92.6,200,745552,2920287
8441,888,cifar10,85.94,63.34,200,255296,1028126
4539,888,cifar10,90.91,89.48,200,494512,1844779
5852,888,cifar10,92.64,92.27,200,750944,2910297
50,888,cifar10,93.07,92.94,0,811920,3347504
7947,888,cifar10,91.92,91.56,200,554672,2282429
326,888,cifar10,93.36,93.2,200,557424,2266955
9367,888,cifar10,91.25,90.46,200,565008,2058557
8771,888,cifar10,90.43,87.23,200,948576,3839134
499,888,cifar10,90.88,88.86,200,729408,2947785
9685,888,cifar10,92.65,92.4,200,995472,4020462
8687,888,cifar10,86.61,86.15,200,425648,1604221
9485,888,cifar10,91.3,89.79,200,488976,1895077
6623,888,cifar10,89.2,13.72,200,516160,2092870
8532,888,cifar10,93.42,92.34,200,707488,2730605
10034,888,cifar10,90.19,86.63,200,320096,1217781
3059,888,cifar10,92.32,90.89,200,802752,3388796
1192,888,cifar10,92.05,92.06,200,507856,2067948
1970,888,cifar10,93.06,93.0,200,754208,2922905
8933,888,cifar10,90.76,89.9,200,504480,1852661
9451,888,cifar10,93.35,93.14,200,1239952,5086518
2041,888,cifar10,86.55,35.95,200,425216,1656848
4219,888,cifar10,83.03,81.85,200,443360,1614755
10105,888,cifar10,92.29,92.13,200,789536,2944245
3766,888,cifar10,76.81,10.8,200,424288,1607644
6363,888,cifar10,88.59,10.08,200,801056,3147169
10201,888,cifar10,87.53,10.0,200,288480,1235523
6456,888,cifar10,91.84,91.51,200,694464,2680401
6800,888,cifar10,88.85,12.06,200,290960,991403
9898,888,cifar10,91.99,91.51,200,793232,3167093
2683,888,cifar10,88.77,29.57,200,494464,1869381
436,888,cifar10,89.74,88.29,200,450320,1635603
5644,888,cifar10,89.7,88.84,200,475520,1825873
3084,888,cifar10,91.76,89.93,200,525696,2073715
8882,888,cifar10,90.15,89.16,200,359520,1670510
3460,888,cifar10,73.51,20.12,200,234272,779133
868,888,cifar10,92.44,92.35,200,483456,1817429
8224,888,cifar10,10.0,10.0,200,441136,1628917
7119,888,cifar10,91.86,91.0,200,736976,2954534
6314,888,cifar10,87.76,86.18,200,256448,977892
6946,888,cifar10,92.09,91.86,200,442576,1603081
5422,888,cifar10,85.42,77.53,200,213088,796688
3141,888,cifar10,93.14,93.01,200,785440,3164219
6239,888,cifar10,88.1,87.0,200,282960,1009157
3808,888,cifar10,10.0,10.0,200,703024,2699665
6000,888,cifar10,76.17,19.37,200,728048,2711915
3011,888,cifar10,91.95,91.81,200,530448,2057113
9977,888,cifar10,92.59,20.24,200,557088,2058813
1736,888,cifar10,92.12,91.67,200,553664,2074291
1880,888,cifar10,92.42,55.94,200,589424,2280865
7180,888,cifar10,90.2,88.87,200,373824,1446645
3236,888,cifar10,91.63,91.31,200,431104,1596297
9248,888,cifar10,85.23,80.92,200,473840,1870573
7002,888,cifar10,92.29,56.71,200,990800,3801523
6541,888,cifar10,92.23,92.19,200,778528,3141025
954,888,cifar10,51.25,10.0,200,155584,590524
5058,888,cifar10,87.83,82.48,200,246288,803671
5359,888,cifar10,88.13,84.98,200,494784,1875973
10273,888,cifar10,10.0,10.0,200,146096,545404
3638,888,cifar10,92.52,91.57,200,754912,2933747
8182,888,cifar10,88.6,88.19,200,742720,2737197
789,888,cifar10,86.65,23.92,200,429824,1600343
4389,888,cifar10,92.88,92.7,200,1016320,4006753
9301,888,cifar10,86.88,71.69,200,229568,978926
4775,888,cifar10,92.0,91.85,200,969072,3777497
9559,888,cifar10,92.45,92.38,200,774672,3141757
2408,888,cifar10,69.01,15.33,200,166128,524440
6727,888,cifar10,91.46,90.72,200,555120,2099405
2301,888,cifar10,91.9,91.33,200,988496,4043022
5482,888,cifar10,92.44,91.58,200,734608,2977376
1685,888,cifar10,85.9,41.5,200,248032,1026520
6893,888,cifar10,63.71,11.75,200,188464,548914
2469,888,cifar10,92.26,55.76,200,1013632,4025723
10352,888,cifar10,91.22,89.77,200,698512,2731577
7603,888,cifar10,92.73,91.82,200,781328,3184870
3914,888,cifar10,85.2,82.17,200,458128,1663831
1590,888,cifar10,91.8,45.16,200,798432,3165371
9847,888,cifar10,89.51,75.39,200,467520,1839086
8020,888,cifar10,90.95,90.15,200,527632,1877165
6164,888,cifar10,91.7,91.08,200,563840,2074931
7736,888,cifar10,88.92,88.04,200,221888,744061
1258,888,cifar10,88.15,86.51,200,486128,1875973
4331,888,cifar10,89.71,89.0,200,240224,761059
4621,888,cifar10,90.71,89.48,200,541744,2098637
4289,888,cifar10,92.07,91.65,200,502816,1844907
7370,888,cifar10,90.87,88.97,200,459056,1628853
8596,888,cifar10,74.31,24.3,200,181040,556138
5935,888,cifar10,73.8,42.97,200,192272,580172
4964,888,cifar10,92.32,91.76,200,518608,2067564
3532,888,cifar10,87.53,79.69,200,443584,1645885
8353,888,cifar10,88.92,83.77,200,285872,992565
9171,888,cifar10,88.61,85.94,200,683136,2748190
9035,888,cifar10,90.64,90.19,200,535232,2076341
10464,888,cifar10,59.56,13.64,200,180912,549906
7479,888,cifar10,91.22,91.2,200,707712,2730861
4734,888,cifar10,87.26,69.25,200,459280,1862334
10209,888,cifar10,88.59,87.99,200,227488,762769
570,888,cifar10,91.19,89.87,200,480064,1839859
5299,888,cifar10,90.55,90.16,200,306880,1232454
2217,888,cifar10,93.24,93.1,200,1031936,4025275
2121,888,cifar10,93.44,93.27,200,792368,3140001
9089,888,cifar10,91.72,91.13,200,755728,2936437
8107,888,cifar10,92.27,91.68,200,723456,2929518
9690,888,cifar10,92.5,92.36,200,713616,2904950
10369,888,cifar10,92.6,92.17,200,738192,2919967
8937,888,cifar10,87.01,82.11,200,255200,1027998
7874,888,cifar10,92.78,92.73,200,963152,3772221
4853,888,cifar10,92.74,58.83,200,1011040,4006817
8691,888,cifar10,91.44,88.71,200,508544,2069358
9610,888,cifar10,88.76,84.91,200,478704,1845941
1036,888,cifar10,91.89,91.67,200,712320,2928108
10062,888,cifar10,75.75,64.09,200,464624,1654183
6463,888,cifar10,88.81,20.56,200,512928,1844587
2627,888,cifar10,91.62,91.56,200,475872,1820241
1421,888,cifar10,81.56,75.54,200,231600,809175
8774,888,cifar10,93.2,93.07,200,770064,2918781
1485,888,cifar10,92.44,92.11,200,708272,2927980
4231,888,cifar10,83.79,68.28,200,468624,1669463
7122,888,cifar10,80.86,76.3,200,239168,793389
5130,888,cifar10,91.06,90.7,200,519680,1851243
3986,888,cifar10,93.54,93.51,200,946176,3770777
3810,888,cifar10,73.97,38.29,200,189968,580172
4130,888,cifar10,90.23,88.42,200,295632,991595
7268,888,cifar10,88.55,88.09,200,472288,1827965
10119,888,cifar10,92.73,92.59,200,537168,2077941
3092,888,cifar10,91.59,90.14,200,507152,2067884
2854,888,cifar10,92.63,92.0,200,521792,2092678
5196,888,cifar10,86.0,80.21,200,445616,1662871
9375,888,cifar10,92.81,92.46,200,801232,3148285
141,888,cifar10,90.6,88.49,0,294912,1202411
4406,888,cifar10,87.79,86.07,200,182016,722882
2778,888,cifar10,94.06,93.9,200,1201840,4854426
508,888,cifar10,91.56,91.42,200,438112,1610933
4449,888,cifar10,92.55,91.75,200,534608,2074931
3061,888,cifar10,88.76,13.29,200,536512,2099533
9915,888,cifar10,87.05,10.0,200,598464,2288957
2934,888,cifar10,93.39,93.05,200,1027552,4224226
4548,888,cifar10,91.92,91.91,200,440432,1621411
7949,888,cifar10,91.04,28.74,200,798288,3167221
2688,888,cifar10,10.0,10.0,200,217024,767715
6901,888,cifar10,86.21,85.74,200,171456,562290
1110,888,cifar10,86.36,86.3,200,479456,1826769
647,888,cifar10,93.14,92.81,200,980080,4013097
10368,888,cifar10,79.45,49.05,200,190160,574568
8885,888,cifar10,90.98,46.95,200,717632,2712053
1801,888,cifar10,91.13,88.84,200,491120,1868421
9489,888,cifar10,88.67,86.86,200,759008,2961197
327,888,cifar10,90.23,89.37,200,270480,1200363
51,888,cifar10,88.88,78.83,0,501040,1835131
5553,888,cifar10,93.64,93.5,200,494640,1850347
1971,888,cifar10,73.09,23.96,200,450000,1644989
5439,888,cifar10,88.02,76.03,200,507264,1875973
2521,888,cifar10,91.31,87.85,200,495984,1851307
9982,888,cifar10,90.67,90.1,200,481360,1870573
7181,888,cifar10,91.41,89.57,200,710704,2706101
5742,888,cifar10,91.22,89.43,200,700416,2729541
9252,888,cifar10,91.05,15.92,200,549952,2058813
5855,888,cifar10,90.02,24.34,200,493520,2067884
6809,888,cifar10,92.01,91.05,200,774112,3183246
211,888,cifar10,92.68,91.95,0,778976,3152041
9455,888,cifar10,91.09,90.21,200,983696,4045222
798,888,cifar10,89.03,88.66,200,226736,740183
6949,888,cifar10,87.71,47.01,200,448992,1639037
6552,888,cifar10,92.18,91.99,200,714320,2927980
3159,888,cifar10,89.67,89.19,200,266528,983723
5365,888,cifar10,90.93,90.7,200,744240,2934835
3767,888,cifar10,93.32,93.01,200,1266464,5314282
3365,888,cifar10,92.72,91.88,200,757376,3158324
6364,888,cifar10,92.6,92.51,200,743648,2910617
1364,888,cifar10,91.52,91.32,200,995584,3801459
6638,888,cifar10,89.87,86.78,200,328000,1238477
9561,888,cifar10,81.2,75.16,200,541536,2082997
1203,888,cifar10,92.41,91.66,200,734352,2711531
5059,888,cifar10,92.89,92.63,200,967968,3795123
3643,888,cifar10,90.12,86.87,200,451600,1614691
6318,888,cifar10,84.15,56.74,200,476512,1886808
3015,888,cifar10,92.35,92.15,200,472112,1826897
7012,888,cifar10,89.24,24.13,200,700016,2771570
4627,888,cifar10,93.27,93.47,200,523888,2050457
3244,888,cifar10,88.6,87.85,200,310976,1190297
9770,888,cifar10,92.43,90.94,200,566352,2324710
9302,888,cifar10,93.67,93.35,200,737744,2954278
8536,888,cifar10,92.74,92.53,200,774768,3142781
8032,888,cifar10,92.04,92.08,200,511488,1859317
7737,888,cifar10,92.05,91.82,200,705200,2712949
9096,888,cifar10,73.51,10.01,200,423872,1633190
6179,888,cifar10,92.02,90.67,200,546848,2074931
4972,888,cifar10,72.06,29.36,200,426880,1681194
9864,888,cifar10,92.83,92.49,200,590608,2505974
6001,888,cifar10,74.65,10.0,200,454080,1663703
7382,888,cifar10,91.23,90.54,200,540864,2076213
5649,888,cifar10,92.02,91.2,200,724288,2952454
1263,888,cifar10,86.72,86.35,200,233264,767907
10278,888,cifar10,91.45,89.65,200,528720,2084597
4145,888,cifar10,79.6,14.86,200,227584,754595
2413,888,cifar10,90.37,77.43,200,467792,1837732
8246,888,cifar10,91.96,91.79,200,744800,2936373
8108,888,cifar10,89.16,88.27,200,275328,992501
10481,888,cifar10,76.19,67.31,200,183056,556562
875,888,cifar10,92.28,28.85,200,756256,2927089
2053,888,cifar10,94.18,94.12,200,1006496,4000225
2484,888,cifar10,89.48,88.71,200,468560,1862398
955,888,cifar10,92.11,90.81,200,538128,2072115
9036,888,cifar10,91.42,89.28,200,708048,2730733
8805,888,cifar10,91.25,89.43,200,452864,1646701
10713,888,cifar10,10.0,10.0,200,225776,769489
4291,888,cifar10,90.47,90.16,200,255600,984491
7123,888,cifar10,86.43,79.27,200,448960,1639917
6469,888,cifar10,75.61,66.4,200,448272,1652413
2312,888,cifar10,88.11,72.89,200,265792,810135
450,888,cifar10,91.38,91.28,200,827808,3361999
1687,888,cifar10,92.02,91.87,200,728256,2910617
6243,888,cifar10,92.08,91.55,200,559648,2322958
1745,888,cifar10,93.33,92.88,200,757680,2935091
7609,888,cifar10,92.09,92.14,200,688480,2688189
5494,888,cifar10,92.26,92.32,200,730544,2909657
10606,888,cifar10,91.05,29.32,200,488064,1853155
8185,888,cifar10,92.19,91.06,200,722208,2929646
3821,888,cifar10,92.15,91.73,200,518336,1869509
4784,888,cifar10,89.92,85.84,200,503520,1869573
8600,888,cifar10,85.73,56.76,200,236160,804517
4340,888,cifar10,92.37,92.16,200,706592,2903634
1424,888,cifar10,91.94,92.03,200,436528,1813450
4737,888,cifar10,64.16,17.4,200,216144,580172
6810,888,cifar10,59.34,10.01,200,183408,572556
8359,888,cifar10,91.65,22.42,200,1001104,4027381
8947,888,cifar10,76.41,37.72,200,726320,2718517
10124,888,cifar10,90.12,88.51,200,335632,1441983
8704,888,cifar10,92.5,13.81,200,789984,3142781
9376,888,cifar10,90.25,89.72,200,682192,2723878
5132,888,cifar10,89.21,88.67,200,222400,754659
1882,888,cifar10,88.62,8.91,200,766416,2941747
5936,888,cifar10,85.36,34.62,200,255568,1026584
1601,888,cifar10,86.33,86.3,200,704416,2693713
9635,888,cifar10,93.4,93.2,200,763280,2936309
9703,888,cifar10,92.32,14.63,200,796096,3148285
3919,888,cifar10,91.26,90.81,200,739824,2917401
2128,888,cifar10,88.53,84.41,200,277920,984555
4456,888,cifar10,92.5,92.32,200,529392,2073715
9492,888,cifar10,90.08,89.06,200,278752,1009325
4872,888,cifar10,90.85,90.54,200,971760,3801523
5304,888,cifar10,93.08,93.02,200,1233872,4885435
10761,888,cifar10,91.43,18.5,200,555168,2084533
9179,888,cifar10,90.29,86.33,200,702912,2706165
356,888,cifar10,92.81,92.63,200,720448,2921579
2628,888,cifar10,89.31,89.24,200,234336,803543
1041,888,cifar10,89.17,39.63,200,470432,1837732
1487,888,cifar10,91.91,91.51,200,499168,2043282
9920,888,cifar10,91.96,90.22,200,602000,2306933
2218,888,cifar10,90.27,83.84,200,469536,1645821
7879,888,cifar10,90.06,78.47,200,475232,1646637
10063,888,cifar10,93.63,93.48,200,1051440,4459725
9568,888,cifar10,91.05,89.2,200,450464,1615605
9254,888,cifar10,91.71,91.46,200,530656,2076277
2859,888,cifar10,75.66,23.21,200,439040,1628003
6729,888,cifar10,92.92,91.42,200,798640,3164347
11143,888,cifar10,89.32,85.26,200,277856,986979
11214,888,cifar10,86.79,17.23,200,260208,975757
5440,888,cifar10,92.96,92.65,200,755760,3134042
10859,888,cifar10,92.44,92.23,200,785376,3169159
6558,888,cifar10,90.42,88.38,200,686352,2722622
10378,888,cifar10,84.89,81.07,200,454256,1654247
5771,888,cifar10,92.87,92.47,200,770976,3134106
7745,888,cifar10,75.7,62.9,200,198736,580770
9461,888,cifar10,87.43,64.27,200,689840,2723686
11669,888,cifar10,73.03,20.78,200,209536,773791
11091,888,cifar10,88.76,64.3,200,493216,1853475
5209,888,cifar10,87.38,62.01,200,470624,1862334
7956,888,cifar10,89.01,88.45,200,273728,992437
11041,888,cifar10,89.85,28.12,200,515840,1871737
10982,888,cifar10,92.13,91.88,200,982752,3803829
9988,888,cifar10,91.96,90.68,200,739728,2954278
11335,888,cifar10,89.66,88.21,200,303440,1000291
3020,888,cifar10,79.58,73.82,200,478928,1652413
11612,888,cifar10,89.25,88.11,200,230368,805245
7206,888,cifar10,10.0,10.0,200,266272,981181
3093,888,cifar10,92.13,91.96,200,563536,2280865
3570,888,cifar10,89.88,86.23,200,763536,2959629
7271,888,cifar10,92.39,92.29,200,529856,2076149
7385,888,cifar10,89.69,89.11,200,215968,730621
6952,888,cifar10,88.62,22.08,200,721552,2977568
8887,888,cifar10,10.0,10.0,200,702992,2701693
7487,888,cifar10,90.96,82.97,200,540800,2324710
3992,888,cifar10,89.24,51.71,200,542576,2074675
4407,888,cifar10,92.33,92.27,200,698032,2705003
8544,888,cifar10,81.61,48.4,200,443744,1688349
1808,888,cifar10,91.07,89.82,200,484096,2067756
2526,888,cifar10,80.26,54.51,200,487120,1844779
2689,888,cifar10,91.02,90.83,200,549648,2081011
2415,888,cifar10,75.49,65.88,200,176544,537752
11435,888,cifar10,93.45,86.7,200,764448,2913567
3370,888,cifar10,91.14,87.0,200,751968,2958797
678,888,cifar10,91.91,91.31,200,548928,2069105
11287,888,cifar10,92.18,91.56,200,723584,2931117
1134,888,cifar10,81.23,31.87,200,453360,1688241
12227,888,cifar10,89.34,88.94,200,228816,756049
514,888,cifar10,92.12,90.68,200,545104,2093263
3245,888,cifar10,79.02,10.33,200,188576,561458
5882,888,cifar10,90.23,88.42,200,314128,1438068
217,888,cifar10,91.28,88.93,0,682912,2718027
9042,888,cifar10,90.41,89.72,200,266640,1027934
12330,888,cifar10,53.35,10.0,200,204144,574568
12048,888,cifar10,79.75,42.1,200,424272,1634143
2063,888,cifar10,88.86,88.37,200,221904,736265
2787,888,cifar10,91.7,90.02,200,767920,2934707
3164,888,cifar10,82.22,44.64,200,459616,1886808
7682,888,cifar10,86.23,85.92,200,234144,786541
61,888,cifar10,88.87,86.1,0,508224,1858461
11880,888,cifar10,89.78,89.34,200,471312,1847267
1979,888,cifar10,92.07,92.17,200,526144,2073651
12681,888,cifar10,86.31,85.87,200,175104,532028
571,888,cifar10,93.77,93.54,200,1223104,5075849
2938,888,cifar10,92.29,92.04,200,617264,2509929
6664,888,cifar10,88.28,81.96,200,241904,810135
5663,888,cifar10,88.76,78.99,200,436688,1614691
11732,888,cifar10,84.83,82.19,200,756448,2944501
1694,888,cifar10,75.6,63.42,200,179216,555570
11989,888,cifar10,92.22,92.29,200,556448,2060191
5575,888,cifar10,92.47,92.33,200,745024,2934899
154,888,cifar10,91.22,84.75,0,566272,2313799
8807,888,cifar10,89.44,89.08,200,253280,961085
1368,888,cifar10,89.34,88.64,200,357664,1420705
7030,888,cifar10,93.14,93.01,200,506288,2051645
11528,888,cifar10,93.36,93.37,200,1208480,5088827
13176,888,cifar10,79.91,76.64,200,410624,1584499
11796,888,cifar10,93.7,93.42,200,772464,2920287
12583,888,cifar10,88.78,87.81,200,257648,987043
2486,888,cifar10,67.84,32.41,200,192176,580172
5310,888,cifar10,91.25,90.07,200,459120,1628067
4292,888,cifar10,88.73,85.17,200,244064,767907
11942,888,cifar10,89.71,41.22,200,499696,1878329
877,888,cifar10,91.16,91.09,200,453216,1618421
10714,888,cifar10,86.35,25.79,200,442736,1623057
6323,888,cifar10,91.86,91.49,200,531504,2074419
7881,888,cifar10,72.2,16.69,200,220880,797598
6004,888,cifar10,84.16,11.92,200,521680,1857259
8188,888,cifar10,92.63,92.28,200,617344,2511741
8034,888,cifar10,91.6,90.3,200,695088,2706165
1757,888,cifar10,87.73,81.36,200,436720,1614755
8711,888,cifar10,89.87,87.54,200,544848,2076277
818,888,cifar10,88.89,83.73,200,1002400,3778259
13434,888,cifar10,88.69,88.13,200,221696,738171
11042,888,cifar10,86.68,83.01,200,211408,773727
12416,888,cifar10,92.55,91.96,200,543872,2077877
9778,888,cifar10,93.4,93.2,200,713648,2929646
10493,888,cifar10,91.93,91.83,200,546768,2078069
12883,888,cifar10,85.91,67.11,200,240832,1004465
460,888,cifar10,92.07,92.07,200,482864,1823573
10768,888,cifar10,88.8,10.02,200,493488,2071021
966,888,cifar10,89.88,89.44,200,702912,2678849
13327,888,cifar10,88.83,10.52,200,270864,975757
5062,888,cifar10,92.27,92.02,200,744864,2934771
10127,888,cifar10,91.96,91.32,200,591216,2308935
4458,888,cifar10,91.56,90.16,200,510960,2092934
13040,888,cifar10,89.28,86.06,200,263616,1011577
12143,888,cifar10,93.02,92.16,200,785760,3169095
10871,888,cifar10,90.07,88.75,200,310160,1217525
13696,888,cifar10,74.02,29.56,200,179744,556562
11619,888,cifar10,91.2,90.93,200,458048,1622993
4342,888,cifar10,92.28,92.1,200,475360,1832785
1208,888,cifar10,91.9,91.7,200,789616,2940915
3646,888,cifar10,93.04,50.75,200,796096,3146657
12464,888,cifar10,93.85,93.71,200,1178176,4857897
4739,888,cifar10,86.72,17.41,200,493440,1851627
11146,888,cifar10,94.04,93.61,200,735328,3137577
8122,888,cifar10,10.0,10.0,200,753984,2925181
11687,888,cifar10,92.72,92.42,200,496912,1871801
6372,888,cifar10,91.67,91.73,200,1016320,4007841
5940,888,cifar10,90.95,90.41,200,297648,1207724
13499,888,cifar10,90.34,86.85,200,488176,1847139
6823,888,cifar10,87.03,76.65,200,457312,1862526
5133,888,cifar10,91.03,89.54,200,676480,2697892
12778,888,cifar10,92.54,92.12,200,602064,2308871
11240,888,cifar10,92.22,91.96,200,759904,2938165
11102,888,cifar10,88.71,80.02,200,293184,1036303
6470,888,cifar10,91.79,91.71,200,738240,2917209
1303,888,cifar10,92.54,92.29,200,621328,2733738
5774,888,cifar10,92.2,92.18,200,720384,2754015
10607,888,cifar10,93.1,93.01,200,956880,3773663
2331,888,cifar10,88.76,14.68,200,729888,2717355
13103,888,cifar10,92.17,92.07,200,1008592,4004657
13766,888,cifar10,92.02,90.75,200,506144,1871929
1492,888,cifar10,90.4,88.54,200,448080,1862526
11291,888,cifar10,92.19,92.1,200,681232,2682829
8254,888,cifar10,91.89,91.73,200,1014960,4002877
13893,888,cifar10,90.02,87.93,200,316720,1242443
14050,888,cifar10,92.24,92.28,200,721984,2713699
10385,888,cifar10,92.16,91.71,200,784912,3169287
13576,888,cifar10,80.34,75.48,200,756496,2944501
11545,888,cifar10,10.0,10.0,200,139312,527462
12946,888,cifar10,93.03,32.23,200,1263040,5095427
10986,888,cifar10,92.52,92.07,200,773312,3162431
1425,888,cifar10,93.77,93.9,200,797664,3140897
3376,888,cifar10,89.49,87.11,200,453840,1663575
11338,888,cifar10,90.3,89.79,200,273536,986979
1884,888,cifar10,90.97,89.43,200,512160,2092550
5497,888,cifar10,93.03,92.86,200,989856,4000225
2951,888,cifar10,92.42,91.95,200,493648,1844843
2221,888,cifar10,89.37,25.35,200,327360,1214451
6730,888,cifar10,86.84,86.47,200,694400,2686993
11441,888,cifar10,93.28,93.21,200,962496,3773471
13250,888,cifar10,93.43,93.23,200,1029952,4253201
3094,888,cifar10,92.58,92.04,200,817104,3165115
2863,888,cifar10,88.15,84.86,200,736976,2711659
4787,888,cifar10,92.79,92.69,200,836448,3593962
360,888,cifar10,92.8,92.52,200,748928,3128523
3940,888,cifar10,88.2,84.45,200,508192,1893663
6668,888,cifar10,10.0,10.0,200,201056,750025
11950,888,cifar10,70.28,29.13,200,178688,581224
2162,888,cifar10,93.67,93.26,200,754448,2934963
12241,888,cifar10,91.61,91.41,200,752208,2938165
2070,888,cifar10,88.97,88.32,200,279184,959953
2694,888,cifar10,89.88,21.5,200,497712,1820241
7496,888,cifar10,76.07,64.95,200,459104,1628853
10495,888,cifar10,89.8,89.76,200,227600,762769
14605,888,cifar10,86.19,83.62,200,252992,793895
7884,888,cifar10,92.34,66.69,200,700224,2681597
4008,888,cifar10,92.33,92.0,200,556496,2057241
13963,888,cifar10,93.04,92.58,200,1017888,4253265
12049,888,cifar10,89.64,85.7,200,237216,769489
6042,888,cifar10,91.82,90.9,200,493872,2067820
1050,888,cifar10,92.26,91.98,200,523408,2092422
1814,888,cifar10,89.41,89.18,200,327648,1214643
14448,888,cifar10,92.64,92.37,200,554560,2060127
14350,888,cifar10,92.77,91.58,200,722064,2931117
14531,888,cifar10,91.99,90.59,200,509200,2070957
7215,888,cifar10,92.73,92.85,200,749408,2912061
11800,888,cifar10,92.05,91.73,200,538160,2078069
12424,888,cifar10,92.32,92.34,200,523136,2053151
14215,888,cifar10,91.93,91.94,200,520880,1878457
2528,888,cifar10,93.36,93.24,200,699248,2686993
11734,888,cifar10,89.53,87.77,200,376320,1448775
1612,888,cifar10,92.86,91.34,200,817040,3165115
10715,888,cifar10,93.66,93.64,200,767680,3137513
11886,888,cifar10,88.5,36.98,200,728976,2738617
13337,888,cifar10,87.02,51.58,200,453360,1640871
9787,888,cifar10,90.22,89.74,200,333984,1215989
12700,888,cifar10,92.13,92.1,200,482944,1847139
11998,888,cifar10,89.13,88.71,200,258432,968909
11043,888,cifar10,90.34,89.16,200,343088,1442111
12587,888,cifar10,92.33,91.52,200,780784,3169287
10780,888,cifar10,90.9,89.64,200,506912,1853987
166,888,cifar10,88.82,88.43,0,264464,962645
14141,888,cifar10,92.31,91.65,200,1021472,4029191
1377,888,cifar10,88.75,10.15,200,272816,984555
2792,888,cifar10,75.5,27.02,200,473136,1645757
12341,888,cifar10,88.58,80.96,200,282576,1036239
14637,888,cifar10,87.36,12.16,200,513840,1878457
2630,888,cifar10,92.36,91.88,200,1223344,4885755
11241,888,cifar10,86.42,20.45,200,227584,762769
5210,888,cifar10,91.78,90.14,200,959776,4018548
522,888,cifar10,90.95,90.66,200,725584,2706995
12144,888,cifar10,88.86,60.92,200,325696,1224501
4460,888,cifar10,87.08,74.31,200,470672,1862462
1138,888,cifar10,92.54,91.66,200,530976,2074547
595,888,cifar10,88.85,85.48,200,326240,1208881
13046,888,cifar10,92.27,91.27,200,525344,2078069
246,888,cifar10,91.88,90.62,0,553104,2069297
5793,888,cifar10,89.8,89.02,200,230112,761187
11447,888,cifar10,76.08,67.47,200,197696,724339
878,888,cifar10,84.32,56.97,200,238784,773395
684,888,cifar10,93.6,93.12,200,736000,2945801
12951,888,cifar10,75.26,65.12,200,429904,1654055
11152,888,cifar10,81.78,60.87,200,313104,1018105
10396,888,cifar10,91.97,51.12,200,497280,1829261
4408,888,cifar10,91.38,90.45,200,756896,2959885
3587,888,cifar10,92.04,91.34,200,767968,3182990
11695,888,cifar10,90.66,88.99,200,701920,2931117
1763,888,cifar10,92.46,92.12,200,743728,2910617
1695,888,cifar10,85.5,22.6,200,255760,1026904
13189,888,cifar10,81.57,76.72,200,748880,2962891
12889,888,cifar10,89.26,88.34,200,230352,780711
5884,888,cifar10,93.24,92.87,200,528160,2073715
467,888,cifar10,78.91,46.43,200,424192,1629005
7692,888,cifar10,90.08,74.6,200,720528,2929518
13437,888,cifar10,88.4,81.98,200,292960,1235331
5576,888,cifar10,93.51,93.33,200,562928,2280801
78,888,cifar10,91.94,91.78,0,586336,2276765
10873,888,cifar10,91.63,90.77,200,565840,2309127
2489,888,cifar10,91.23,90.1,200,719344,2952518
6327,888,cifar10,91.64,90.4,200,529584,2298228
11105,888,cifar10,93.21,93.04,200,970944,3997801
3166,888,cifar10,93.73,93.57,200,964048,3994266
13615,888,cifar10,89.32,77.44,200,470128,1889351
13110,888,cifar10,91.32,90.61,200,541840,2102667
5674,888,cifar10,91.68,91.55,200,726608,2718315
10612,888,cifar10,89.52,14.01,200,583488,2308807
969,888,cifar10,88.1,84.43,200,449088,1644035
1984,888,cifar10,92.04,79.41,200,583520,2304763
3651,888,cifar10,92.31,28.67,200,798544,3165307
12779,888,cifar10,93.18,92.99,200,763504,2962827
2958,888,cifar10,87.47,86.65,200,229936,953098
3254,888,cifar10,92.89,92.5,200,798720,3165371
11352,888,cifar10,75.34,61.92,200,175088,532028
2424,888,cifar10,93.37,93.26,200,1436096,5943970
11550,888,cifar10,90.82,89.59,200,463280,1647527
2339,888,cifar10,88.29,87.7,200,246448,785533
5942,888,cifar10,73.03,10.0,200,425536,1681130
11953,888,cifar10,86.33,81.41,200,265744,811965
10990,888,cifar10,91.62,22.65,200,786064,3169543
12054,888,cifar10,87.21,85.87,200,286048,1000291
13510,888,cifar10,92.06,92.07,200,702256,2707299
13700,888,cifar10,93.26,93.23,200,836464,3599565
12467,888,cifar10,86.7,10.0,200,334816,1199967
4018,888,cifar10,73.79,34.38,200,187392,573516
13352,888,cifar10,93.35,93.24,200,700416,2682765
367,888,cifar10,91.61,90.86,200,759872,2929393
11624,888,cifar10,88.75,77.78,200,734352,2980633
12243,888,cifar10,92.04,91.44,200,513856,1878329
10505,888,cifar10,87.52,85.26,200,545904,2066143
1217,888,cifar10,92.53,92.51,200,575968,2503650
13966,888,cifar10,90.79,38.69,200,785360,2920351
10720,888,cifar10,90.97,90.93,200,299600,1217845
13253,888,cifar10,89.66,65.99,200,519296,2120473
14607,888,cifar10,92.73,92.33,200,753328,3137513
2247,888,cifar10,89.45,87.92,200,279968,984427
6381,888,cifar10,91.86,91.87,200,539408,2081139
11999,888,cifar10,74.27,22.41,200,164112,574568
11741,888,cifar10,91.07,89.0,200,705264,2707363
1307,888,cifar10,89.59,67.56,200,704896,2711019
1885,888,cifar10,70.1,21.63,200,197088,603750
5502,888,cifar10,86.27,34.61,200,706816,2687249
12425,888,cifar10,81.85,74.68,200,505280,1877945
13780,888,cifar10,89.14,12.07,200,368432,1448839
4349,888,cifar10,91.15,89.65,200,574448,2081267
12348,888,cifar10,92.56,92.4,200,524528,2053151
11050,888,cifar10,92.06,92.0,200,732896,3137577
10407,888,cifar10,88.38,87.89,200,445008,1815621
11295,888,cifar10,89.51,38.06,200,549008,2102731
10785,888,cifar10,91.67,89.77,200,508144,1871801
13444,888,cifar10,79.93,52.49,200,163440,532028
6044,888,cifar10,92.28,92.28,200,801248,3146593
14077,888,cifar10,90.55,48.54,200,958128,3798197
2865,888,cifar10,89.13,88.59,200,318080,1413722
7498,888,cifar10,87.5,83.07,200,422192,1633190
1513,888,cifar10,90.29,88.52,200,710576,2952582
11890,888,cifar10,90.68,88.68,200,555120,2102603
2072,888,cifar10,78.99,27.88,200,476784,1844715
11245,888,cifar10,90.69,90.55,200,514960,1860067
12892,888,cifar10,89.16,88.7,200,229344,762769
13196,888,cifar10,88.43,85.27,200,239488,762833
13920,888,cifar10,92.57,92.02,200,972448,4022591
12147,888,cifar10,80.52,75.21,200,326448,1224181
8257,888,cifar10,91.02,90.96,200,769152,2943221
1832,888,cifar10,88.91,88.07,200,320768,1197017
12974,888,cifar10,81.8,9.15,200,291760,1018105
14641,888,cifar10,88.76,84.53,200,334160,1242507
5142,888,cifar10,92.89,92.7,200,850640,3370793
14352,888,cifar10,92.31,92.15,200,966960,3822923
12703,888,cifar10,89.66,88.96,200,257008,986979
6731,888,cifar10,91.01,90.56,200,504736,1857195
12589,888,cifar10,90.96,63.46,200,764032,2962891
173,888,cifar10,86.34,67.56,0,283696,975125
13118,888,cifar10,86.84,82.0,200,444112,1640807
11156,888,cifar10,86.76,81.59,200,498080,1896399
1433,888,cifar10,91.03,89.86,200,540928,2322702
14230,888,cifar10,90.58,90.31,200,500800,1835789
4789,888,cifar10,92.39,91.1,200,723744,2952582
1614,888,cifar10,91.29,91.01,200,483600,1851307
2698,888,cifar10,88.43,84.33,200,696672,2722494
12056,888,cifar10,87.03,77.9,200,221680,756113
524,888,cifar10,92.17,92.06,200,540544,2052563
474,888,cifar10,85.85,82.57,200,229376,775827
14451,888,cifar10,92.32,51.32,200,587392,2291057
2636,888,cifar10,89.3,8.27,200,278672,1009157
12800,888,cifar10,84.98,80.36,200,439024,1647015
14539,888,cifar10,92.93,92.85,200,787760,3144433
1383,888,cifar10,93.08,92.86,200,556672,2057113
11555,888,cifar10,91.39,89.94,200,471008,1840219
11808,888,cifar10,91.57,41.23,200,553056,2083701
11958,888,cifar10,92.14,91.95,200,473520,1822733
10640,888,cifar10,92.56,92.38,200,570720,2284273
10996,888,cifar10,10.0,10.0,200,430128,1604859
2183,888,cifar10,91.06,89.51,200,549360,2099341
2820,888,cifar10,91.84,91.81,200,511536,1858155
13622,888,cifar10,90.97,90.68,200,810848,3151473
3675,888,cifar10,92.63,92.48,200,579424,2504034
10896,888,cifar10,93.22,93.16,200,1185248,4857961
11458,888,cifar10,89.95,30.57,200,994192,3805109
13970,888,cifar10,92.28,92.32,200,479968,1822733
2961,888,cifar10,89.08,84.02,200,525888,2099213
13052,888,cifar10,92.17,91.1,200,506064,1877881
12006,888,cifar10,89.2,88.69,200,272160,986979
12434,888,cifar10,80.32,62.94,200,233232,805501
1053,888,cifar10,93.16,93.05,200,971904,4018420
10726,888,cifar10,87.25,36.59,200,458224,1640743
2531,888,cifar10,92.55,92.13,200,986176,4018612
11696,888,cifar10,90.65,88.41,200,492992,1847203
884,888,cifar10,92.62,70.68,200,540576,2071027
2490,888,cifar10,10.0,10.0,200,441552,1634595
4415,888,cifar10,92.9,92.76,200,760240,2916313
11627,888,cifar10,92.64,92.39,200,771520,2920351
263,888,cifar10,92.17,27.58,200,766480,2930735
14152,888,cifar10,93.67,93.47,200,961920,4022527
12897,888,cifar10,92.15,92.17,200,500576,1822477
1143,888,cifar10,86.9,29.09,200,502256,1893599
14643,888,cifar10,90.53,89.57,200,251200,980059
11297,888,cifar10,91.22,90.83,200,482976,1847203
598,888,cifar10,92.01,91.04,200,823984,3140241
11380,888,cifar10,89.06,48.92,200,611648,2291313
14610,888,cifar10,92.07,91.32,200,505408,1896271
13354,888,cifar10,93.43,93.01,200,763696,3162367
11743,888,cifar10,92.6,92.58,200,542704,2078005
1701,888,cifar10,91.88,90.88,200,542352,2297460
91,888,cifar10,89.94,89.19,0,359488,1211249
1310,888,cifar10,86.69,17.79,200,210224,748873
13257,888,cifar10,75.53,16.8,200,714256,2738617
5577,888,cifar10,91.54,91.21,200,704032,2928044
2431,888,cifar10,88.79,88.0,200,300640,997803
12244,888,cifar10,92.35,91.77,200,757344,3162431
690,888,cifar10,93.64,93.37,200,959792,3788721
973,888,cifar10,92.35,91.44,200,502768,1849341
13447,888,cifar10,79.87,29.53,200,229024,756113
1985,888,cifar10,90.33,76.87,200,483440,1869317
6400,888,cifar10,89.75,89.28,200,488320,1826833
11110,888,cifar10,88.13,14.86,200,483360,1889543
12349,888,cifar10,92.95,92.92,200,787680,3144497
12975,888,cifar10,92.29,92.0,200,532192,2053343
3172,888,cifar10,89.19,70.04,200,341728,1239309
13521,888,cifar10,86.57,86.16,200,227504,769489
13201,888,cifar10,68.09,36.13,200,484048,1654055
8264,888,cifar10,89.96,89.51,200,202704,737213
380,888,cifar10,92.22,92.3,200,472160,1823829
11255,888,cifar10,84.82,54.25,200,691552,2749575
12492,888,cifar10,92.66,92.48,200,1013824,4028999
4353,888,cifar10,74.27,22.26,200,188112,573516
11896,888,cifar10,91.63,90.42,200,542464,2302271
10523,888,cifar10,92.12,91.93,200,1021120,4029255
1778,888,cifar10,92.01,16.2,200,1019824,4007521
11163,888,cifar10,89.34,89.02,200,514624,2053151
10421,888,cifar10,82.91,72.4,200,475104,1647527
12711,888,cifar10,92.18,92.11,200,578592,2084277
12148,888,cifar10,92.51,92.36,200,769616,3144561
14353,888,cifar10,92.04,92.2,200,717792,2713571
10793,888,cifar10,93.24,92.91,200,1018912,4029191
14235,888,cifar10,89.44,88.24,200,384752,1424177
12438,888,cifar10,90.31,89.73,200,213728,731195
12604,888,cifar10,75.59,23.62,200,520688,1878521
5954,888,cifar10,92.65,57.91,200,581024,2286561
4024,888,cifar10,93.85,93.78,200,750256,3133978
10644,888,cifar10,86.23,81.63,200,245616,1004465
13710,888,cifar10,87.72,84.33,200,292864,1036175
1218,888,cifar10,91.45,90.58,200,718128,2711531
7523,888,cifar10,91.31,91.13,200,476288,1845941
2249,888,cifar10,90.09,88.23,200,346976,1219827
11963,888,cifar10,87.76,60.5,200,459408,1864753
13632,888,cifar10,86.87,53.94,200,217632,780327
13062,888,cifar10,89.63,89.11,200,226640,780711
2344,888,cifar10,92.36,92.1,200,809376,3364066
2871,888,cifar10,90.07,85.08,200,470576,1862462
13782,888,cifar10,90.14,84.72,200,684928,2724849
4791,888,cifar10,91.77,91.57,200,466944,1819217
11809,888,cifar10,82.23,39.09,200,268560,1053853
11565,888,cifar10,92.91,92.81,200,745536,2920287
11053,888,cifar10,89.52,25.03,200,507088,2120281
14541,888,cifar10,85.28,78.59,200,709904,2756303
6736,888,cifar10,89.93,87.17,200,472688,1887000
11001,888,cifar10,68.01,39.85,200,200016,563218
12081,888,cifar10,92.59,92.55,200,493456,1835789
1837,888,cifar10,90.04,87.09,200,496992,1869253
14085,888,cifar10,91.91,89.65,200,716576,2931245
12808,888,cifar10,92.69,91.95,200,973840,3798261
5524,888,cifar10,89.05,88.83,200,979632,3801395
11700,888,cifar10,91.66,90.52,200,522064,1853475
715,888,cifar10,89.5,88.47,200,250640,955093
14615,888,cifar10,84.68,75.94,200,462608,1622993
11462,888,cifar10,92.21,92.09,200,924000,3791277
11393,888,cifar10,82.49,63.37,200,451104,1665661
12273,888,cifar10,89.06,16.73,200,498032,1829261
13523,888,cifar10,85.96,81.96,200,242672,980187
13264,888,cifar10,92.23,92.06,200,501568,1829261
1443,888,cifar10,91.35,90.73,200,495760,1869253
10543,888,cifar10,86.25,38.84,200,228960,762833
2825,888,cifar10,91.05,90.55,200,515024,1833745
13922,888,cifar10,92.95,92.79,200,748256,2938101
14650,888,cifar10,91.16,89.98,200,518608,1853475
13127,888,cifar10,93.54,93.68,200,1003920,4004273
2184,888,cifar10,88.54,87.36,200,456288,1645821
12015,888,cifar10,92.97,92.72,200,809808,3368443
2537,888,cifar10,91.67,91.67,200,436960,1603273
1886,888,cifar10,93.15,48.65,200,1013536,4025339
13448,888,cifar10,92.36,92.27,200,492208,1847139
528,888,cifar10,86.94,61.96,200,462368,1881001
13972,888,cifar10,88.8,88.2,200,298304,993379
11262,888,cifar10,91.97,91.73,200,459088,1629649
13206,888,cifar10,90.71,88.65,200,450112,1640871
13361,888,cifar10,89.07,10.16,200,402800,1654723
12440,888,cifar10,92.01,91.66,200,452560,1815621
11753,888,cifar10,91.86,90.78,200,536864,2102667
94,888,cifar10,87.41,74.12,0,244848,971200
12742,888,cifar10,91.03,88.09,200,457760,1640871
1619,888,cifar10,93.26,93.12,200,1178240,4854234
10427,888,cifar10,91.24,89.88,200,673120,2700443
12984,888,cifar10,87.68,53.5,200,687952,2749767
10900,888,cifar10,86.68,50.38,200,504144,1853539
11115,888,cifar10,92.5,92.49,200,778240,3151409
12150,888,cifar10,10.0,10.0,200,538992,2066399
11818,888,cifar10,86.43,66.11,200,228432,780647
1986,888,cifar10,91.98,91.74,200,471024,1837860
14238,888,cifar10,90.98,84.69,200,470704,1889543
12500,888,cifar10,92.38,92.2,200,989936,4004785
11299,888,cifar10,93.42,93.31,200,729584,2906455
10728,888,cifar10,90.56,90.27,200,749872,2938165
12095,888,cifar10,88.9,88.2,200,213920,738171
14456,888,cifar10,92.79,91.96,200,1000464,4029511
12901,888,cifar10,91.73,90.3,200,543856,2078005
12371,888,cifar10,90.67,88.38,200,953632,3840729
11058,888,cifar10,91.8,91.74,200,419136,1597435
10645,888,cifar10,81.97,76.68,200,290992,1017977
14356,888,cifar10,92.95,92.58,200,740672,2938165
13634,888,cifar10,80.77,37.57,200,172736,532028
14544,888,cifar10,86.01,85.8,200,217744,787367
11630,888,cifar10,88.25,86.89,200,507280,1878521
14176,888,cifar10,87.43,84.81,200,292208,1018361
10804,888,cifar10,92.06,91.66,200,987680,4022655
11965,888,cifar10,75.15,63.01,200,188000,563218
11176,888,cifar10,91.99,91.91,200,705696,2689421
608,888,cifar10,87.9,23.73,200,714800,2731217
12277,888,cifar10,88.78,84.69,200,270384,1011641
13075,888,cifar10,91.81,91.3,200,952608,3816003
12606,888,cifar10,93.53,92.97,200,1051584,4459725
1058,888,cifar10,93.09,85.0,200,1242208,4861025
11763,888,cifar10,69.73,13.24,200,172528,574568
11267,888,cifar10,92.35,92.04,200,666496,2675781
11568,888,cifar10,91.39,90.97,200,971824,3822603
12839,888,cifar10,93.56,93.33,200,748032,3162303
11465,888,cifar10,93.64,93.49,200,973872,3773535
12021,888,cifar10,90.46,89.78,200,313136,1217141
13978,888,cifar10,88.84,86.26,200,263216,1011449
13524,888,cifar10,91.14,89.68,200,566000,2077941
11002,888,cifar10,84.8,80.21,200,436896,1647143
11701,888,cifar10,90.05,89.57,200,252560,962509
12995,888,cifar10,87.19,85.3,200,230448,762833
11838,888,cifar10,73.75,30.24,200,181008,556562
11899,888,cifar10,92.04,91.83,200,1033536,4235587
11408,888,cifar10,90.3,87.47,200,540752,2326421
13794,888,cifar10,91.19,90.9,200,490448,1853475
10432,888,cifar10,82.27,24.25,200,291472,1011641
13381,888,cifar10,92.62,92.38,200,719920,2913311
13457,888,cifar10,92.26,91.85,200,746816,2962763
13128,888,cifar10,92.28,90.52,200,959648,4022591
14096,888,cifar10,90.51,90.09,200,507408,1835789
10959,888,cifar10,88.95,10.95,200,496640,1835981
10736,888,cifar10,88.84,88.28,200,244096,769489
13717,888,cifar10,92.56,92.44,200,836560,3599565
12912,888,cifar10,76.07,63.2,200,222816,762769
11124,888,cifar10,92.68,92.47,200,715648,2906455
13267,888,cifar10,73.87,24.24,200,715440,2731897
13207,888,cifar10,89.51,71.28,200,734400,2980633
14367,888,cifar10,92.0,91.94,200,487008,1829261
12443,888,cifar10,88.58,88.07,200,256032,1011641
14620,888,cifar10,92.9,92.58,200,798608,3169159
12375,888,cifar10,92.09,90.73,200,514784,2070957
14286,888,cifar10,90.4,72.36,200,707088,2931181
11300,888,cifar10,93.35,81.4,200,759008,2913567
14551,888,cifar10,90.95,90.77,200,520928,1878393
10556,888,cifar10,92.43,91.91,200,599984,2532817
11067,888,cifar10,86.19,85.9,200,210608,744763
13927,888,cifar10,91.31,90.38,200,522608,2095619
10654,888,cifar10,92.8,92.86,200,986592,4022591
11967,888,cifar10,91.01,90.64,200,493264,1871929
13635,888,cifar10,80.48,74.33,200,238288,812029
11276,888,cifar10,84.65,48.46,200,467536,1647527
12743,888,cifar10,88.94,83.77,200,311264,1260249
11636,888,cifar10,91.97,50.79,200,972656,3798261
13078,888,cifar10,10.0,10.0,200,504512,1860387
12513,888,cifar10,88.53,88.18,200,426608,1591355
12618,888,cifar10,92.65,92.34,200,745344,2938229
11765,888,cifar10,89.18,85.88,200,248176,780583
12850,888,cifar10,87.9,82.13,200,309792,1199967
11576,888,cifar10,88.74,81.67,200,287616,1011385
12157,888,cifar10,89.41,78.34,200,304368,1260313
10816,888,cifar10,91.86,29.79,200,1216096,4889927
12099,888,cifar10,92.69,92.39,200,599888,2532817
11909,888,cifar10,90.67,89.5,200,490480,1853475
12030,888,cifar10,91.24,14.52,200,785296,2920351
11422,888,cifar10,92.17,92.0,200,741040,2913503
13458,888,cifar10,89.51,10.0,200,505488,2070957
14468,888,cifar10,92.81,92.51,200,755824,3137577
11493,888,cifar10,91.12,88.74,200,939920,3816003
12278,888,cifar10,92.39,92.13,200,730496,2732089
11707,888,cifar10,88.76,88.19,200,224176,769489
11191,888,cifar10,92.08,91.52,200,939360,3816003
10439,888,cifar10,93.8,93.75,200,964544,3997737
11863,888,cifar10,92.07,91.6,200,972400,4022655
12445,888,cifar10,86.29,30.51,200,234064,769489
13532,888,cifar10,93.39,93.19,200,1004720,4253521
14178,888,cifar10,92.58,12.49,200,1004256,4004785
10960,888,cifar10,91.84,91.53,200,756576,2938037
11009,888,cifar10,92.93,92.11,200,1017920,4253329
13979,888,cifar10,92.93,92.77,200,483856,1847139
12376,888,cifar10,88.98,88.59,200,323552,1206559
11128,888,cifar10,93.19,92.85,200,755152,2937973
11301,888,cifar10,90.42,90.05,200,348544,1424241
13132,888,cifar10,93.15,92.95,200,1223776,5088763
14558,888,cifar10,90.26,89.77,200,318096,1217845
13209,888,cifar10,81.85,75.93,200,501808,1896399
13382,888,cifar10,93.04,92.76,200,1245088,5113553
10587,888,cifar10,84.73,76.27,200,688144,2731961
13639,888,cifar10,89.06,11.16,200,274848,975629
13002,888,cifar10,91.13,90.2,200,541696,2084661
11639,888,cifar10,89.45,88.49,200,260640,1186135
14294,888,cifar10,93.23,93.08,200,792608,3144241
11284,888,cifar10,90.24,88.21,200,457840,1640871
12181,888,cifar10,10.0,10.0,200,195760,751483
12859,888,cifar10,75.4,62.3,200,192064,563218
14622,888,cifar10,92.94,92.69,200,789648,3393361
11069,888,cifar10,67.49,35.06,200,198672,563218
11972,888,cifar10,91.52,90.86,200,320112,1217781
13730,888,cifar10,91.07,89.64,200,444208,1647207
10669,888,cifar10,85.43,65.6,200,294896,1036175
11917,888,cifar10,80.19,21.32,200,198512,556562
13272,888,cifar10,75.67,64.75,200,232672,769489
13843,888,cifar10,92.75,92.77,200,773424,3162367
12038,888,cifar10,89.22,88.56,200,277888,1186135
12758,888,cifar10,92.52,92.07,200,740272,2938037
14106,888,cifar10,92.41,63.28,200,775792,2944885
14383,888,cifar10,73.73,18.19,200,487440,1871801
12627,888,cifar10,93.33,93.23,200,731760,2913567
12919,888,cifar10,93.04,93.02,200,1242032,5088763
10824,888,cifar10,91.25,90.1,200,509696,1853667
13080,888,cifar10,75.61,59.38,200,175072,538684
10739,888,cifar10,93.35,92.86,200,1219792,5113681
11424,888,cifar10,91.81,24.34,200,704848,2695629
11010,888,cifar10,89.14,88.47,200,241680,756113
11584,888,cifar10,93.79,93.66,200,971072,3997737
13538,888,cifar10,92.05,91.79,200,418368,1597883
11769,888,cifar10,92.87,92.35,200,777216,2944949
11197,888,cifar10,85.01,42.85,200,228320,805501
11868,888,cifar10,10.0,10.0,200,440896,1636241
13468,888,cifar10,88.68,38.08,200,324112,1217845
12108,888,cifar10,91.7,68.3,200,553104,2084405
12518,888,cifar10,92.97,92.9,200,745008,2913055
13392,888,cifar10,79.04,44.53,200,199728,749193
12391,888,cifar10,91.99,91.97,200,491344,1829261
13932,888,cifar10,90.74,89.23,200,534448,2302143
14471,888,cifar10,10.0,10.0,200,201616,758203
12285,888,cifar10,91.0,89.16,200,710512,2955715
12449,888,cifar10,91.6,91.35,200,586176,2284273
13648,888,cifar10,85.98,66.6,200,231088,780583
10962,888,cifar10,87.0,20.79,200,461280,1889223
11514,888,cifar10,92.82,92.33,200,972496,4022655
11314,888,cifar10,87.07,46.01,200,460336,1864625
11136,888,cifar10,91.42,90.38,200,543824,2078005
11285,888,cifar10,81.05,75.17,200,263024,993379
10604,888,cifar10,91.88,16.66,200,488336,1860387
11974,888,cifar10,88.41,10.58,200,285408,986403
13133,888,cifar10,92.12,92.21,200,754496,2944821
11071,888,cifar10,91.08,90.71,200,722512,2695949
11708,888,cifar10,88.17,21.58,200,537056,2059871
14565,888,cifar10,88.89,88.71,200,801424,3151153
12195,888,cifar10,88.67,88.42,200,230176,762833
14631,888,cifar10,88.85,24.23,200,486064,1889351
10455,888,cifar10,71.68,20.87,200,211152,822987
13217,888,cifar10,91.28,14.93,200,798448,3168967
14300,888,cifar10,91.92,91.94,200,767728,2944501
12861,888,cifar10,92.28,90.62,200,542416,2302207
10692,888,cifar10,89.27,88.61,200,305760,1018297
13009,888,cifar10,91.66,91.2,200,797088,3169159
10741,888,cifar10,84.22,66.14,200,228448,780711
14179,888,cifar10,86.64,73.97,200,246576,805245
13281,888,cifar10,50.47,10.0,200,173536,592246
11918,888,cifar10,92.32,91.88,200,763248,2938229
14405,888,cifar10,89.44,14.41,200,560784,2084725
12044,888,cifar10,91.55,91.08,200,736032,2955843
14014,888,cifar10,91.96,91.4,200,548528,2102795
11642,888,cifar10,88.19,87.18,200,507280,1878329
11427,888,cifar10,92.23,91.62,200,713744,2931117
12931,888,cifar10,89.91,85.76,200,710512,2955907
12527,888,cifar10,79.1,39.63,200,242096,805373
10844,888,cifar10,93.1,92.77,200,790224,3144177
11776,888,cifar10,88.88,88.59,200,538288,2060127
12121,888,cifar10,92.08,91.72,200,517952,2277417
10973,888,cifar10,79.78,28.4,200,424192,1633951
14571,888,cifar10,62.67,25.89,200,150944,518388
11588,888,cifar10,90.71,87.3,200,351264,1466325
12458,888,cifar10,90.98,91.19,200,443952,1629649
12766,888,cifar10,82.1,38.49,200,456848,1889479
13396,888,cifar10,92.32,91.85,200,556016,2102667
12637,888,cifar10,79.35,45.75,200,483216,1647655
13085,888,cifar10,90.09,83.99,200,471648,1889543
13736,888,cifar10,92.27,91.9,200,570368,2308999
13479,888,cifar10,92.34,91.65,200,972368,4022655
10712,888,cifar10,67.95,17.8,200,166144,525372
13855,888,cifar10,91.5,88.83,200,700528,2931117
13543,888,cifar10,92.02,91.48,200,535936,2077941
13651,888,cifar10,92.07,81.46,200,574560,2084213
11089,888,cifar10,89.04,86.63,200,288624,1011641
11137,888,cifar10,91.18,89.57,200,498608,1871737
11317,888,cifar10,52.79,10.0,200,173504,592246
11869,888,cifar10,89.69,87.48,200,293168,1235395
14479,888,cifar10,90.61,89.92,200,323648,1199583
13152,888,cifar10,88.23,10.37,200,741872,2920415
11986,888,cifar10,92.32,91.97,200,764640,2938229
11016,888,cifar10,92.29,92.05,200,797024,3169159
14115,888,cifar10,92.11,91.88,200,768208,3186837
11198,888,cifar10,93.38,93.41,200,960640,3779807
13299,888,cifar10,91.11,90.87,200,433888,1622993
14633,888,cifar10,92.65,92.55,200,755904,3137577
10849,888,cifar10,78.58,33.03,200,207888,773855
13937,888,cifar10,86.41,51.05,200,469312,1889415
12295,888,cifar10,93.6,93.51,200,699952,2688909
14305,888,cifar10,91.27,73.35,200,540560,2084405
13225,888,cifar10,93.2,93.06,200,815488,3144497
13010,888,cifar10,90.6,89.31,200,743120,2738553
11921,888,cifar10,90.92,89.46,200,701872,2731833
14414,888,cifar10,91.41,89.24,200,497184,1871929
11431,888,cifar10,85.43,48.95,200,453872,1640743
12397,888,cifar10,92.25,74.76,200,976736,3804213
11516,888,cifar10,90.04,87.55,200,500096,1871353
10751,888,cifar10,89.5,85.88,200,549152,2102603
12534,888,cifar10,91.75,91.38,200,522048,1853539
11661,888,cifar10,92.34,92.12,200,499968,2071021
11608,888,cifar10,90.8,90.41,200,458256,1622993
12198,888,cifar10,92.85,92.21,200,533072,2078005
14577,888,cifar10,76.01,12.55,200,278768,993379
12638,888,cifar10,92.41,92.21,200,507136,2070893
11786,888,cifar10,90.82,90.03,200,556832,2102795
11711,888,cifar10,93.65,93.55,200,981312,3997737
12774,888,cifar10,92.05,90.77,200,525792,2077877
11875,888,cifar10,58.53,10.0,200,202544,574568
11033,888,cifar10,88.99,88.6,200,226128,762769
12045,888,cifar10,93.22,92.84,200,1245552,5113489
13089,888,cifar10,91.39,90.86,200,501392,1878585
13402,888,cifar10,93.48,93.25,200,951088,3997801
14029,888,cifar10,93.58,93.29,200,1266512,5319885
12139,888,cifar10,90.59,90.25,200,272640,986979
12863,888,cifar10,91.59,91.42,200,1026560,4011697
14311,888,cifar10,10.0,10.0,200,192400,744827
14185,888,cifar10,91.9,91.74,200,600352,2532945
11325,888,cifar10,56.3,12.34,200,203424,574568
14635,888,cifar10,87.81,82.3,200,446048,1840283
13305,888,cifar10,88.56,87.97,200,493520,1835789
13159,888,cifar10,89.21,24.64,200,502640,1853539
11139,888,cifar10,92.15,91.3,200,608992,2291313
13544,888,cifar10,91.64,59.47,200,964336,3804917
10974,888,cifar10,90.66,19.48,200,1028544,4011697
13485,888,cifar10,90.85,88.92,200,450368,1623057
12933,888,cifar10,92.84,92.8,200,986240,3997737
11199,888,cifar10,93.29,92.86,200,774800,3144561
13238,888,cifar10,88.72,30.65,200,499008,1847203
13862,888,cifar10,89.3,88.81,200,440336,1665597
13033,888,cifar10,91.03,89.48,200,683296,2724849
12300,888,cifar10,92.56,72.95,200,546752,2059423
13738,888,cifar10,89.8,88.32,200,541776,2084917
11521,888,cifar10,89.76,73.98,200,698272,2749575
12412,888,cifar10,84.91,80.25,200,685504,2774045
14589,888,cifar10,86.61,86.42,200,436912,1604859
12213,888,cifar10,91.96,46.81,200,545104,2053407
12665,888,cifar10,80.66,26.0,200,441408,1623057
13688,888,cifar10,92.69,91.5,200,757376,3162367
11663,888,cifar10,76.37,15.89,200,229152,762897
12874,888,cifar10,90.18,88.75,200,281184,1011705
12551,888,cifar10,92.53,91.98,200,491008,1847139
13164,888,cifar10,85.84,83.39,200,252480,769489
14116,888,cifar10,92.6,92.45,200,813216,3368443
13092,888,cifar10,92.39,91.34,200,570688,2308935
14491,888,cifar10,93.16,92.67,200,1017792,4253265
13950,888,cifar10,92.94,92.72,200,993952,4022655
14032,888,cifar10,88.78,10.0,200,586096,2291377
11926,888,cifar10,92.34,92.27,200,763680,3162303
14418,888,cifar10,93.46,93.22,200,1203264,4857897
13311,888,cifar10,88.46,71.89,200,531920,1878521
12941,888,cifar10,75.94,57.95,200,200800,581224
12777,888,cifar10,90.54,46.86,200,278832,993507
11730,888,cifar10,91.52,91.68,200,496048,1853091
13571,888,cifar10,91.44,90.59,200,762352,2962507
14191,888,cifar10,91.34,89.74,200,695088,2707363
14636,888,cifar10,90.18,81.5,200,504896,1896399
14333,888,cifar10,92.58,55.15,200,1263040,5095427
13883,888,cifar10,92.06,91.95,200,475664,1853411
14424,888,cifar10,86.71,66.65,200,259776,1004529
14042,888,cifar10,91.75,91.35,200,508128,1871801
12564,888,cifar10,92.81,92.67,200,759776,3162431
13741,888,cifar10,93.38,93.23,200,948880,3791277
13954,888,cifar10,89.85,88.83,200,226096,744763
14120,888,cifar10,68.61,19.68,200,241200,787303
14514,888,cifar10,92.01,91.38,200,498448,2046295
13887,888,cifar10,89.19,88.58,200,190464,738107
14204,888,cifar10,92.94,92.84,200,533856,2277353
13749,888,cifar10,92.25,92.3,200,502720,1847139
14122,888,cifar10,90.86,88.99,200,448224,1622929
13955,888,cifar10,92.76,92.1,200,753728,2937909
14527,888,cifar10,86.69,86.3,200,495968,1853539
13889,888,cifar10,92.12,92.05,200,443952,1622929
14211,888,cifar10,75.87,27.87,200,770304,2944885
13755,888,cifar10,93.6,93.42,200,707104,2689421
14136,888,cifar10,67.89,19.2,200,470528,1672189
14529,888,cifar10,90.8,88.81,200,483152,1847139
13959,888,cifar10,92.24,92.15,200,572704,2284273
14213,888,cifar10,89.44,41.99,200,546576,2083893
4461,888,cifar10,87.45,82.22,200,220896,754595
5144,888,cifar10,93.07,92.52,200,550416,2074739
7045,888,cifar10,89.85,89.4,200,190432,730557
8399,888,cifar10,93.14,92.71,200,991200,4045030
